
/home/andrea/doc/raspberry/Freenove_Basic_Starter_Kit_for_Raspberry_Pi_Pico-main/C/freertos-pico/blink/build/blink.elf:     file format elf32-littlearm

Sections:
Idx Name          Size      VMA       LMA       File off  Algn
  0 .boot2        00000100  10000000  10000000  00001000  2**0
                  CONTENTS, ALLOC, LOAD, READONLY, CODE
  1 .text         00004d10  10000100  10000100  00001100  2**4
                  CONTENTS, ALLOC, LOAD, READONLY, CODE
  2 .rodata       00000150  10004e10  10004e10  00005e10  2**2
                  CONTENTS, ALLOC, LOAD, READONLY, DATA
  3 .binary_info  0000001c  10004f60  10004f60  00005f60  2**2
                  CONTENTS, ALLOC, LOAD, READONLY, DATA
  4 .ram_vector_table 000000c0  20000000  20000000  00007000  2**2
                  ALLOC
  5 .uninitialized_data 00000000  200000c0  200000c0  00006218  2**0
                  CONTENTS
  6 .data         00000158  200000c0  10004f7c  000060c0  2**4
                  CONTENTS, ALLOC, LOAD, READONLY, CODE
  7 .tdata        00000000  20000218  20000218  00006218  2**0
                  CONTENTS, ALLOC, LOAD, DATA, THREAD_LOCAL
  8 .tbss         00000000  20000218  20000218  00000000  2**0
                  ALLOC, THREAD_LOCAL
  9 .bss          0002096c  20000218  100050d4  00006218  2**3
                  ALLOC
 10 .heap         00000800  20020b84  20020b84  00006218  2**2
                  CONTENTS, READONLY
 11 .scratch_x    00000000  20040000  20040000  00006a18  2**0
                  CONTENTS
 12 .scratch_y    00000000  20041000  20041000  00006a18  2**0
                  CONTENTS
 13 .stack1_dummy 00000800  20040000  20040000  00007000  2**2
                  ALLOC
 14 .stack_dummy  00000800  20041000  20041000  00006a20  2**5
                  CONTENTS, READONLY
 15 .ARM.attributes 00000028  00000000  00000000  00007220  2**0
                  CONTENTS, READONLY
 16 .comment      00000046  00000000  00000000  00007248  2**0
                  CONTENTS, READONLY
 17 .debug_info   0003314c  00000000  00000000  0000728e  2**0
                  CONTENTS, READONLY, DEBUGGING, OCTETS
 18 .debug_abbrev 00007584  00000000  00000000  0003a3da  2**0
                  CONTENTS, READONLY, DEBUGGING, OCTETS
 19 .debug_loclists 0001e50d  00000000  00000000  0004195e  2**0
                  CONTENTS, READONLY, DEBUGGING, OCTETS
 20 .debug_aranges 000016a0  00000000  00000000  0005fe70  2**3
                  CONTENTS, READONLY, DEBUGGING, OCTETS
 21 .debug_rnglists 0000476f  00000000  00000000  00061510  2**0
                  CONTENTS, READONLY, DEBUGGING, OCTETS
 22 .debug_line   0002c9fd  00000000  00000000  00065c7f  2**0
                  CONTENTS, READONLY, DEBUGGING, OCTETS
 23 .debug_str    000085b4  00000000  00000000  0009267c  2**0
                  CONTENTS, READONLY, DEBUGGING, OCTETS
 24 .debug_frame  00003144  00000000  00000000  0009ac30  2**2
                  CONTENTS, READONLY, DEBUGGING, OCTETS
 25 .debug_line_str 000004ed  00000000  00000000  0009dd74  2**0
                  CONTENTS, READONLY, DEBUGGING, OCTETS

/home/andrea/doc/raspberry/Freenove_Basic_Starter_Kit_for_Raspberry_Pi_Pico-main/C/freertos-pico/blink/build/blink.elf:     file format elf32-littlearm


Disassembly of section .boot2:

10000000 <__boot2_start__>:
10000000:	4b32b500 	.word	0x4b32b500
10000004:	60582021 	.word	0x60582021
10000008:	21026898 	.word	0x21026898
1000000c:	60984388 	.word	0x60984388
10000010:	611860d8 	.word	0x611860d8
10000014:	4b2e6158 	.word	0x4b2e6158
10000018:	60992100 	.word	0x60992100
1000001c:	61592102 	.word	0x61592102
10000020:	22f02101 	.word	0x22f02101
10000024:	492b5099 	.word	0x492b5099
10000028:	21016019 	.word	0x21016019
1000002c:	20356099 	.word	0x20356099
10000030:	f844f000 	.word	0xf844f000
10000034:	42902202 	.word	0x42902202
10000038:	2106d014 	.word	0x2106d014
1000003c:	f0006619 	.word	0xf0006619
10000040:	6e19f834 	.word	0x6e19f834
10000044:	66192101 	.word	0x66192101
10000048:	66182000 	.word	0x66182000
1000004c:	f000661a 	.word	0xf000661a
10000050:	6e19f82c 	.word	0x6e19f82c
10000054:	6e196e19 	.word	0x6e196e19
10000058:	f0002005 	.word	0xf0002005
1000005c:	2101f82f 	.word	0x2101f82f
10000060:	d1f94208 	.word	0xd1f94208
10000064:	60992100 	.word	0x60992100
10000068:	6019491b 	.word	0x6019491b
1000006c:	60592100 	.word	0x60592100
10000070:	481b491a 	.word	0x481b491a
10000074:	21016001 	.word	0x21016001
10000078:	21eb6099 	.word	0x21eb6099
1000007c:	21a06619 	.word	0x21a06619
10000080:	f0006619 	.word	0xf0006619
10000084:	2100f812 	.word	0x2100f812
10000088:	49166099 	.word	0x49166099
1000008c:	60014814 	.word	0x60014814
10000090:	60992101 	.word	0x60992101
10000094:	2800bc01 	.word	0x2800bc01
10000098:	4700d000 	.word	0x4700d000
1000009c:	49134812 	.word	0x49134812
100000a0:	c8036008 	.word	0xc8036008
100000a4:	8808f380 	.word	0x8808f380
100000a8:	b5034708 	.word	0xb5034708
100000ac:	20046a99 	.word	0x20046a99
100000b0:	d0fb4201 	.word	0xd0fb4201
100000b4:	42012001 	.word	0x42012001
100000b8:	bd03d1f8 	.word	0xbd03d1f8
100000bc:	6618b502 	.word	0x6618b502
100000c0:	f7ff6618 	.word	0xf7ff6618
100000c4:	6e18fff2 	.word	0x6e18fff2
100000c8:	bd026e18 	.word	0xbd026e18
100000cc:	40020000 	.word	0x40020000
100000d0:	18000000 	.word	0x18000000
100000d4:	00070000 	.word	0x00070000
100000d8:	005f0300 	.word	0x005f0300
100000dc:	00002221 	.word	0x00002221
100000e0:	180000f4 	.word	0x180000f4
100000e4:	a0002022 	.word	0xa0002022
100000e8:	10000100 	.word	0x10000100
100000ec:	e000ed08 	.word	0xe000ed08
	...
100000fc:	7a4eb274 	.word	0x7a4eb274

Disassembly of section .text:

10000100 <__VECTOR_TABLE>:
10000100:	20042000 	.word	0x20042000
10000104:	100001f7 	.word	0x100001f7
10000108:	100001c3 	.word	0x100001c3
1000010c:	100001c5 	.word	0x100001c5
10000110:	100001c1 	.word	0x100001c1
10000114:	100001c1 	.word	0x100001c1
10000118:	100001c1 	.word	0x100001c1
1000011c:	100001c1 	.word	0x100001c1
10000120:	100001c1 	.word	0x100001c1
10000124:	100001c1 	.word	0x100001c1
10000128:	100001c1 	.word	0x100001c1
1000012c:	100001c7 	.word	0x100001c7
10000130:	100001c1 	.word	0x100001c1
10000134:	100001c1 	.word	0x100001c1
10000138:	100001c9 	.word	0x100001c9
1000013c:	100001cb 	.word	0x100001cb
10000140:	100001cd 	.word	0x100001cd
10000144:	100001cd 	.word	0x100001cd
10000148:	100001cd 	.word	0x100001cd
1000014c:	100001cd 	.word	0x100001cd
10000150:	100001cd 	.word	0x100001cd
10000154:	100001cd 	.word	0x100001cd
10000158:	100001cd 	.word	0x100001cd
1000015c:	100001cd 	.word	0x100001cd
10000160:	100001cd 	.word	0x100001cd
10000164:	100001cd 	.word	0x100001cd
10000168:	100001cd 	.word	0x100001cd
1000016c:	100001cd 	.word	0x100001cd
10000170:	100001cd 	.word	0x100001cd
10000174:	100001cd 	.word	0x100001cd
10000178:	100001cd 	.word	0x100001cd
1000017c:	100001cd 	.word	0x100001cd
10000180:	100001cd 	.word	0x100001cd
10000184:	100001cd 	.word	0x100001cd
10000188:	100001cd 	.word	0x100001cd
1000018c:	100001cd 	.word	0x100001cd
10000190:	100001cd 	.word	0x100001cd
10000194:	100001cd 	.word	0x100001cd
10000198:	100001cd 	.word	0x100001cd
1000019c:	100001cd 	.word	0x100001cd
100001a0:	100001cd 	.word	0x100001cd
100001a4:	100001cd 	.word	0x100001cd
100001a8:	100001cd 	.word	0x100001cd
100001ac:	100001cd 	.word	0x100001cd
100001b0:	100001cd 	.word	0x100001cd
100001b4:	100001cd 	.word	0x100001cd
100001b8:	100001cd 	.word	0x100001cd
100001bc:	100001cd 	.word	0x100001cd

100001c0 <isr_invalid>:
100001c0:	be00      	bkpt	0x0000

100001c2 <isr_nmi>:
100001c2:	be00      	bkpt	0x0000

100001c4 <isr_hardfault>:
100001c4:	be00      	bkpt	0x0000

100001c6 <isr_svcall>:
100001c6:	be00      	bkpt	0x0000

100001c8 <isr_pendsv>:
100001c8:	be00      	bkpt	0x0000

100001ca <isr_systick>:
100001ca:	be00      	bkpt	0x0000

100001cc <__unhandled_user_irq>:
100001cc:	f3ef 8005 	mrs	r0, IPSR
100001d0:	3810      	subs	r0, #16

100001d2 <unhandled_user_irq_num_in_r0>:
100001d2:	be00      	bkpt	0x0000

100001d4 <binary_info_header>:
100001d4:	7188ebf2 	.word	0x7188ebf2
100001d8:	10004f60 	.word	0x10004f60
100001dc:	10004f7c 	.word	0x10004f7c
100001e0:	10000238 	.word	0x10000238
100001e4:	e71aa390 	.word	0xe71aa390

100001e8 <_entry_point>:
100001e8:	481e      	ldr	r0, [pc, #120]	@ (10000264 <data_cpy_table+0x2c>)

100001ea <_enter_vtable_in_r0>:
100001ea:	491f      	ldr	r1, [pc, #124]	@ (10000268 <data_cpy_table+0x30>)
100001ec:	6008      	str	r0, [r1, #0]
100001ee:	c806      	ldmia	r0!, {r1, r2}
100001f0:	f381 8808 	msr	MSP, r1
100001f4:	4710      	bx	r2

100001f6 <_reset_handler>:
100001f6:	481d      	ldr	r0, [pc, #116]	@ (1000026c <data_cpy_table+0x34>)
100001f8:	6800      	ldr	r0, [r0, #0]
100001fa:	2800      	cmp	r0, #0
100001fc:	d001      	beq.n	10000202 <hold_non_core0_in_bootrom+0x4>

100001fe <hold_non_core0_in_bootrom>:
100001fe:	4819      	ldr	r0, [pc, #100]	@ (10000264 <data_cpy_table+0x2c>)
10000200:	e7f3      	b.n	100001ea <_enter_vtable_in_r0>
10000202:	a40d      	add	r4, pc, #52	@ (adr r4, 10000238 <data_cpy_table>)
10000204:	cc0e      	ldmia	r4!, {r1, r2, r3}
10000206:	2900      	cmp	r1, #0
10000208:	d002      	beq.n	10000210 <hold_non_core0_in_bootrom+0x12>
1000020a:	f000 f812 	bl	10000232 <data_cpy>
1000020e:	e7f9      	b.n	10000204 <hold_non_core0_in_bootrom+0x6>
10000210:	4917      	ldr	r1, [pc, #92]	@ (10000270 <data_cpy_table+0x38>)
10000212:	4a18      	ldr	r2, [pc, #96]	@ (10000274 <data_cpy_table+0x3c>)
10000214:	2000      	movs	r0, #0
10000216:	e000      	b.n	1000021a <bss_fill_test>

10000218 <bss_fill_loop>:
10000218:	c101      	stmia	r1!, {r0}

1000021a <bss_fill_test>:
1000021a:	4291      	cmp	r1, r2
1000021c:	d1fc      	bne.n	10000218 <bss_fill_loop>

1000021e <platform_entry>:
1000021e:	4916      	ldr	r1, [pc, #88]	@ (10000278 <data_cpy_table+0x40>)
10000220:	4788      	blx	r1
10000222:	4916      	ldr	r1, [pc, #88]	@ (1000027c <data_cpy_table+0x44>)
10000224:	4788      	blx	r1
10000226:	4916      	ldr	r1, [pc, #88]	@ (10000280 <data_cpy_table+0x48>)
10000228:	4788      	blx	r1
1000022a:	be00      	bkpt	0x0000
1000022c:	e7fd      	b.n	1000022a <platform_entry+0xc>

1000022e <data_cpy_loop>:
1000022e:	c901      	ldmia	r1!, {r0}
10000230:	c201      	stmia	r2!, {r0}

10000232 <data_cpy>:
10000232:	429a      	cmp	r2, r3
10000234:	d3fb      	bcc.n	1000022e <data_cpy_loop>
10000236:	4770      	bx	lr

10000238 <data_cpy_table>:
10000238:	10004f7c 	.word	0x10004f7c
1000023c:	200000c0 	.word	0x200000c0
10000240:	20000218 	.word	0x20000218
10000244:	100050d4 	.word	0x100050d4
10000248:	20040000 	.word	0x20040000
1000024c:	20040000 	.word	0x20040000
10000250:	100050d4 	.word	0x100050d4
10000254:	20041000 	.word	0x20041000
10000258:	20041000 	.word	0x20041000
1000025c:	00000000 	.word	0x00000000
10000260:	4770      	bx	lr
10000262:	0000      	.short	0x0000
10000264:	00000000 	.word	0x00000000
10000268:	e000ed08 	.word	0xe000ed08
1000026c:	d0000000 	.word	0xd0000000
10000270:	20000218 	.word	0x20000218
10000274:	20020b84 	.word	0x20020b84
10000278:	10001789 	.word	0x10001789
1000027c:	1000033d 	.word	0x1000033d
10000280:	10001781 	.word	0x10001781

10000284 <_init>:
10000284:	b5f8      	push	{r3, r4, r5, r6, r7, lr}
10000286:	46c0      	nop			@ (mov r8, r8)

10000288 <deregister_tm_clones>:
10000288:	4804      	ldr	r0, [pc, #16]	@ (1000029c <deregister_tm_clones+0x14>)
1000028a:	4b05      	ldr	r3, [pc, #20]	@ (100002a0 <deregister_tm_clones+0x18>)
1000028c:	b510      	push	{r4, lr}
1000028e:	4283      	cmp	r3, r0
10000290:	d003      	beq.n	1000029a <deregister_tm_clones+0x12>
10000292:	4b04      	ldr	r3, [pc, #16]	@ (100002a4 <deregister_tm_clones+0x1c>)
10000294:	2b00      	cmp	r3, #0
10000296:	d000      	beq.n	1000029a <deregister_tm_clones+0x12>
10000298:	4798      	blx	r3
1000029a:	bd10      	pop	{r4, pc}
1000029c:	20000218 	.word	0x20000218
100002a0:	20000218 	.word	0x20000218
100002a4:	00000000 	.word	0x00000000

100002a8 <register_tm_clones>:
100002a8:	4806      	ldr	r0, [pc, #24]	@ (100002c4 <register_tm_clones+0x1c>)
100002aa:	4907      	ldr	r1, [pc, #28]	@ (100002c8 <register_tm_clones+0x20>)
100002ac:	1a09      	subs	r1, r1, r0
100002ae:	108b      	asrs	r3, r1, #2
100002b0:	0fc9      	lsrs	r1, r1, #31
100002b2:	18c9      	adds	r1, r1, r3
100002b4:	b510      	push	{r4, lr}
100002b6:	1049      	asrs	r1, r1, #1
100002b8:	d003      	beq.n	100002c2 <register_tm_clones+0x1a>
100002ba:	4b04      	ldr	r3, [pc, #16]	@ (100002cc <register_tm_clones+0x24>)
100002bc:	2b00      	cmp	r3, #0
100002be:	d000      	beq.n	100002c2 <register_tm_clones+0x1a>
100002c0:	4798      	blx	r3
100002c2:	bd10      	pop	{r4, pc}
100002c4:	20000218 	.word	0x20000218
100002c8:	20000218 	.word	0x20000218
100002cc:	00000000 	.word	0x00000000

100002d0 <__do_global_dtors_aux>:
100002d0:	b510      	push	{r4, lr}
100002d2:	4c07      	ldr	r4, [pc, #28]	@ (100002f0 <__do_global_dtors_aux+0x20>)
100002d4:	7823      	ldrb	r3, [r4, #0]
100002d6:	2b00      	cmp	r3, #0
100002d8:	d109      	bne.n	100002ee <__do_global_dtors_aux+0x1e>
100002da:	f7ff ffd5 	bl	10000288 <deregister_tm_clones>
100002de:	4b05      	ldr	r3, [pc, #20]	@ (100002f4 <__do_global_dtors_aux+0x24>)
100002e0:	2b00      	cmp	r3, #0
100002e2:	d002      	beq.n	100002ea <__do_global_dtors_aux+0x1a>
100002e4:	4804      	ldr	r0, [pc, #16]	@ (100002f8 <__do_global_dtors_aux+0x28>)
100002e6:	e000      	b.n	100002ea <__do_global_dtors_aux+0x1a>
100002e8:	bf00      	nop
100002ea:	2301      	movs	r3, #1
100002ec:	7023      	strb	r3, [r4, #0]
100002ee:	bd10      	pop	{r4, pc}
100002f0:	200005d8 	.word	0x200005d8
100002f4:	00000000 	.word	0x00000000
100002f8:	10004e10 	.word	0x10004e10

100002fc <frame_dummy>:
100002fc:	4b05      	ldr	r3, [pc, #20]	@ (10000314 <frame_dummy+0x18>)
100002fe:	b510      	push	{r4, lr}
10000300:	2b00      	cmp	r3, #0
10000302:	d003      	beq.n	1000030c <frame_dummy+0x10>
10000304:	4904      	ldr	r1, [pc, #16]	@ (10000318 <frame_dummy+0x1c>)
10000306:	4805      	ldr	r0, [pc, #20]	@ (1000031c <frame_dummy+0x20>)
10000308:	e000      	b.n	1000030c <frame_dummy+0x10>
1000030a:	bf00      	nop
1000030c:	f7ff ffcc 	bl	100002a8 <register_tm_clones>
10000310:	bd10      	pop	{r4, pc}
10000312:	46c0      	nop			@ (mov r8, r8)
10000314:	00000000 	.word	0x00000000
10000318:	200005dc 	.word	0x200005dc
1000031c:	10004e10 	.word	0x10004e10

10000320 <vBlinkTask>:
10000320:	b570      	push	{r4, r5, r6, lr}
10000322:	25d0      	movs	r5, #208	@ 0xd0
10000324:	2480      	movs	r4, #128	@ 0x80
10000326:	062d      	lsls	r5, r5, #24
10000328:	04a4      	lsls	r4, r4, #18
1000032a:	20fa      	movs	r0, #250	@ 0xfa
1000032c:	616c      	str	r4, [r5, #20]
1000032e:	f004 f869 	bl	10004404 <vTaskDelay>
10000332:	20fa      	movs	r0, #250	@ 0xfa
10000334:	61ac      	str	r4, [r5, #24]
10000336:	f004 f865 	bl	10004404 <vTaskDelay>
1000033a:	e7f6      	b.n	1000032a <vBlinkTask+0xa>

1000033c <main>:
1000033c:	b500      	push	{lr}
1000033e:	2019      	movs	r0, #25
10000340:	b083      	sub	sp, #12
10000342:	f000 f817 	bl	10000374 <gpio_init>
10000346:	23d0      	movs	r3, #208	@ 0xd0
10000348:	2280      	movs	r2, #128	@ 0x80
1000034a:	061b      	lsls	r3, r3, #24
1000034c:	0492      	lsls	r2, r2, #18
1000034e:	625a      	str	r2, [r3, #36]	@ 0x24
10000350:	2300      	movs	r3, #0
10000352:	9301      	str	r3, [sp, #4]
10000354:	3301      	adds	r3, #1
10000356:	2280      	movs	r2, #128	@ 0x80
10000358:	4904      	ldr	r1, [pc, #16]	@ (1000036c <main+0x30>)
1000035a:	9300      	str	r3, [sp, #0]
1000035c:	4804      	ldr	r0, [pc, #16]	@ (10000370 <main+0x34>)
1000035e:	2300      	movs	r3, #0
10000360:	f003 fe4a 	bl	10003ff8 <xTaskCreate>
10000364:	f003 fe56 	bl	10004014 <vTaskStartScheduler>
10000368:	b003      	add	sp, #12
1000036a:	bd00      	pop	{pc}
1000036c:	10004e10 	.word	0x10004e10
10000370:	10000321 	.word	0x10000321

10000374 <gpio_init>:
10000374:	2301      	movs	r3, #1
10000376:	22d0      	movs	r2, #208	@ 0xd0
10000378:	4083      	lsls	r3, r0
1000037a:	0612      	lsls	r2, r2, #24
1000037c:	6293      	str	r3, [r2, #40]	@ 0x28
1000037e:	6193      	str	r3, [r2, #24]
10000380:	4a09      	ldr	r2, [pc, #36]	@ (100003a8 <gpio_init+0x34>)
10000382:	0083      	lsls	r3, r0, #2
10000384:	189a      	adds	r2, r3, r2
10000386:	6811      	ldr	r1, [r2, #0]
10000388:	2240      	movs	r2, #64	@ 0x40
1000038a:	4051      	eors	r1, r2
1000038c:	3280      	adds	r2, #128	@ 0x80
1000038e:	400a      	ands	r2, r1
10000390:	4906      	ldr	r1, [pc, #24]	@ (100003ac <gpio_init+0x38>)
10000392:	00c0      	lsls	r0, r0, #3
10000394:	468c      	mov	ip, r1
10000396:	4463      	add	r3, ip
10000398:	601a      	str	r2, [r3, #0]
1000039a:	4b05      	ldr	r3, [pc, #20]	@ (100003b0 <gpio_init+0x3c>)
1000039c:	469c      	mov	ip, r3
1000039e:	2305      	movs	r3, #5
100003a0:	4460      	add	r0, ip
100003a2:	6043      	str	r3, [r0, #4]
100003a4:	4770      	bx	lr
100003a6:	46c0      	nop			@ (mov r8, r8)
100003a8:	4001c004 	.word	0x4001c004
100003ac:	4001d004 	.word	0x4001d004
100003b0:	40014000 	.word	0x40014000

100003b4 <panic>:
100003b4:	b40f      	push	{r0, r1, r2, r3}
100003b6:	b500      	push	{lr}
100003b8:	4808      	ldr	r0, [pc, #32]	@ (100003dc <panic+0x28>)
100003ba:	b083      	sub	sp, #12
100003bc:	f001 fb22 	bl	10001a04 <__wrap_puts>
100003c0:	9b04      	ldr	r3, [sp, #16]
100003c2:	2b00      	cmp	r3, #0
100003c4:	d007      	beq.n	100003d6 <panic+0x22>
100003c6:	a905      	add	r1, sp, #20
100003c8:	0018      	movs	r0, r3
100003ca:	9101      	str	r1, [sp, #4]
100003cc:	f001 f9be 	bl	1000174c <weak_raw_vprintf>
100003d0:	4803      	ldr	r0, [pc, #12]	@ (100003e0 <panic+0x2c>)
100003d2:	f001 fb17 	bl	10001a04 <__wrap_puts>
100003d6:	2001      	movs	r0, #1
100003d8:	f001 f9d0 	bl	1000177c <_exit>
100003dc:	10004e1c 	.word	0x10004e1c
100003e0:	10004e2c 	.word	0x10004e2c

100003e4 <panic_unsupported>:
100003e4:	b510      	push	{r4, lr}
100003e6:	4801      	ldr	r0, [pc, #4]	@ (100003ec <panic_unsupported+0x8>)
100003e8:	f7ff ffe4 	bl	100003b4 <panic>
100003ec:	10004e30 	.word	0x10004e30

100003f0 <hw_claim_or_assert>:
100003f0:	b570      	push	{r4, r5, r6, lr}
100003f2:	f3ef 8c10 	mrs	ip, PRIMASK
100003f6:	b672      	cpsid	i
100003f8:	4d0d      	ldr	r5, [pc, #52]	@ (10000430 <hw_claim_or_assert+0x40>)
100003fa:	682b      	ldr	r3, [r5, #0]
100003fc:	2b00      	cmp	r3, #0
100003fe:	d0fc      	beq.n	100003fa <hw_claim_or_assert+0xa>
10000400:	f3bf 8f5f 	dmb	sy
10000404:	2407      	movs	r4, #7
10000406:	08cb      	lsrs	r3, r1, #3
10000408:	18c6      	adds	r6, r0, r3
1000040a:	5cc0      	ldrb	r0, [r0, r3]
1000040c:	2301      	movs	r3, #1
1000040e:	400c      	ands	r4, r1
10000410:	40a3      	lsls	r3, r4
10000412:	001c      	movs	r4, r3
10000414:	4004      	ands	r4, r0
10000416:	4203      	tst	r3, r0
10000418:	d107      	bne.n	1000042a <hw_claim_or_assert+0x3a>
1000041a:	4318      	orrs	r0, r3
1000041c:	7030      	strb	r0, [r6, #0]
1000041e:	f3bf 8f5f 	dmb	sy
10000422:	602c      	str	r4, [r5, #0]
10000424:	f38c 8810 	msr	PRIMASK, ip
10000428:	bd70      	pop	{r4, r5, r6, pc}
1000042a:	0010      	movs	r0, r2
1000042c:	f7ff ffc2 	bl	100003b4 <panic>
10000430:	d000012c 	.word	0xd000012c

10000434 <next_striped_spin_lock_num>:
10000434:	4a04      	ldr	r2, [pc, #16]	@ (10000448 <next_striped_spin_lock_num+0x14>)
10000436:	7810      	ldrb	r0, [r2, #0]
10000438:	1c43      	adds	r3, r0, #1
1000043a:	b2db      	uxtb	r3, r3
1000043c:	2b17      	cmp	r3, #23
1000043e:	d900      	bls.n	10000442 <next_striped_spin_lock_num+0xe>
10000440:	2310      	movs	r3, #16
10000442:	7013      	strb	r3, [r2, #0]
10000444:	4770      	bx	lr
10000446:	46c0      	nop			@ (mov r8, r8)
10000448:	200001b8 	.word	0x200001b8

1000044c <spin_lock_claim>:
1000044c:	b510      	push	{r4, lr}
1000044e:	4b03      	ldr	r3, [pc, #12]	@ (1000045c <spin_lock_claim+0x10>)
10000450:	0001      	movs	r1, r0
10000452:	0018      	movs	r0, r3
10000454:	4a02      	ldr	r2, [pc, #8]	@ (10000460 <spin_lock_claim+0x14>)
10000456:	f7ff ffcb 	bl	100003f0 <hw_claim_or_assert>
1000045a:	bd10      	pop	{r4, pc}
1000045c:	2000078c 	.word	0x2000078c
10000460:	10004e40 	.word	0x10004e40

10000464 <spin_locks_reset>:
10000464:	2100      	movs	r1, #0
10000466:	4b04      	ldr	r3, [pc, #16]	@ (10000478 <spin_locks_reset+0x14>)
10000468:	4a04      	ldr	r2, [pc, #16]	@ (1000047c <spin_locks_reset+0x18>)
1000046a:	f3bf 8f5f 	dmb	sy
1000046e:	c302      	stmia	r3!, {r1}
10000470:	4293      	cmp	r3, r2
10000472:	d1fa      	bne.n	1000046a <spin_locks_reset+0x6>
10000474:	4770      	bx	lr
10000476:	46c0      	nop			@ (mov r8, r8)
10000478:	d0000100 	.word	0xd0000100
1000047c:	d0000180 	.word	0xd0000180

10000480 <runtime_init_per_core_irq_priorities>:
10000480:	4b05      	ldr	r3, [pc, #20]	@ (10000498 <runtime_init_per_core_irq_priorities+0x18>)
10000482:	4a06      	ldr	r2, [pc, #24]	@ (1000049c <runtime_init_per_core_irq_priorities+0x1c>)
10000484:	6013      	str	r3, [r2, #0]
10000486:	4a06      	ldr	r2, [pc, #24]	@ (100004a0 <runtime_init_per_core_irq_priorities+0x20>)
10000488:	6013      	str	r3, [r2, #0]
1000048a:	6053      	str	r3, [r2, #4]
1000048c:	6093      	str	r3, [r2, #8]
1000048e:	60d3      	str	r3, [r2, #12]
10000490:	6113      	str	r3, [r2, #16]
10000492:	6153      	str	r3, [r2, #20]
10000494:	6193      	str	r3, [r2, #24]
10000496:	4770      	bx	lr
10000498:	80808080 	.word	0x80808080
1000049c:	e000e400 	.word	0xe000e400
100004a0:	e000e404 	.word	0xe000e404

100004a4 <irq_set_enabled>:
100004a4:	231f      	movs	r3, #31
100004a6:	4018      	ands	r0, r3
100004a8:	3b1e      	subs	r3, #30
100004aa:	4083      	lsls	r3, r0
100004ac:	2900      	cmp	r1, #0
100004ae:	d005      	beq.n	100004bc <irq_set_enabled+0x18>
100004b0:	21c0      	movs	r1, #192	@ 0xc0
100004b2:	4a04      	ldr	r2, [pc, #16]	@ (100004c4 <irq_set_enabled+0x20>)
100004b4:	0049      	lsls	r1, r1, #1
100004b6:	5053      	str	r3, [r2, r1]
100004b8:	6013      	str	r3, [r2, #0]
100004ba:	4770      	bx	lr
100004bc:	2280      	movs	r2, #128	@ 0x80
100004be:	4901      	ldr	r1, [pc, #4]	@ (100004c4 <irq_set_enabled+0x20>)
100004c0:	508b      	str	r3, [r1, r2]
100004c2:	e7fa      	b.n	100004ba <irq_set_enabled+0x16>
100004c4:	e000e100 	.word	0xe000e100

100004c8 <irq_is_enabled>:
100004c8:	2201      	movs	r2, #1
100004ca:	4082      	lsls	r2, r0
100004cc:	4b03      	ldr	r3, [pc, #12]	@ (100004dc <irq_is_enabled+0x14>)
100004ce:	681b      	ldr	r3, [r3, #0]
100004d0:	4013      	ands	r3, r2
100004d2:	1e5a      	subs	r2, r3, #1
100004d4:	4193      	sbcs	r3, r2
100004d6:	b2d8      	uxtb	r0, r3
100004d8:	4770      	bx	lr
100004da:	46c0      	nop			@ (mov r8, r8)
100004dc:	e000e100 	.word	0xe000e100

100004e0 <irq_set_exclusive_handler>:
100004e0:	b570      	push	{r4, r5, r6, lr}
100004e2:	000d      	movs	r5, r1
100004e4:	f3ef 8610 	mrs	r6, PRIMASK
100004e8:	b672      	cpsid	i
100004ea:	4a0f      	ldr	r2, [pc, #60]	@ (10000528 <irq_set_exclusive_handler+0x48>)
100004ec:	6813      	ldr	r3, [r2, #0]
100004ee:	2b00      	cmp	r3, #0
100004f0:	d0fc      	beq.n	100004ec <irq_set_exclusive_handler+0xc>
100004f2:	f3bf 8f5f 	dmb	sy
100004f6:	4b0d      	ldr	r3, [pc, #52]	@ (1000052c <irq_set_exclusive_handler+0x4c>)
100004f8:	3010      	adds	r0, #16
100004fa:	689b      	ldr	r3, [r3, #8]
100004fc:	0084      	lsls	r4, r0, #2
100004fe:	591b      	ldr	r3, [r3, r4]
10000500:	4a0b      	ldr	r2, [pc, #44]	@ (10000530 <irq_set_exclusive_handler+0x50>)
10000502:	4293      	cmp	r3, r2
10000504:	d003      	beq.n	1000050e <irq_set_exclusive_handler+0x2e>
10000506:	429d      	cmp	r5, r3
10000508:	d001      	beq.n	1000050e <irq_set_exclusive_handler+0x2e>
1000050a:	f000 fd23 	bl	10000f54 <hard_assertion_failure>
1000050e:	4b07      	ldr	r3, [pc, #28]	@ (1000052c <irq_set_exclusive_handler+0x4c>)
10000510:	689b      	ldr	r3, [r3, #8]
10000512:	511d      	str	r5, [r3, r4]
10000514:	f3bf 8f5f 	dmb	sy
10000518:	f3bf 8f5f 	dmb	sy
1000051c:	2200      	movs	r2, #0
1000051e:	4b02      	ldr	r3, [pc, #8]	@ (10000528 <irq_set_exclusive_handler+0x48>)
10000520:	601a      	str	r2, [r3, #0]
10000522:	f386 8810 	msr	PRIMASK, r6
10000526:	bd70      	pop	{r4, r5, r6, pc}
10000528:	d0000124 	.word	0xd0000124
1000052c:	e000ed00 	.word	0xe000ed00
10000530:	100001cd 	.word	0x100001cd

10000534 <irq_set_priority>:
10000534:	b510      	push	{r4, lr}
10000536:	0883      	lsrs	r3, r0, #2
10000538:	0004      	movs	r4, r0
1000053a:	2003      	movs	r0, #3
1000053c:	4020      	ands	r0, r4
1000053e:	24ff      	movs	r4, #255	@ 0xff
10000540:	4a05      	ldr	r2, [pc, #20]	@ (10000558 <irq_set_priority+0x24>)
10000542:	00c0      	lsls	r0, r0, #3
10000544:	4694      	mov	ip, r2
10000546:	4084      	lsls	r4, r0
10000548:	4081      	lsls	r1, r0
1000054a:	009b      	lsls	r3, r3, #2
1000054c:	4463      	add	r3, ip
1000054e:	681a      	ldr	r2, [r3, #0]
10000550:	43a2      	bics	r2, r4
10000552:	430a      	orrs	r2, r1
10000554:	601a      	str	r2, [r3, #0]
10000556:	bd10      	pop	{r4, pc}
10000558:	e000e400 	.word	0xe000e400

1000055c <lock_init>:
1000055c:	4b02      	ldr	r3, [pc, #8]	@ (10000568 <lock_init+0xc>)
1000055e:	469c      	mov	ip, r3
10000560:	4461      	add	r1, ip
10000562:	0089      	lsls	r1, r1, #2
10000564:	6001      	str	r1, [r0, #0]
10000566:	4770      	bx	lr
10000568:	34000040 	.word	0x34000040

1000056c <runtime_init_mutex>:
1000056c:	b5f8      	push	{r3, r4, r5, r6, r7, lr}
1000056e:	4c12      	ldr	r4, [pc, #72]	@ (100005b8 <runtime_init_mutex+0x4c>)
10000570:	4d12      	ldr	r5, [pc, #72]	@ (100005bc <runtime_init_mutex+0x50>)
10000572:	42ac      	cmp	r4, r5
10000574:	d212      	bcs.n	1000059c <runtime_init_mutex+0x30>
10000576:	2601      	movs	r6, #1
10000578:	2700      	movs	r7, #0
1000057a:	4276      	negs	r6, r6
1000057c:	6823      	ldr	r3, [r4, #0]
1000057e:	2b00      	cmp	r3, #0
10000580:	d00d      	beq.n	1000059e <runtime_init_mutex+0x32>
10000582:	f7ff ff57 	bl	10000434 <next_striped_spin_lock_num>
10000586:	0001      	movs	r1, r0
10000588:	0020      	movs	r0, r4
1000058a:	f7ff ffe7 	bl	1000055c <lock_init>
1000058e:	6066      	str	r6, [r4, #4]
10000590:	7227      	strb	r7, [r4, #8]
10000592:	f3bf 8f5f 	dmb	sy
10000596:	340c      	adds	r4, #12
10000598:	42ac      	cmp	r4, r5
1000059a:	d3ef      	bcc.n	1000057c <runtime_init_mutex+0x10>
1000059c:	bdf8      	pop	{r3, r4, r5, r6, r7, pc}
1000059e:	f7ff ff49 	bl	10000434 <next_striped_spin_lock_num>
100005a2:	0001      	movs	r1, r0
100005a4:	0020      	movs	r0, r4
100005a6:	f7ff ffd9 	bl	1000055c <lock_init>
100005aa:	6066      	str	r6, [r4, #4]
100005ac:	f3bf 8f5f 	dmb	sy
100005b0:	3408      	adds	r4, #8
100005b2:	42ac      	cmp	r4, r5
100005b4:	d3e2      	bcc.n	1000057c <runtime_init_mutex+0x10>
100005b6:	e7f1      	b.n	1000059c <runtime_init_mutex+0x30>
100005b8:	20000208 	.word	0x20000208
100005bc:	20000218 	.word	0x20000218

100005c0 <alarm_pool_irq_handler>:
100005c0:	b5f0      	push	{r4, r5, r6, r7, lr}
100005c2:	46de      	mov	lr, fp
100005c4:	4657      	mov	r7, sl
100005c6:	464e      	mov	r6, r9
100005c8:	4645      	mov	r5, r8
100005ca:	b5e0      	push	{r5, r6, r7, lr}
100005cc:	b087      	sub	sp, #28
100005ce:	f3ef 8305 	mrs	r3, IPSR
100005d2:	2203      	movs	r2, #3
100005d4:	2501      	movs	r5, #1
100005d6:	401a      	ands	r2, r3
100005d8:	4095      	lsls	r5, r2
100005da:	0091      	lsls	r1, r2, #2
100005dc:	4688      	mov	r8, r1
100005de:	46a9      	mov	r9, r5
100005e0:	4bb3      	ldr	r3, [pc, #716]	@ (100008b0 <alarm_pool_irq_handler+0x2f0>)
100005e2:	9203      	str	r2, [sp, #12]
100005e4:	585c      	ldr	r4, [r3, r1]
100005e6:	4bb3      	ldr	r3, [pc, #716]	@ (100008b4 <alarm_pool_irq_handler+0x2f4>)
100005e8:	601d      	str	r5, [r3, #0]
100005ea:	4bb3      	ldr	r3, [pc, #716]	@ (100008b8 <alarm_pool_irq_handler+0x2f8>)
100005ec:	9304      	str	r3, [sp, #16]
100005ee:	464b      	mov	r3, r9
100005f0:	48b2      	ldr	r0, [pc, #712]	@ (100008bc <alarm_pool_irq_handler+0x2fc>)
100005f2:	6343      	str	r3, [r0, #52]	@ 0x34
100005f4:	2308      	movs	r3, #8
100005f6:	5ee5      	ldrsh	r5, [r4, r3]
100005f8:	2d00      	cmp	r5, #0
100005fa:	da37      	bge.n	1000066c <alarm_pool_irq_handler+0xac>
100005fc:	88a3      	ldrh	r3, [r4, #4]
100005fe:	b21b      	sxth	r3, r3
10000600:	2b00      	cmp	r3, #0
10000602:	db00      	blt.n	10000606 <alarm_pool_irq_handler+0x46>
10000604:	e0ad      	b.n	10000762 <alarm_pool_irq_handler+0x1a2>
10000606:	79a3      	ldrb	r3, [r4, #6]
10000608:	2b00      	cmp	r3, #0
1000060a:	d000      	beq.n	1000060e <alarm_pool_irq_handler+0x4e>
1000060c:	e0ee      	b.n	100007ec <alarm_pool_irq_handler+0x22c>
1000060e:	2308      	movs	r3, #8
10000610:	5ee0      	ldrsh	r0, [r4, r3]
10000612:	2800      	cmp	r0, #0
10000614:	db20      	blt.n	10000658 <alarm_pool_irq_handler+0x98>
10000616:	0043      	lsls	r3, r0, #1
10000618:	6962      	ldr	r2, [r4, #20]
1000061a:	181b      	adds	r3, r3, r0
1000061c:	00db      	lsls	r3, r3, #3
1000061e:	18d3      	adds	r3, r2, r3
10000620:	689e      	ldr	r6, [r3, #8]
10000622:	68dd      	ldr	r5, [r3, #12]
10000624:	1c73      	adds	r3, r6, #1
10000626:	d100      	bne.n	1000062a <alarm_pool_irq_handler+0x6a>
10000628:	e111      	b.n	1000084e <alarm_pool_irq_handler+0x28e>
1000062a:	48a4      	ldr	r0, [pc, #656]	@ (100008bc <alarm_pool_irq_handler+0x2fc>)
1000062c:	0001      	movs	r1, r0
1000062e:	4441      	add	r1, r8
10000630:	6a82      	ldr	r2, [r0, #40]	@ 0x28
10000632:	690b      	ldr	r3, [r1, #16]
10000634:	1ab7      	subs	r7, r6, r2
10000636:	1a9b      	subs	r3, r3, r2
10000638:	429f      	cmp	r7, r3
1000063a:	d315      	bcc.n	10000668 <alarm_pool_irq_handler+0xa8>
1000063c:	2301      	movs	r3, #1
1000063e:	6a02      	ldr	r2, [r0, #32]
10000640:	9803      	ldr	r0, [sp, #12]
10000642:	4083      	lsls	r3, r0
10000644:	421a      	tst	r2, r3
10000646:	d00f      	beq.n	10000668 <alarm_pool_irq_handler+0xa8>
10000648:	489c      	ldr	r0, [pc, #624]	@ (100008bc <alarm_pool_irq_handler+0x2fc>)
1000064a:	f000 fadb 	bl	10000c04 <timer_time_us_64>
1000064e:	428d      	cmp	r5, r1
10000650:	dc02      	bgt.n	10000658 <alarm_pool_irq_handler+0x98>
10000652:	d1cc      	bne.n	100005ee <alarm_pool_irq_handler+0x2e>
10000654:	4286      	cmp	r6, r0
10000656:	d9ca      	bls.n	100005ee <alarm_pool_irq_handler+0x2e>
10000658:	bf40      	sev
1000065a:	b007      	add	sp, #28
1000065c:	bcf0      	pop	{r4, r5, r6, r7}
1000065e:	46bb      	mov	fp, r7
10000660:	46b2      	mov	sl, r6
10000662:	46a9      	mov	r9, r5
10000664:	46a0      	mov	r8, r4
10000666:	bdf0      	pop	{r4, r5, r6, r7, pc}
10000668:	610e      	str	r6, [r1, #16]
1000066a:	e7ed      	b.n	10000648 <alarm_pool_irq_handler+0x88>
1000066c:	6962      	ldr	r2, [r4, #20]
1000066e:	006b      	lsls	r3, r5, #1
10000670:	4692      	mov	sl, r2
10000672:	195b      	adds	r3, r3, r5
10000674:	00db      	lsls	r3, r3, #3
10000676:	449a      	add	sl, r3
10000678:	4653      	mov	r3, sl
1000067a:	689e      	ldr	r6, [r3, #8]
1000067c:	68df      	ldr	r7, [r3, #12]
1000067e:	f000 fac1 	bl	10000c04 <timer_time_us_64>
10000682:	428f      	cmp	r7, r1
10000684:	dcba      	bgt.n	100005fc <alarm_pool_irq_handler+0x3c>
10000686:	d100      	bne.n	1000068a <alarm_pool_irq_handler+0xca>
10000688:	e103      	b.n	10000892 <alarm_pool_irq_handler+0x2d2>
1000068a:	2f00      	cmp	r7, #0
1000068c:	da00      	bge.n	10000690 <alarm_pool_irq_handler+0xd0>
1000068e:	e0e8      	b.n	10000862 <alarm_pool_irq_handler+0x2a2>
10000690:	4652      	mov	r2, sl
10000692:	4653      	mov	r3, sl
10000694:	6952      	ldr	r2, [r2, #20]
10000696:	691b      	ldr	r3, [r3, #16]
10000698:	4693      	mov	fp, r2
1000069a:	9a04      	ldr	r2, [sp, #16]
1000069c:	4293      	cmp	r3, r2
1000069e:	d100      	bne.n	100006a2 <alarm_pool_irq_handler+0xe2>
100006a0:	e0d9      	b.n	10000856 <alarm_pool_irq_handler+0x296>
100006a2:	4652      	mov	r2, sl
100006a4:	2108      	movs	r1, #8
100006a6:	5e60      	ldrsh	r0, [r4, r1]
100006a8:	8852      	ldrh	r2, [r2, #2]
100006aa:	0400      	lsls	r0, r0, #16
100006ac:	4659      	mov	r1, fp
100006ae:	4310      	orrs	r0, r2
100006b0:	4798      	blx	r3
100006b2:	9000      	str	r0, [sp, #0]
100006b4:	9101      	str	r1, [sp, #4]
100006b6:	9900      	ldr	r1, [sp, #0]
100006b8:	9a01      	ldr	r2, [sp, #4]
100006ba:	000b      	movs	r3, r1
100006bc:	0010      	movs	r0, r2
100006be:	4313      	orrs	r3, r2
100006c0:	d100      	bne.n	100006c4 <alarm_pool_irq_handler+0x104>
100006c2:	e0ce      	b.n	10000862 <alarm_pool_irq_handler+0x2a2>
100006c4:	0013      	movs	r3, r2
100006c6:	000a      	movs	r2, r1
100006c8:	1ab6      	subs	r6, r6, r2
100006ca:	419f      	sbcs	r7, r3
100006cc:	2800      	cmp	r0, #0
100006ce:	db06      	blt.n	100006de <alarm_pool_irq_handler+0x11e>
100006d0:	487a      	ldr	r0, [pc, #488]	@ (100008bc <alarm_pool_irq_handler+0x2fc>)
100006d2:	f000 fa97 	bl	10000c04 <timer_time_us_64>
100006d6:	9e00      	ldr	r6, [sp, #0]
100006d8:	9f01      	ldr	r7, [sp, #4]
100006da:	1836      	adds	r6, r6, r0
100006dc:	414f      	adcs	r7, r1
100006de:	4653      	mov	r3, sl
100006e0:	609e      	str	r6, [r3, #8]
100006e2:	60df      	str	r7, [r3, #12]
100006e4:	2200      	movs	r2, #0
100006e6:	5e9a      	ldrsh	r2, [r3, r2]
100006e8:	2a00      	cmp	r2, #0
100006ea:	da00      	bge.n	100006ee <alarm_pool_irq_handler+0x12e>
100006ec:	e786      	b.n	100005fc <alarm_pool_irq_handler+0x3c>
100006ee:	0053      	lsls	r3, r2, #1
100006f0:	1899      	adds	r1, r3, r2
100006f2:	6960      	ldr	r0, [r4, #20]
100006f4:	00c9      	lsls	r1, r1, #3
100006f6:	1841      	adds	r1, r0, r1
100006f8:	9302      	str	r3, [sp, #8]
100006fa:	688b      	ldr	r3, [r1, #8]
100006fc:	68c9      	ldr	r1, [r1, #12]
100006fe:	469b      	mov	fp, r3
10000700:	42b9      	cmp	r1, r7
10000702:	dd00      	ble.n	10000706 <alarm_pool_irq_handler+0x146>
10000704:	e77a      	b.n	100005fc <alarm_pool_irq_handler+0x3c>
10000706:	d102      	bne.n	1000070e <alarm_pool_irq_handler+0x14e>
10000708:	42b3      	cmp	r3, r6
1000070a:	d900      	bls.n	1000070e <alarm_pool_irq_handler+0x14e>
1000070c:	e776      	b.n	100005fc <alarm_pool_irq_handler+0x3c>
1000070e:	2308      	movs	r3, #8
10000710:	469c      	mov	ip, r3
10000712:	44a4      	add	ip, r4
10000714:	9505      	str	r5, [sp, #20]
10000716:	4665      	mov	r5, ip
10000718:	8122      	strh	r2, [r4, #8]
1000071a:	46a4      	mov	ip, r4
1000071c:	9b02      	ldr	r3, [sp, #8]
1000071e:	002c      	movs	r4, r5
10000720:	e006      	b.n	10000730 <alarm_pool_irq_handler+0x170>
10000722:	0053      	lsls	r3, r2, #1
10000724:	1899      	adds	r1, r3, r2
10000726:	00c9      	lsls	r1, r1, #3
10000728:	1841      	adds	r1, r0, r1
1000072a:	688d      	ldr	r5, [r1, #8]
1000072c:	68c9      	ldr	r1, [r1, #12]
1000072e:	46ab      	mov	fp, r5
10000730:	189b      	adds	r3, r3, r2
10000732:	00db      	lsls	r3, r3, #3
10000734:	18c3      	adds	r3, r0, r3
10000736:	42b9      	cmp	r1, r7
10000738:	dc06      	bgt.n	10000748 <alarm_pool_irq_handler+0x188>
1000073a:	d100      	bne.n	1000073e <alarm_pool_irq_handler+0x17e>
1000073c:	e0b3      	b.n	100008a6 <alarm_pool_irq_handler+0x2e6>
1000073e:	001c      	movs	r4, r3
10000740:	2300      	movs	r3, #0
10000742:	5ee2      	ldrsh	r2, [r4, r3]
10000744:	2a00      	cmp	r2, #0
10000746:	daec      	bge.n	10000722 <alarm_pool_irq_handler+0x162>
10000748:	0023      	movs	r3, r4
1000074a:	4664      	mov	r4, ip
1000074c:	469c      	mov	ip, r3
1000074e:	4653      	mov	r3, sl
10000750:	801a      	strh	r2, [r3, #0]
10000752:	4663      	mov	r3, ip
10000754:	9d05      	ldr	r5, [sp, #20]
10000756:	801d      	strh	r5, [r3, #0]
10000758:	88a3      	ldrh	r3, [r4, #4]
1000075a:	b21b      	sxth	r3, r3
1000075c:	2b00      	cmp	r3, #0
1000075e:	da00      	bge.n	10000762 <alarm_pool_irq_handler+0x1a2>
10000760:	e751      	b.n	10000606 <alarm_pool_irq_handler+0x46>
10000762:	6922      	ldr	r2, [r4, #16]
10000764:	f3ef 8110 	mrs	r1, PRIMASK
10000768:	b672      	cpsid	i
1000076a:	6813      	ldr	r3, [r2, #0]
1000076c:	2b00      	cmp	r3, #0
1000076e:	d0fc      	beq.n	1000076a <alarm_pool_irq_handler+0x1aa>
10000770:	f3bf 8f5f 	dmb	sy
10000774:	2301      	movs	r3, #1
10000776:	88a7      	ldrh	r7, [r4, #4]
10000778:	425b      	negs	r3, r3
1000077a:	80a3      	strh	r3, [r4, #4]
1000077c:	b23f      	sxth	r7, r7
1000077e:	6923      	ldr	r3, [r4, #16]
10000780:	f3bf 8f5f 	dmb	sy
10000784:	2200      	movs	r2, #0
10000786:	601a      	str	r2, [r3, #0]
10000788:	f381 8810 	msr	PRIMASK, r1
1000078c:	2f00      	cmp	r7, #0
1000078e:	da00      	bge.n	10000792 <alarm_pool_irq_handler+0x1d2>
10000790:	e739      	b.n	10000606 <alarm_pool_irq_handler+0x46>
10000792:	0023      	movs	r3, r4
10000794:	3308      	adds	r3, #8
10000796:	0022      	movs	r2, r4
10000798:	469a      	mov	sl, r3
1000079a:	6966      	ldr	r6, [r4, #20]
1000079c:	007b      	lsls	r3, r7, #1
1000079e:	19db      	adds	r3, r3, r7
100007a0:	00db      	lsls	r3, r3, #3
100007a2:	18f3      	adds	r3, r6, r3
100007a4:	6899      	ldr	r1, [r3, #8]
100007a6:	4650      	mov	r0, sl
100007a8:	468c      	mov	ip, r1
100007aa:	2408      	movs	r4, #8
100007ac:	5f11      	ldrsh	r1, [r2, r4]
100007ae:	68dd      	ldr	r5, [r3, #12]
100007b0:	2900      	cmp	r1, #0
100007b2:	db10      	blt.n	100007d6 <alarm_pool_irq_handler+0x216>
100007b4:	9302      	str	r3, [sp, #8]
100007b6:	e006      	b.n	100007c6 <alarm_pool_irq_handler+0x206>
100007b8:	42ab      	cmp	r3, r5
100007ba:	d044      	beq.n	10000846 <alarm_pool_irq_handler+0x286>
100007bc:	2300      	movs	r3, #0
100007be:	5ee1      	ldrsh	r1, [r4, r3]
100007c0:	0020      	movs	r0, r4
100007c2:	2900      	cmp	r1, #0
100007c4:	db06      	blt.n	100007d4 <alarm_pool_irq_handler+0x214>
100007c6:	004c      	lsls	r4, r1, #1
100007c8:	1864      	adds	r4, r4, r1
100007ca:	00e4      	lsls	r4, r4, #3
100007cc:	1934      	adds	r4, r6, r4
100007ce:	68e3      	ldr	r3, [r4, #12]
100007d0:	42ab      	cmp	r3, r5
100007d2:	ddf1      	ble.n	100007b8 <alarm_pool_irq_handler+0x1f8>
100007d4:	9b02      	ldr	r3, [sp, #8]
100007d6:	8007      	strh	r7, [r0, #0]
100007d8:	2000      	movs	r0, #0
100007da:	5e1f      	ldrsh	r7, [r3, r0]
100007dc:	8019      	strh	r1, [r3, #0]
100007de:	2f00      	cmp	r7, #0
100007e0:	dadc      	bge.n	1000079c <alarm_pool_irq_handler+0x1dc>
100007e2:	0014      	movs	r4, r2
100007e4:	79a3      	ldrb	r3, [r4, #6]
100007e6:	2b00      	cmp	r3, #0
100007e8:	d100      	bne.n	100007ec <alarm_pool_irq_handler+0x22c>
100007ea:	e710      	b.n	1000060e <alarm_pool_irq_handler+0x4e>
100007ec:	2300      	movs	r3, #0
100007ee:	71a3      	strb	r3, [r4, #6]
100007f0:	0026      	movs	r6, r4
100007f2:	2308      	movs	r3, #8
100007f4:	5ee1      	ldrsh	r1, [r4, r3]
100007f6:	3608      	adds	r6, #8
100007f8:	1c4b      	adds	r3, r1, #1
100007fa:	d100      	bne.n	100007fe <alarm_pool_irq_handler+0x23e>
100007fc:	e72c      	b.n	10000658 <alarm_pool_irq_handler+0x98>
100007fe:	0008      	movs	r0, r1
10000800:	46a2      	mov	sl, r4
10000802:	6965      	ldr	r5, [r4, #20]
10000804:	e002      	b.n	1000080c <alarm_pool_irq_handler+0x24c>
10000806:	003e      	movs	r6, r7
10000808:	1c4b      	adds	r3, r1, #1
1000080a:	d01a      	beq.n	10000842 <alarm_pool_irq_handler+0x282>
1000080c:	004b      	lsls	r3, r1, #1
1000080e:	185b      	adds	r3, r3, r1
10000810:	00db      	lsls	r3, r3, #3
10000812:	18ef      	adds	r7, r5, r3
10000814:	000a      	movs	r2, r1
10000816:	468c      	mov	ip, r1
10000818:	5ee9      	ldrsh	r1, [r5, r3]
1000081a:	887b      	ldrh	r3, [r7, #2]
1000081c:	b21b      	sxth	r3, r3
1000081e:	2b00      	cmp	r3, #0
10000820:	daf1      	bge.n	10000806 <alarm_pool_irq_handler+0x246>
10000822:	2301      	movs	r3, #1
10000824:	425b      	negs	r3, r3
10000826:	17dc      	asrs	r4, r3, #31
10000828:	60bb      	str	r3, [r7, #8]
1000082a:	60fc      	str	r4, [r7, #12]
1000082c:	4282      	cmp	r2, r0
1000082e:	d005      	beq.n	1000083c <alarm_pool_irq_handler+0x27c>
10000830:	4653      	mov	r3, sl
10000832:	8031      	strh	r1, [r6, #0]
10000834:	891b      	ldrh	r3, [r3, #8]
10000836:	803b      	strh	r3, [r7, #0]
10000838:	4653      	mov	r3, sl
1000083a:	811a      	strh	r2, [r3, #8]
1000083c:	4660      	mov	r0, ip
1000083e:	1c4b      	adds	r3, r1, #1
10000840:	d1e4      	bne.n	1000080c <alarm_pool_irq_handler+0x24c>
10000842:	4654      	mov	r4, sl
10000844:	e6e5      	b.n	10000612 <alarm_pool_irq_handler+0x52>
10000846:	68a3      	ldr	r3, [r4, #8]
10000848:	4563      	cmp	r3, ip
1000084a:	d9b7      	bls.n	100007bc <alarm_pool_irq_handler+0x1fc>
1000084c:	e7c2      	b.n	100007d4 <alarm_pool_irq_handler+0x214>
1000084e:	1c6b      	adds	r3, r5, #1
10000850:	d000      	beq.n	10000854 <alarm_pool_irq_handler+0x294>
10000852:	e6ea      	b.n	1000062a <alarm_pool_irq_handler+0x6a>
10000854:	e6f8      	b.n	10000648 <alarm_pool_irq_handler+0x88>
10000856:	465b      	mov	r3, fp
10000858:	4658      	mov	r0, fp
1000085a:	691b      	ldr	r3, [r3, #16]
1000085c:	4798      	blx	r3
1000085e:	2800      	cmp	r0, #0
10000860:	d11b      	bne.n	1000089a <alarm_pool_irq_handler+0x2da>
10000862:	4653      	mov	r3, sl
10000864:	881b      	ldrh	r3, [r3, #0]
10000866:	6922      	ldr	r2, [r4, #16]
10000868:	8123      	strh	r3, [r4, #8]
1000086a:	f3ef 8310 	mrs	r3, PRIMASK
1000086e:	b672      	cpsid	i
10000870:	6811      	ldr	r1, [r2, #0]
10000872:	2900      	cmp	r1, #0
10000874:	d0fc      	beq.n	10000870 <alarm_pool_irq_handler+0x2b0>
10000876:	f3bf 8f5f 	dmb	sy
1000087a:	4651      	mov	r1, sl
1000087c:	8862      	ldrh	r2, [r4, #2]
1000087e:	800a      	strh	r2, [r1, #0]
10000880:	6922      	ldr	r2, [r4, #16]
10000882:	8065      	strh	r5, [r4, #2]
10000884:	f3bf 8f5f 	dmb	sy
10000888:	2100      	movs	r1, #0
1000088a:	6011      	str	r1, [r2, #0]
1000088c:	f383 8810 	msr	PRIMASK, r3
10000890:	e6b4      	b.n	100005fc <alarm_pool_irq_handler+0x3c>
10000892:	4286      	cmp	r6, r0
10000894:	d800      	bhi.n	10000898 <alarm_pool_irq_handler+0x2d8>
10000896:	e6f8      	b.n	1000068a <alarm_pool_irq_handler+0xca>
10000898:	e6b0      	b.n	100005fc <alarm_pool_irq_handler+0x3c>
1000089a:	465b      	mov	r3, fp
1000089c:	681a      	ldr	r2, [r3, #0]
1000089e:	685b      	ldr	r3, [r3, #4]
100008a0:	9200      	str	r2, [sp, #0]
100008a2:	9301      	str	r3, [sp, #4]
100008a4:	e707      	b.n	100006b6 <alarm_pool_irq_handler+0xf6>
100008a6:	45b3      	cmp	fp, r6
100008a8:	d800      	bhi.n	100008ac <alarm_pool_irq_handler+0x2ec>
100008aa:	e748      	b.n	1000073e <alarm_pool_irq_handler+0x17e>
100008ac:	e74c      	b.n	10000748 <alarm_pool_irq_handler+0x188>
100008ae:	46c0      	nop			@ (mov r8, r8)
100008b0:	200007c8 	.word	0x200007c8
100008b4:	4005703c 	.word	0x4005703c
100008b8:	100005c1 	.word	0x100005c1
100008bc:	40054000 	.word	0x40054000

100008c0 <sleep_until_callback>:
100008c0:	4807      	ldr	r0, [pc, #28]	@ (100008e0 <sleep_until_callback+0x20>)
100008c2:	b510      	push	{r4, lr}
100008c4:	6802      	ldr	r2, [r0, #0]
100008c6:	f3ef 8110 	mrs	r1, PRIMASK
100008ca:	b672      	cpsid	i
100008cc:	6813      	ldr	r3, [r2, #0]
100008ce:	2b00      	cmp	r3, #0
100008d0:	d0fc      	beq.n	100008cc <sleep_until_callback+0xc>
100008d2:	f3bf 8f5f 	dmb	sy
100008d6:	f001 fa21 	bl	10001d1c <vPortLockInternalSpinUnlockWithNotify>
100008da:	2000      	movs	r0, #0
100008dc:	2100      	movs	r1, #0
100008de:	bd10      	pop	{r4, pc}
100008e0:	20000a80 	.word	0x20000a80

100008e4 <runtime_init_default_alarm_pool>:
100008e4:	b570      	push	{r4, r5, r6, lr}
100008e6:	4c2e      	ldr	r4, [pc, #184]	@ (100009a0 <runtime_init_default_alarm_pool+0xbc>)
100008e8:	6925      	ldr	r5, [r4, #16]
100008ea:	2d00      	cmp	r5, #0
100008ec:	d004      	beq.n	100008f8 <runtime_init_default_alarm_pool+0x14>
100008ee:	210a      	movs	r1, #10
100008f0:	482c      	ldr	r0, [pc, #176]	@ (100009a4 <runtime_init_default_alarm_pool+0xc0>)
100008f2:	f7ff fe33 	bl	1000055c <lock_init>
100008f6:	bd70      	pop	{r4, r5, r6, pc}
100008f8:	4e2b      	ldr	r6, [pc, #172]	@ (100009a8 <runtime_init_default_alarm_pool+0xc4>)
100008fa:	2103      	movs	r1, #3
100008fc:	0030      	movs	r0, r6
100008fe:	f000 f977 	bl	10000bf0 <timer_hardware_alarm_claim>
10000902:	60e6      	str	r6, [r4, #12]
10000904:	f7ff fd96 	bl	10000434 <next_striped_spin_lock_num>
10000908:	4b28      	ldr	r3, [pc, #160]	@ (100009ac <runtime_init_default_alarm_pool+0xc8>)
1000090a:	2203      	movs	r2, #3
1000090c:	469c      	mov	ip, r3
1000090e:	23d0      	movs	r3, #208	@ 0xd0
10000910:	7022      	strb	r2, [r4, #0]
10000912:	061b      	lsls	r3, r3, #24
10000914:	681b      	ldr	r3, [r3, #0]
10000916:	2101      	movs	r1, #1
10000918:	7063      	strb	r3, [r4, #1]
1000091a:	4b25      	ldr	r3, [pc, #148]	@ (100009b0 <runtime_init_default_alarm_pool+0xcc>)
1000091c:	4460      	add	r0, ip
1000091e:	60a3      	str	r3, [r4, #8]
10000920:	230f      	movs	r3, #15
10000922:	0080      	lsls	r0, r0, #2
10000924:	6120      	str	r0, [r4, #16]
10000926:	2002      	movs	r0, #2
10000928:	8063      	strh	r3, [r4, #2]
1000092a:	6963      	ldr	r3, [r4, #20]
1000092c:	4249      	negs	r1, r1
1000092e:	80a1      	strh	r1, [r4, #4]
10000930:	8019      	strh	r1, [r3, #0]
10000932:	3102      	adds	r1, #2
10000934:	8619      	strh	r1, [r3, #48]	@ 0x30
10000936:	3147      	adds	r1, #71	@ 0x47
10000938:	831d      	strh	r5, [r3, #24]
1000093a:	5258      	strh	r0, [r3, r1]
1000093c:	3118      	adds	r1, #24
1000093e:	525a      	strh	r2, [r3, r1]
10000940:	3275      	adds	r2, #117	@ 0x75
10000942:	395c      	subs	r1, #92	@ 0x5c
10000944:	5299      	strh	r1, [r3, r2]
10000946:	3218      	adds	r2, #24
10000948:	3101      	adds	r1, #1
1000094a:	5299      	strh	r1, [r3, r2]
1000094c:	3218      	adds	r2, #24
1000094e:	3101      	adds	r1, #1
10000950:	5299      	strh	r1, [r3, r2]
10000952:	3218      	adds	r2, #24
10000954:	3101      	adds	r1, #1
10000956:	5299      	strh	r1, [r3, r2]
10000958:	3508      	adds	r5, #8
1000095a:	3218      	adds	r2, #24
1000095c:	529d      	strh	r5, [r3, r2]
1000095e:	3102      	adds	r1, #2
10000960:	3218      	adds	r2, #24
10000962:	5299      	strh	r1, [r3, r2]
10000964:	3218      	adds	r2, #24
10000966:	3101      	adds	r1, #1
10000968:	5299      	strh	r1, [r3, r2]
1000096a:	3218      	adds	r2, #24
1000096c:	3101      	adds	r1, #1
1000096e:	5299      	strh	r1, [r3, r2]
10000970:	3218      	adds	r2, #24
10000972:	3101      	adds	r1, #1
10000974:	5299      	strh	r1, [r3, r2]
10000976:	3218      	adds	r2, #24
10000978:	3101      	adds	r1, #1
1000097a:	5299      	strh	r1, [r3, r2]
1000097c:	3218      	adds	r2, #24
1000097e:	3101      	adds	r1, #1
10000980:	5299      	strh	r1, [r3, r2]
10000982:	4b0c      	ldr	r3, [pc, #48]	@ (100009b4 <runtime_init_default_alarm_pool+0xd0>)
10000984:	490c      	ldr	r1, [pc, #48]	@ (100009b8 <runtime_init_default_alarm_pool+0xd4>)
10000986:	60dc      	str	r4, [r3, #12]
10000988:	3001      	adds	r0, #1
1000098a:	6235      	str	r5, [r6, #32]
1000098c:	f7ff fda8 	bl	100004e0 <irq_set_exclusive_handler>
10000990:	2101      	movs	r1, #1
10000992:	2003      	movs	r0, #3
10000994:	f7ff fd86 	bl	100004a4 <irq_set_enabled>
10000998:	4b08      	ldr	r3, [pc, #32]	@ (100009bc <runtime_init_default_alarm_pool+0xd8>)
1000099a:	601d      	str	r5, [r3, #0]
1000099c:	e7a7      	b.n	100008ee <runtime_init_default_alarm_pool+0xa>
1000099e:	46c0      	nop			@ (mov r8, r8)
100009a0:	200001bc 	.word	0x200001bc
100009a4:	20000a80 	.word	0x20000a80
100009a8:	40054000 	.word	0x40054000
100009ac:	34000040 	.word	0x34000040
100009b0:	0010ffff 	.word	0x0010ffff
100009b4:	200007c8 	.word	0x200007c8
100009b8:	100005c1 	.word	0x100005c1
100009bc:	40056038 	.word	0x40056038

100009c0 <alarm_pool_add_alarm_at_force_in_context>:
100009c0:	b570      	push	{r4, r5, r6, lr}
100009c2:	0001      	movs	r1, r0
100009c4:	6904      	ldr	r4, [r0, #16]
100009c6:	f3ef 8c10 	mrs	ip, PRIMASK
100009ca:	b672      	cpsid	i
100009cc:	6820      	ldr	r0, [r4, #0]
100009ce:	2800      	cmp	r0, #0
100009d0:	d0fc      	beq.n	100009cc <alarm_pool_add_alarm_at_force_in_context+0xc>
100009d2:	f3bf 8f5f 	dmb	sy
100009d6:	2002      	movs	r0, #2
100009d8:	5e0d      	ldrsh	r5, [r1, r0]
100009da:	694c      	ldr	r4, [r1, #20]
100009dc:	0068      	lsls	r0, r5, #1
100009de:	1940      	adds	r0, r0, r5
100009e0:	00c0      	lsls	r0, r0, #3
100009e2:	1824      	adds	r4, r4, r0
100009e4:	6908      	ldr	r0, [r1, #16]
100009e6:	2d00      	cmp	r5, #0
100009e8:	db36      	blt.n	10000a58 <alarm_pool_add_alarm_at_force_in_context+0x98>
100009ea:	8826      	ldrh	r6, [r4, #0]
100009ec:	804e      	strh	r6, [r1, #2]
100009ee:	f3bf 8f5f 	dmb	sy
100009f2:	2600      	movs	r6, #0
100009f4:	6006      	str	r6, [r0, #0]
100009f6:	f38c 8810 	msr	PRIMASK, ip
100009fa:	60e3      	str	r3, [r4, #12]
100009fc:	8863      	ldrh	r3, [r4, #2]
100009fe:	9804      	ldr	r0, [sp, #16]
10000a00:	3301      	adds	r3, #1
10000a02:	6120      	str	r0, [r4, #16]
10000a04:	045b      	lsls	r3, r3, #17
10000a06:	9805      	ldr	r0, [sp, #20]
10000a08:	0c5b      	lsrs	r3, r3, #17
10000a0a:	60a2      	str	r2, [r4, #8]
10000a0c:	6160      	str	r0, [r4, #20]
10000a0e:	1c1a      	adds	r2, r3, #0
10000a10:	2b00      	cmp	r3, #0
10000a12:	d01f      	beq.n	10000a54 <alarm_pool_add_alarm_at_force_in_context+0x94>
10000a14:	b293      	uxth	r3, r2
10000a16:	0428      	lsls	r0, r5, #16
10000a18:	8062      	strh	r2, [r4, #2]
10000a1a:	4318      	orrs	r0, r3
10000a1c:	690a      	ldr	r2, [r1, #16]
10000a1e:	f3ef 8c10 	mrs	ip, PRIMASK
10000a22:	b672      	cpsid	i
10000a24:	6813      	ldr	r3, [r2, #0]
10000a26:	2b00      	cmp	r3, #0
10000a28:	d0fc      	beq.n	10000a24 <alarm_pool_add_alarm_at_force_in_context+0x64>
10000a2a:	f3bf 8f5f 	dmb	sy
10000a2e:	888b      	ldrh	r3, [r1, #4]
10000a30:	8023      	strh	r3, [r4, #0]
10000a32:	808d      	strh	r5, [r1, #4]
10000a34:	690b      	ldr	r3, [r1, #16]
10000a36:	f3bf 8f5f 	dmb	sy
10000a3a:	2200      	movs	r2, #0
10000a3c:	601a      	str	r2, [r3, #0]
10000a3e:	f38c 8810 	msr	PRIMASK, ip
10000a42:	780b      	ldrb	r3, [r1, #0]
10000a44:	3201      	adds	r2, #1
10000a46:	409a      	lsls	r2, r3
10000a48:	68cb      	ldr	r3, [r1, #12]
10000a4a:	4908      	ldr	r1, [pc, #32]	@ (10000a6c <alarm_pool_add_alarm_at_force_in_context+0xac>)
10000a4c:	468c      	mov	ip, r1
10000a4e:	4463      	add	r3, ip
10000a50:	601a      	str	r2, [r3, #0]
10000a52:	bd70      	pop	{r4, r5, r6, pc}
10000a54:	2201      	movs	r2, #1
10000a56:	e7dd      	b.n	10000a14 <alarm_pool_add_alarm_at_force_in_context+0x54>
10000a58:	f3bf 8f5f 	dmb	sy
10000a5c:	2300      	movs	r3, #0
10000a5e:	6003      	str	r3, [r0, #0]
10000a60:	f38c 8810 	msr	PRIMASK, ip
10000a64:	2001      	movs	r0, #1
10000a66:	4240      	negs	r0, r0
10000a68:	e7f3      	b.n	10000a52 <alarm_pool_add_alarm_at_force_in_context+0x92>
10000a6a:	46c0      	nop			@ (mov r8, r8)
10000a6c:	0000203c 	.word	0x0000203c

10000a70 <alarm_pool_cancel_alarm>:
10000a70:	b510      	push	{r4, lr}
10000a72:	8943      	ldrh	r3, [r0, #10]
10000a74:	140a      	asrs	r2, r1, #16
10000a76:	4293      	cmp	r3, r2
10000a78:	dd1a      	ble.n	10000ab0 <alarm_pool_cancel_alarm+0x40>
10000a7a:	0053      	lsls	r3, r2, #1
10000a7c:	189b      	adds	r3, r3, r2
10000a7e:	6942      	ldr	r2, [r0, #20]
10000a80:	00db      	lsls	r3, r3, #3
10000a82:	18d3      	adds	r3, r2, r3
10000a84:	6904      	ldr	r4, [r0, #16]
10000a86:	f3ef 8c10 	mrs	ip, PRIMASK
10000a8a:	b672      	cpsid	i
10000a8c:	6822      	ldr	r2, [r4, #0]
10000a8e:	2a00      	cmp	r2, #0
10000a90:	d0fc      	beq.n	10000a8c <alarm_pool_cancel_alarm+0x1c>
10000a92:	f3bf 8f5f 	dmb	sy
10000a96:	885a      	ldrh	r2, [r3, #2]
10000a98:	0409      	lsls	r1, r1, #16
10000a9a:	b294      	uxth	r4, r2
10000a9c:	0c09      	lsrs	r1, r1, #16
10000a9e:	428a      	cmp	r2, r1
10000aa0:	d008      	beq.n	10000ab4 <alarm_pool_cancel_alarm+0x44>
10000aa2:	6903      	ldr	r3, [r0, #16]
10000aa4:	f3bf 8f5f 	dmb	sy
10000aa8:	2200      	movs	r2, #0
10000aaa:	601a      	str	r2, [r3, #0]
10000aac:	f38c 8810 	msr	PRIMASK, ip
10000ab0:	2000      	movs	r0, #0
10000ab2:	bd10      	pop	{r4, pc}
10000ab4:	2280      	movs	r2, #128	@ 0x80
10000ab6:	0212      	lsls	r2, r2, #8
10000ab8:	4314      	orrs	r4, r2
10000aba:	805c      	strh	r4, [r3, #2]
10000abc:	2301      	movs	r3, #1
10000abe:	6902      	ldr	r2, [r0, #16]
10000ac0:	7183      	strb	r3, [r0, #6]
10000ac2:	f3bf 8f5f 	dmb	sy
10000ac6:	2100      	movs	r1, #0
10000ac8:	6011      	str	r1, [r2, #0]
10000aca:	f38c 8810 	msr	PRIMASK, ip
10000ace:	4904      	ldr	r1, [pc, #16]	@ (10000ae0 <alarm_pool_cancel_alarm+0x70>)
10000ad0:	7802      	ldrb	r2, [r0, #0]
10000ad2:	468c      	mov	ip, r1
10000ad4:	4093      	lsls	r3, r2
10000ad6:	68c2      	ldr	r2, [r0, #12]
10000ad8:	2001      	movs	r0, #1
10000ada:	4462      	add	r2, ip
10000adc:	6013      	str	r3, [r2, #0]
10000ade:	e7e8      	b.n	10000ab2 <alarm_pool_cancel_alarm+0x42>
10000ae0:	0000203c 	.word	0x0000203c

10000ae4 <best_effort_wfe_or_timeout>:
10000ae4:	b5f0      	push	{r4, r5, r6, r7, lr}
10000ae6:	4657      	mov	r7, sl
10000ae8:	464e      	mov	r6, r9
10000aea:	46de      	mov	lr, fp
10000aec:	4645      	mov	r5, r8
10000aee:	b5e0      	push	{r5, r6, r7, lr}
10000af0:	0006      	movs	r6, r0
10000af2:	000f      	movs	r7, r1
10000af4:	b085      	sub	sp, #20
10000af6:	f3ef 8305 	mrs	r3, IPSR
10000afa:	4699      	mov	r9, r3
10000afc:	468b      	mov	fp, r1
10000afe:	2b00      	cmp	r3, #0
10000b00:	d012      	beq.n	10000b28 <best_effort_wfe_or_timeout+0x44>
10000b02:	4938      	ldr	r1, [pc, #224]	@ (10000be4 <best_effort_wfe_or_timeout+0x100>)
10000b04:	2000      	movs	r0, #0
10000b06:	6a4b      	ldr	r3, [r1, #36]	@ 0x24
10000b08:	42bb      	cmp	r3, r7
10000b0a:	d306      	bcc.n	10000b1a <best_effort_wfe_or_timeout+0x36>
10000b0c:	6a8a      	ldr	r2, [r1, #40]	@ 0x28
10000b0e:	1bdb      	subs	r3, r3, r7
10000b10:	1e59      	subs	r1, r3, #1
10000b12:	418b      	sbcs	r3, r1
10000b14:	42b2      	cmp	r2, r6
10000b16:	4140      	adcs	r0, r0
10000b18:	4318      	orrs	r0, r3
10000b1a:	b005      	add	sp, #20
10000b1c:	bcf0      	pop	{r4, r5, r6, r7}
10000b1e:	46bb      	mov	fp, r7
10000b20:	46b2      	mov	sl, r6
10000b22:	46a9      	mov	r9, r5
10000b24:	46a0      	mov	r8, r4
10000b26:	bdf0      	pop	{r4, r5, r6, r7, pc}
10000b28:	4b2f      	ldr	r3, [pc, #188]	@ (10000be8 <best_effort_wfe_or_timeout+0x104>)
10000b2a:	469a      	mov	sl, r3
10000b2c:	68db      	ldr	r3, [r3, #12]
10000b2e:	4698      	mov	r8, r3
10000b30:	4653      	mov	r3, sl
10000b32:	781b      	ldrb	r3, [r3, #0]
10000b34:	4640      	mov	r0, r8
10000b36:	9303      	str	r3, [sp, #12]
10000b38:	f000 f864 	bl	10000c04 <timer_time_us_64>
10000b3c:	4642      	mov	r2, r8
10000b3e:	9b03      	ldr	r3, [sp, #12]
10000b40:	0004      	movs	r4, r0
10000b42:	3304      	adds	r3, #4
10000b44:	009b      	lsls	r3, r3, #2
10000b46:	589b      	ldr	r3, [r3, r2]
10000b48:	000d      	movs	r5, r1
10000b4a:	1a1b      	subs	r3, r3, r0
10000b4c:	0039      	movs	r1, r7
10000b4e:	0030      	movs	r0, r6
10000b50:	1b00      	subs	r0, r0, r4
10000b52:	41a9      	sbcs	r1, r5
10000b54:	4589      	cmp	r9, r1
10000b56:	dc10      	bgt.n	10000b7a <best_effort_wfe_or_timeout+0x96>
10000b58:	d00d      	beq.n	10000b76 <best_effort_wfe_or_timeout+0x92>
10000b5a:	bf20      	wfe
10000b5c:	4a21      	ldr	r2, [pc, #132]	@ (10000be4 <best_effort_wfe_or_timeout+0x100>)
10000b5e:	2000      	movs	r0, #0
10000b60:	6a53      	ldr	r3, [r2, #36]	@ 0x24
10000b62:	455b      	cmp	r3, fp
10000b64:	d3d9      	bcc.n	10000b1a <best_effort_wfe_or_timeout+0x36>
10000b66:	6a92      	ldr	r2, [r2, #40]	@ 0x28
10000b68:	1bdb      	subs	r3, r3, r7
10000b6a:	1e59      	subs	r1, r3, #1
10000b6c:	418b      	sbcs	r3, r1
10000b6e:	42b2      	cmp	r2, r6
10000b70:	4140      	adcs	r0, r0
10000b72:	4318      	orrs	r0, r3
10000b74:	e7d1      	b.n	10000b1a <best_effort_wfe_or_timeout+0x36>
10000b76:	4283      	cmp	r3, r0
10000b78:	d9ef      	bls.n	10000b5a <best_effort_wfe_or_timeout+0x76>
10000b7a:	f000 f84b 	bl	10000c14 <time_us_64>
10000b7e:	0032      	movs	r2, r6
10000b80:	003b      	movs	r3, r7
10000b82:	1a12      	subs	r2, r2, r0
10000b84:	418b      	sbcs	r3, r1
10000b86:	2b00      	cmp	r3, #0
10000b88:	db1a      	blt.n	10000bc0 <best_effort_wfe_or_timeout+0xdc>
10000b8a:	2300      	movs	r3, #0
10000b8c:	9301      	str	r3, [sp, #4]
10000b8e:	4b17      	ldr	r3, [pc, #92]	@ (10000bec <best_effort_wfe_or_timeout+0x108>)
10000b90:	0032      	movs	r2, r6
10000b92:	9300      	str	r3, [sp, #0]
10000b94:	4650      	mov	r0, sl
10000b96:	003b      	movs	r3, r7
10000b98:	f7ff ff12 	bl	100009c0 <alarm_pool_add_alarm_at_force_in_context>
10000b9c:	1e01      	subs	r1, r0, #0
10000b9e:	dd0f      	ble.n	10000bc0 <best_effort_wfe_or_timeout+0xdc>
10000ba0:	4b10      	ldr	r3, [pc, #64]	@ (10000be4 <best_effort_wfe_or_timeout+0x100>)
10000ba2:	6a5a      	ldr	r2, [r3, #36]	@ 0x24
10000ba4:	455a      	cmp	r2, fp
10000ba6:	d31b      	bcc.n	10000be0 <best_effort_wfe_or_timeout+0xfc>
10000ba8:	6a9b      	ldr	r3, [r3, #40]	@ 0x28
10000baa:	42b3      	cmp	r3, r6
10000bac:	d316      	bcc.n	10000bdc <best_effort_wfe_or_timeout+0xf8>
10000bae:	4650      	mov	r0, sl
10000bb0:	f7ff ff5e 	bl	10000a70 <alarm_pool_cancel_alarm>
10000bb4:	4a0b      	ldr	r2, [pc, #44]	@ (10000be4 <best_effort_wfe_or_timeout+0x100>)
10000bb6:	2000      	movs	r0, #0
10000bb8:	6a53      	ldr	r3, [r2, #36]	@ 0x24
10000bba:	455b      	cmp	r3, fp
10000bbc:	d3ad      	bcc.n	10000b1a <best_effort_wfe_or_timeout+0x36>
10000bbe:	e7d2      	b.n	10000b66 <best_effort_wfe_or_timeout+0x82>
10000bc0:	4a08      	ldr	r2, [pc, #32]	@ (10000be4 <best_effort_wfe_or_timeout+0x100>)
10000bc2:	2000      	movs	r0, #0
10000bc4:	6a53      	ldr	r3, [r2, #36]	@ 0x24
10000bc6:	455b      	cmp	r3, fp
10000bc8:	d3a7      	bcc.n	10000b1a <best_effort_wfe_or_timeout+0x36>
10000bca:	2000      	movs	r0, #0
10000bcc:	6a92      	ldr	r2, [r2, #40]	@ 0x28
10000bce:	1bdb      	subs	r3, r3, r7
10000bd0:	42b2      	cmp	r2, r6
10000bd2:	4140      	adcs	r0, r0
10000bd4:	1e5a      	subs	r2, r3, #1
10000bd6:	4193      	sbcs	r3, r2
10000bd8:	4318      	orrs	r0, r3
10000bda:	e79e      	b.n	10000b1a <best_effort_wfe_or_timeout+0x36>
10000bdc:	455a      	cmp	r2, fp
10000bde:	d1e6      	bne.n	10000bae <best_effort_wfe_or_timeout+0xca>
10000be0:	bf20      	wfe
10000be2:	e7e4      	b.n	10000bae <best_effort_wfe_or_timeout+0xca>
10000be4:	40054000 	.word	0x40054000
10000be8:	200001bc 	.word	0x200001bc
10000bec:	100008c1 	.word	0x100008c1

10000bf0 <timer_hardware_alarm_claim>:
10000bf0:	b510      	push	{r4, lr}
10000bf2:	4a02      	ldr	r2, [pc, #8]	@ (10000bfc <timer_hardware_alarm_claim+0xc>)
10000bf4:	4802      	ldr	r0, [pc, #8]	@ (10000c00 <timer_hardware_alarm_claim+0x10>)
10000bf6:	f7ff fbfb 	bl	100003f0 <hw_claim_or_assert>
10000bfa:	bd10      	pop	{r4, pc}
10000bfc:	10004e60 	.word	0x10004e60
10000c00:	20000790 	.word	0x20000790

10000c04 <timer_time_us_64>:
10000c04:	0003      	movs	r3, r0
10000c06:	6a41      	ldr	r1, [r0, #36]	@ 0x24
10000c08:	000a      	movs	r2, r1
10000c0a:	6a98      	ldr	r0, [r3, #40]	@ 0x28
10000c0c:	6a59      	ldr	r1, [r3, #36]	@ 0x24
10000c0e:	428a      	cmp	r2, r1
10000c10:	d1fa      	bne.n	10000c08 <timer_time_us_64+0x4>
10000c12:	4770      	bx	lr

10000c14 <time_us_64>:
10000c14:	4b03      	ldr	r3, [pc, #12]	@ (10000c24 <time_us_64+0x10>)
10000c16:	6a59      	ldr	r1, [r3, #36]	@ 0x24
10000c18:	000a      	movs	r2, r1
10000c1a:	6a98      	ldr	r0, [r3, #40]	@ 0x28
10000c1c:	6a59      	ldr	r1, [r3, #36]	@ 0x24
10000c1e:	4291      	cmp	r1, r2
10000c20:	d1fa      	bne.n	10000c18 <time_us_64+0x4>
10000c22:	4770      	bx	lr
10000c24:	40054000 	.word	0x40054000

10000c28 <clock_configure_int_divider>:
10000c28:	b5f8      	push	{r3, r4, r5, r6, r7, lr}
10000c2a:	46de      	mov	lr, fp
10000c2c:	464e      	mov	r6, r9
10000c2e:	4657      	mov	r7, sl
10000c30:	4645      	mov	r5, r8
10000c32:	b5e0      	push	{r5, r6, r7, lr}
10000c34:	468b      	mov	fp, r1
10000c36:	0005      	movs	r5, r0
10000c38:	990a      	ldr	r1, [sp, #40]	@ 0x28
10000c3a:	0018      	movs	r0, r3
10000c3c:	0016      	movs	r6, r2
10000c3e:	f000 fa81 	bl	10001144 <__wrap___aeabi_uidiv>
10000c42:	9b0a      	ldr	r3, [sp, #40]	@ 0x28
10000c44:	006c      	lsls	r4, r5, #1
10000c46:	021f      	lsls	r7, r3, #8
10000c48:	4b32      	ldr	r3, [pc, #200]	@ (10000d14 <clock_configure_int_divider+0xec>)
10000c4a:	1964      	adds	r4, r4, r5
10000c4c:	469c      	mov	ip, r3
10000c4e:	00a4      	lsls	r4, r4, #2
10000c50:	4464      	add	r4, ip
10000c52:	6863      	ldr	r3, [r4, #4]
10000c54:	4681      	mov	r9, r0
10000c56:	429f      	cmp	r7, r3
10000c58:	d900      	bls.n	10000c5c <clock_configure_int_divider+0x34>
10000c5a:	6067      	str	r7, [r4, #4]
10000c5c:	1f2b      	subs	r3, r5, #4
10000c5e:	b2db      	uxtb	r3, r3
10000c60:	4698      	mov	r8, r3
10000c62:	2b01      	cmp	r3, #1
10000c64:	d930      	bls.n	10000cc8 <clock_configure_int_divider+0xa0>
10000c66:	23c0      	movs	r3, #192	@ 0xc0
10000c68:	2280      	movs	r2, #128	@ 0x80
10000c6a:	019b      	lsls	r3, r3, #6
10000c6c:	18e3      	adds	r3, r4, r3
10000c6e:	0112      	lsls	r2, r2, #4
10000c70:	601a      	str	r2, [r3, #0]
10000c72:	4b29      	ldr	r3, [pc, #164]	@ (10000d18 <clock_configure_int_divider+0xf0>)
10000c74:	00ad      	lsls	r5, r5, #2
10000c76:	5959      	ldr	r1, [r3, r5]
10000c78:	469a      	mov	sl, r3
10000c7a:	2900      	cmp	r1, #0
10000c7c:	d11b      	bne.n	10000cb6 <clock_configure_int_divider+0x8e>
10000c7e:	0173      	lsls	r3, r6, #5
10000c80:	26e0      	movs	r6, #224	@ 0xe0
10000c82:	6822      	ldr	r2, [r4, #0]
10000c84:	4053      	eors	r3, r2
10000c86:	401e      	ands	r6, r3
10000c88:	2380      	movs	r3, #128	@ 0x80
10000c8a:	4642      	mov	r2, r8
10000c8c:	015b      	lsls	r3, r3, #5
10000c8e:	18e3      	adds	r3, r4, r3
10000c90:	601e      	str	r6, [r3, #0]
10000c92:	2a01      	cmp	r2, #1
10000c94:	d930      	bls.n	10000cf8 <clock_configure_int_divider+0xd0>
10000c96:	2380      	movs	r3, #128	@ 0x80
10000c98:	2280      	movs	r2, #128	@ 0x80
10000c9a:	019b      	lsls	r3, r3, #6
10000c9c:	18e3      	adds	r3, r4, r3
10000c9e:	0112      	lsls	r2, r2, #4
10000ca0:	601a      	str	r2, [r3, #0]
10000ca2:	4653      	mov	r3, sl
10000ca4:	464a      	mov	r2, r9
10000ca6:	6067      	str	r7, [r4, #4]
10000ca8:	515a      	str	r2, [r3, r5]
10000caa:	bcf0      	pop	{r4, r5, r6, r7}
10000cac:	46bb      	mov	fp, r7
10000cae:	46b2      	mov	sl, r6
10000cb0:	46a9      	mov	r9, r5
10000cb2:	46a0      	mov	r8, r4
10000cb4:	bdf8      	pop	{r3, r4, r5, r6, r7, pc}
10000cb6:	6958      	ldr	r0, [r3, #20]
10000cb8:	f000 fa44 	bl	10001144 <__wrap___aeabi_uidiv>
10000cbc:	3001      	adds	r0, #1
10000cbe:	0043      	lsls	r3, r0, #1
10000cc0:	181b      	adds	r3, r3, r0
10000cc2:	3b03      	subs	r3, #3
10000cc4:	d2fd      	bcs.n	10000cc2 <clock_configure_int_divider+0x9a>
10000cc6:	e7da      	b.n	10000c7e <clock_configure_int_divider+0x56>
10000cc8:	465b      	mov	r3, fp
10000cca:	2b01      	cmp	r3, #1
10000ccc:	d1cb      	bne.n	10000c66 <clock_configure_int_divider+0x3e>
10000cce:	23c0      	movs	r3, #192	@ 0xc0
10000cd0:	2203      	movs	r2, #3
10000cd2:	019b      	lsls	r3, r3, #6
10000cd4:	18e3      	adds	r3, r4, r3
10000cd6:	601a      	str	r2, [r3, #0]
10000cd8:	3a02      	subs	r2, #2
10000cda:	68a3      	ldr	r3, [r4, #8]
10000cdc:	421a      	tst	r2, r3
10000cde:	d0fc      	beq.n	10000cda <clock_configure_int_divider+0xb2>
10000ce0:	0173      	lsls	r3, r6, #5
10000ce2:	26e0      	movs	r6, #224	@ 0xe0
10000ce4:	6822      	ldr	r2, [r4, #0]
10000ce6:	00ad      	lsls	r5, r5, #2
10000ce8:	4053      	eors	r3, r2
10000cea:	401e      	ands	r6, r3
10000cec:	2380      	movs	r3, #128	@ 0x80
10000cee:	4a0a      	ldr	r2, [pc, #40]	@ (10000d18 <clock_configure_int_divider+0xf0>)
10000cf0:	015b      	lsls	r3, r3, #5
10000cf2:	4692      	mov	sl, r2
10000cf4:	18e3      	adds	r3, r4, r3
10000cf6:	601e      	str	r6, [r3, #0]
10000cf8:	465a      	mov	r2, fp
10000cfa:	6821      	ldr	r1, [r4, #0]
10000cfc:	4051      	eors	r1, r2
10000cfe:	2203      	movs	r2, #3
10000d00:	400a      	ands	r2, r1
10000d02:	601a      	str	r2, [r3, #0]
10000d04:	2201      	movs	r2, #1
10000d06:	465b      	mov	r3, fp
10000d08:	409a      	lsls	r2, r3
10000d0a:	68a3      	ldr	r3, [r4, #8]
10000d0c:	421a      	tst	r2, r3
10000d0e:	d0fc      	beq.n	10000d0a <clock_configure_int_divider+0xe2>
10000d10:	e7c1      	b.n	10000c96 <clock_configure_int_divider+0x6e>
10000d12:	46c0      	nop			@ (mov r8, r8)
10000d14:	40008000 	.word	0x40008000
10000d18:	20000794 	.word	0x20000794

10000d1c <clock_configure_undivided>:
10000d1c:	b5f0      	push	{r4, r5, r6, r7, lr}
10000d1e:	4646      	mov	r6, r8
10000d20:	464f      	mov	r7, r9
10000d22:	46d6      	mov	lr, sl
10000d24:	b5c0      	push	{r6, r7, lr}
10000d26:	001f      	movs	r7, r3
10000d28:	4b34      	ldr	r3, [pc, #208]	@ (10000dfc <clock_configure_undivided+0xe0>)
10000d2a:	0044      	lsls	r4, r0, #1
10000d2c:	469c      	mov	ip, r3
10000d2e:	1824      	adds	r4, r4, r0
10000d30:	00a4      	lsls	r4, r4, #2
10000d32:	4464      	add	r4, ip
10000d34:	6863      	ldr	r3, [r4, #4]
10000d36:	4688      	mov	r8, r1
10000d38:	0016      	movs	r6, r2
10000d3a:	2bff      	cmp	r3, #255	@ 0xff
10000d3c:	d802      	bhi.n	10000d44 <clock_configure_undivided+0x28>
10000d3e:	2380      	movs	r3, #128	@ 0x80
10000d40:	005b      	lsls	r3, r3, #1
10000d42:	6063      	str	r3, [r4, #4]
10000d44:	1f03      	subs	r3, r0, #4
10000d46:	b2db      	uxtb	r3, r3
10000d48:	469a      	mov	sl, r3
10000d4a:	2b01      	cmp	r3, #1
10000d4c:	d930      	bls.n	10000db0 <clock_configure_undivided+0x94>
10000d4e:	23c0      	movs	r3, #192	@ 0xc0
10000d50:	2280      	movs	r2, #128	@ 0x80
10000d52:	019b      	lsls	r3, r3, #6
10000d54:	18e3      	adds	r3, r4, r3
10000d56:	0112      	lsls	r2, r2, #4
10000d58:	601a      	str	r2, [r3, #0]
10000d5a:	4b29      	ldr	r3, [pc, #164]	@ (10000e00 <clock_configure_undivided+0xe4>)
10000d5c:	0085      	lsls	r5, r0, #2
10000d5e:	5959      	ldr	r1, [r3, r5]
10000d60:	4699      	mov	r9, r3
10000d62:	2900      	cmp	r1, #0
10000d64:	d11b      	bne.n	10000d9e <clock_configure_undivided+0x82>
10000d66:	0173      	lsls	r3, r6, #5
10000d68:	26e0      	movs	r6, #224	@ 0xe0
10000d6a:	6822      	ldr	r2, [r4, #0]
10000d6c:	4053      	eors	r3, r2
10000d6e:	401e      	ands	r6, r3
10000d70:	2380      	movs	r3, #128	@ 0x80
10000d72:	4652      	mov	r2, sl
10000d74:	015b      	lsls	r3, r3, #5
10000d76:	18e3      	adds	r3, r4, r3
10000d78:	601e      	str	r6, [r3, #0]
10000d7a:	2a01      	cmp	r2, #1
10000d7c:	d930      	bls.n	10000de0 <clock_configure_undivided+0xc4>
10000d7e:	2380      	movs	r3, #128	@ 0x80
10000d80:	2280      	movs	r2, #128	@ 0x80
10000d82:	019b      	lsls	r3, r3, #6
10000d84:	18e3      	adds	r3, r4, r3
10000d86:	0112      	lsls	r2, r2, #4
10000d88:	601a      	str	r2, [r3, #0]
10000d8a:	2380      	movs	r3, #128	@ 0x80
10000d8c:	005b      	lsls	r3, r3, #1
10000d8e:	6063      	str	r3, [r4, #4]
10000d90:	464b      	mov	r3, r9
10000d92:	515f      	str	r7, [r3, r5]
10000d94:	bce0      	pop	{r5, r6, r7}
10000d96:	46ba      	mov	sl, r7
10000d98:	46b1      	mov	r9, r6
10000d9a:	46a8      	mov	r8, r5
10000d9c:	bdf0      	pop	{r4, r5, r6, r7, pc}
10000d9e:	6958      	ldr	r0, [r3, #20]
10000da0:	f000 f9d0 	bl	10001144 <__wrap___aeabi_uidiv>
10000da4:	3001      	adds	r0, #1
10000da6:	0043      	lsls	r3, r0, #1
10000da8:	181b      	adds	r3, r3, r0
10000daa:	3b03      	subs	r3, #3
10000dac:	d2fd      	bcs.n	10000daa <clock_configure_undivided+0x8e>
10000dae:	e7da      	b.n	10000d66 <clock_configure_undivided+0x4a>
10000db0:	4643      	mov	r3, r8
10000db2:	2b01      	cmp	r3, #1
10000db4:	d1cb      	bne.n	10000d4e <clock_configure_undivided+0x32>
10000db6:	23c0      	movs	r3, #192	@ 0xc0
10000db8:	2203      	movs	r2, #3
10000dba:	019b      	lsls	r3, r3, #6
10000dbc:	18e3      	adds	r3, r4, r3
10000dbe:	601a      	str	r2, [r3, #0]
10000dc0:	3a02      	subs	r2, #2
10000dc2:	68a3      	ldr	r3, [r4, #8]
10000dc4:	421a      	tst	r2, r3
10000dc6:	d0fc      	beq.n	10000dc2 <clock_configure_undivided+0xa6>
10000dc8:	0173      	lsls	r3, r6, #5
10000dca:	26e0      	movs	r6, #224	@ 0xe0
10000dcc:	6822      	ldr	r2, [r4, #0]
10000dce:	0085      	lsls	r5, r0, #2
10000dd0:	4053      	eors	r3, r2
10000dd2:	401e      	ands	r6, r3
10000dd4:	2380      	movs	r3, #128	@ 0x80
10000dd6:	4a0a      	ldr	r2, [pc, #40]	@ (10000e00 <clock_configure_undivided+0xe4>)
10000dd8:	015b      	lsls	r3, r3, #5
10000dda:	4691      	mov	r9, r2
10000ddc:	18e3      	adds	r3, r4, r3
10000dde:	601e      	str	r6, [r3, #0]
10000de0:	4642      	mov	r2, r8
10000de2:	6821      	ldr	r1, [r4, #0]
10000de4:	4051      	eors	r1, r2
10000de6:	2203      	movs	r2, #3
10000de8:	400a      	ands	r2, r1
10000dea:	601a      	str	r2, [r3, #0]
10000dec:	2301      	movs	r3, #1
10000dee:	4642      	mov	r2, r8
10000df0:	4093      	lsls	r3, r2
10000df2:	68a2      	ldr	r2, [r4, #8]
10000df4:	4213      	tst	r3, r2
10000df6:	d0fc      	beq.n	10000df2 <clock_configure_undivided+0xd6>
10000df8:	e7c1      	b.n	10000d7e <clock_configure_undivided+0x62>
10000dfa:	46c0      	nop			@ (mov r8, r8)
10000dfc:	40008000 	.word	0x40008000
10000e00:	20000794 	.word	0x20000794

10000e04 <clock_get_hz>:
10000e04:	4b01      	ldr	r3, [pc, #4]	@ (10000e0c <clock_get_hz+0x8>)
10000e06:	0080      	lsls	r0, r0, #2
10000e08:	58c0      	ldr	r0, [r0, r3]
10000e0a:	4770      	bx	lr
10000e0c:	20000794 	.word	0x20000794

10000e10 <pll_init>:
10000e10:	b5f8      	push	{r3, r4, r5, r6, r7, lr}
10000e12:	0004      	movs	r4, r0
10000e14:	4821      	ldr	r0, [pc, #132]	@ (10000e9c <pll_init+0x8c>)
10000e16:	001e      	movs	r6, r3
10000e18:	0017      	movs	r7, r2
10000e1a:	000d      	movs	r5, r1
10000e1c:	f000 f992 	bl	10001144 <__wrap___aeabi_uidiv>
10000e20:	0001      	movs	r1, r0
10000e22:	0038      	movs	r0, r7
10000e24:	f000 f98e 	bl	10001144 <__wrap___aeabi_uidiv>
10000e28:	9b06      	ldr	r3, [sp, #24]
10000e2a:	0436      	lsls	r6, r6, #16
10000e2c:	031b      	lsls	r3, r3, #12
10000e2e:	431e      	orrs	r6, r3
10000e30:	6823      	ldr	r3, [r4, #0]
10000e32:	2b00      	cmp	r3, #0
10000e34:	db20      	blt.n	10000e78 <pll_init+0x68>
10000e36:	4b1a      	ldr	r3, [pc, #104]	@ (10000ea0 <pll_init+0x90>)
10000e38:	491a      	ldr	r1, [pc, #104]	@ (10000ea4 <pll_init+0x94>)
10000e3a:	18e3      	adds	r3, r4, r3
10000e3c:	1e5a      	subs	r2, r3, #1
10000e3e:	4193      	sbcs	r3, r2
10000e40:	2280      	movs	r2, #128	@ 0x80
10000e42:	0192      	lsls	r2, r2, #6
10000e44:	4694      	mov	ip, r2
10000e46:	425b      	negs	r3, r3
10000e48:	0b1b      	lsrs	r3, r3, #12
10000e4a:	4a17      	ldr	r2, [pc, #92]	@ (10000ea8 <pll_init+0x98>)
10000e4c:	031b      	lsls	r3, r3, #12
10000e4e:	4463      	add	r3, ip
10000e50:	6013      	str	r3, [r2, #0]
10000e52:	4a16      	ldr	r2, [pc, #88]	@ (10000eac <pll_init+0x9c>)
10000e54:	6013      	str	r3, [r2, #0]
10000e56:	001f      	movs	r7, r3
10000e58:	680a      	ldr	r2, [r1, #0]
10000e5a:	4397      	bics	r7, r2
10000e5c:	d1fb      	bne.n	10000e56 <pll_init+0x46>
10000e5e:	4b14      	ldr	r3, [pc, #80]	@ (10000eb0 <pll_init+0xa0>)
10000e60:	6025      	str	r5, [r4, #0]
10000e62:	18e2      	adds	r2, r4, r3
10000e64:	2321      	movs	r3, #33	@ 0x21
10000e66:	60a0      	str	r0, [r4, #8]
10000e68:	6013      	str	r3, [r2, #0]
10000e6a:	6823      	ldr	r3, [r4, #0]
10000e6c:	2b00      	cmp	r3, #0
10000e6e:	dafc      	bge.n	10000e6a <pll_init+0x5a>
10000e70:	2308      	movs	r3, #8
10000e72:	60e6      	str	r6, [r4, #12]
10000e74:	6013      	str	r3, [r2, #0]
10000e76:	bdf8      	pop	{r3, r4, r5, r6, r7, pc}
10000e78:	233f      	movs	r3, #63	@ 0x3f
10000e7a:	6822      	ldr	r2, [r4, #0]
10000e7c:	4013      	ands	r3, r2
10000e7e:	42ab      	cmp	r3, r5
10000e80:	d1d9      	bne.n	10000e36 <pll_init+0x26>
10000e82:	68a3      	ldr	r3, [r4, #8]
10000e84:	051b      	lsls	r3, r3, #20
10000e86:	0d1b      	lsrs	r3, r3, #20
10000e88:	4283      	cmp	r3, r0
10000e8a:	d1d4      	bne.n	10000e36 <pll_init+0x26>
10000e8c:	22ee      	movs	r2, #238	@ 0xee
10000e8e:	68e3      	ldr	r3, [r4, #12]
10000e90:	02d2      	lsls	r2, r2, #11
10000e92:	4013      	ands	r3, r2
10000e94:	42b3      	cmp	r3, r6
10000e96:	d1ce      	bne.n	10000e36 <pll_init+0x26>
10000e98:	e7ed      	b.n	10000e76 <pll_init+0x66>
10000e9a:	46c0      	nop			@ (mov r8, r8)
10000e9c:	00b71b00 	.word	0x00b71b00
10000ea0:	bffd4000 	.word	0xbffd4000
10000ea4:	4000c008 	.word	0x4000c008
10000ea8:	4000e000 	.word	0x4000e000
10000eac:	4000f000 	.word	0x4000f000
10000eb0:	00003004 	.word	0x00003004

10000eb4 <tick_start>:
10000eb4:	2380      	movs	r3, #128	@ 0x80
10000eb6:	4a02      	ldr	r2, [pc, #8]	@ (10000ec0 <tick_start+0xc>)
10000eb8:	009b      	lsls	r3, r3, #2
10000eba:	430b      	orrs	r3, r1
10000ebc:	62d3      	str	r3, [r2, #44]	@ 0x2c
10000ebe:	4770      	bx	lr
10000ec0:	40058000 	.word	0x40058000

10000ec4 <rom_func_lookup>:
10000ec4:	2300      	movs	r3, #0
10000ec6:	b510      	push	{r4, lr}
10000ec8:	0001      	movs	r1, r0
10000eca:	8a98      	ldrh	r0, [r3, #20]
10000ecc:	8b1b      	ldrh	r3, [r3, #24]
10000ece:	4798      	blx	r3
10000ed0:	bd10      	pop	{r4, pc}
10000ed2:	46c0      	nop			@ (mov r8, r8)

10000ed4 <rom_data_lookup>:
10000ed4:	2316      	movs	r3, #22
10000ed6:	b510      	push	{r4, lr}
10000ed8:	0001      	movs	r1, r0
10000eda:	8818      	ldrh	r0, [r3, #0]
10000edc:	3302      	adds	r3, #2
10000ede:	881b      	ldrh	r3, [r3, #0]
10000ee0:	4798      	blx	r3
10000ee2:	bd10      	pop	{r4, pc}

10000ee4 <rom_funcs_lookup>:
10000ee4:	b5f8      	push	{r3, r4, r5, r6, r7, lr}
10000ee6:	4647      	mov	r7, r8
10000ee8:	46ce      	mov	lr, r9
10000eea:	b580      	push	{r7, lr}
10000eec:	1e0f      	subs	r7, r1, #0
10000eee:	d018      	beq.n	10000f22 <rom_funcs_lookup+0x3e>
10000ef0:	2314      	movs	r3, #20
10000ef2:	4699      	mov	r9, r3
10000ef4:	3304      	adds	r3, #4
10000ef6:	0004      	movs	r4, r0
10000ef8:	2500      	movs	r5, #0
10000efa:	2601      	movs	r6, #1
10000efc:	4698      	mov	r8, r3
10000efe:	464b      	mov	r3, r9
10000f00:	8818      	ldrh	r0, [r3, #0]
10000f02:	4643      	mov	r3, r8
10000f04:	6821      	ldr	r1, [r4, #0]
10000f06:	881b      	ldrh	r3, [r3, #0]
10000f08:	4798      	blx	r3
10000f0a:	c401      	stmia	r4!, {r0}
10000f0c:	1e43      	subs	r3, r0, #1
10000f0e:	4198      	sbcs	r0, r3
10000f10:	3501      	adds	r5, #1
10000f12:	4006      	ands	r6, r0
10000f14:	42af      	cmp	r7, r5
10000f16:	d1f2      	bne.n	10000efe <rom_funcs_lookup+0x1a>
10000f18:	0030      	movs	r0, r6
10000f1a:	bcc0      	pop	{r6, r7}
10000f1c:	46b9      	mov	r9, r7
10000f1e:	46b0      	mov	r8, r6
10000f20:	bdf8      	pop	{r3, r4, r5, r6, r7, pc}
10000f22:	2601      	movs	r6, #1
10000f24:	e7f8      	b.n	10000f18 <rom_funcs_lookup+0x34>
10000f26:	46c0      	nop			@ (mov r8, r8)

10000f28 <xosc_init>:
10000f28:	23aa      	movs	r3, #170	@ 0xaa
10000f2a:	4a06      	ldr	r2, [pc, #24]	@ (10000f44 <xosc_init+0x1c>)
10000f2c:	011b      	lsls	r3, r3, #4
10000f2e:	6013      	str	r3, [r2, #0]
10000f30:	238d      	movs	r3, #141	@ 0x8d
10000f32:	005b      	lsls	r3, r3, #1
10000f34:	60d3      	str	r3, [r2, #12]
10000f36:	4904      	ldr	r1, [pc, #16]	@ (10000f48 <xosc_init+0x20>)
10000f38:	4b04      	ldr	r3, [pc, #16]	@ (10000f4c <xosc_init+0x24>)
10000f3a:	6019      	str	r1, [r3, #0]
10000f3c:	6853      	ldr	r3, [r2, #4]
10000f3e:	2b00      	cmp	r3, #0
10000f40:	dafc      	bge.n	10000f3c <xosc_init+0x14>
10000f42:	4770      	bx	lr
10000f44:	40024000 	.word	0x40024000
10000f48:	00fab000 	.word	0x00fab000
10000f4c:	40026000 	.word	0x40026000

10000f50 <first_per_core_initializer>:
10000f50:	4770      	bx	lr
10000f52:	46c0      	nop			@ (mov r8, r8)

10000f54 <hard_assertion_failure>:
10000f54:	b510      	push	{r4, lr}
10000f56:	4801      	ldr	r0, [pc, #4]	@ (10000f5c <hard_assertion_failure+0x8>)
10000f58:	f7ff fa2c 	bl	100003b4 <panic>
10000f5c:	10004e84 	.word	0x10004e84

10000f60 <runtime_run_initializers>:
10000f60:	b570      	push	{r4, r5, r6, lr}
10000f62:	4d07      	ldr	r5, [pc, #28]	@ (10000f80 <runtime_run_initializers+0x20>)
10000f64:	4e07      	ldr	r6, [pc, #28]	@ (10000f84 <runtime_run_initializers+0x24>)
10000f66:	42b5      	cmp	r5, r6
10000f68:	d209      	bcs.n	10000f7e <runtime_run_initializers+0x1e>
10000f6a:	2400      	movs	r4, #0
10000f6c:	3e01      	subs	r6, #1
10000f6e:	1b76      	subs	r6, r6, r5
10000f70:	08b6      	lsrs	r6, r6, #2
10000f72:	cd08      	ldmia	r5!, {r3}
10000f74:	4798      	blx	r3
10000f76:	0023      	movs	r3, r4
10000f78:	3401      	adds	r4, #1
10000f7a:	42b3      	cmp	r3, r6
10000f7c:	d1f9      	bne.n	10000f72 <runtime_run_initializers+0x12>
10000f7e:	bd70      	pop	{r4, r5, r6, pc}
10000f80:	10004dc8 	.word	0x10004dc8
10000f84:	10004e04 	.word	0x10004e04

10000f88 <runtime_run_per_core_initializers>:
10000f88:	b570      	push	{r4, r5, r6, lr}
10000f8a:	4d07      	ldr	r5, [pc, #28]	@ (10000fa8 <runtime_run_per_core_initializers+0x20>)
10000f8c:	4e07      	ldr	r6, [pc, #28]	@ (10000fac <runtime_run_per_core_initializers+0x24>)
10000f8e:	42b5      	cmp	r5, r6
10000f90:	d209      	bcs.n	10000fa6 <runtime_run_per_core_initializers+0x1e>
10000f92:	2400      	movs	r4, #0
10000f94:	3e01      	subs	r6, #1
10000f96:	1b76      	subs	r6, r6, r5
10000f98:	08b6      	lsrs	r6, r6, #2
10000f9a:	cd08      	ldmia	r5!, {r3}
10000f9c:	4798      	blx	r3
10000f9e:	0023      	movs	r3, r4
10000fa0:	3401      	adds	r4, #1
10000fa2:	42b3      	cmp	r3, r6
10000fa4:	d1f9      	bne.n	10000f9a <runtime_run_per_core_initializers+0x12>
10000fa6:	bd70      	pop	{r4, r5, r6, pc}
10000fa8:	10004dfc 	.word	0x10004dfc
10000fac:	10004e04 	.word	0x10004e04

10000fb0 <runtime_init_early_resets>:
10000fb0:	4b05      	ldr	r3, [pc, #20]	@ (10000fc8 <runtime_init_early_resets+0x18>)
10000fb2:	4a06      	ldr	r2, [pc, #24]	@ (10000fcc <runtime_init_early_resets+0x1c>)
10000fb4:	4906      	ldr	r1, [pc, #24]	@ (10000fd0 <runtime_init_early_resets+0x20>)
10000fb6:	601a      	str	r2, [r3, #0]
10000fb8:	4a06      	ldr	r2, [pc, #24]	@ (10000fd4 <runtime_init_early_resets+0x24>)
10000fba:	4b07      	ldr	r3, [pc, #28]	@ (10000fd8 <runtime_init_early_resets+0x28>)
10000fbc:	601a      	str	r2, [r3, #0]
10000fbe:	0010      	movs	r0, r2
10000fc0:	680b      	ldr	r3, [r1, #0]
10000fc2:	4398      	bics	r0, r3
10000fc4:	d1fb      	bne.n	10000fbe <runtime_init_early_resets+0xe>
10000fc6:	4770      	bx	lr
10000fc8:	4000e000 	.word	0x4000e000
10000fcc:	fefbcdbf 	.word	0xfefbcdbf
10000fd0:	4000c008 	.word	0x4000c008
10000fd4:	003c7ffe 	.word	0x003c7ffe
10000fd8:	4000f000 	.word	0x4000f000

10000fdc <runtime_init_usb_power_down>:
10000fdc:	4b04      	ldr	r3, [pc, #16]	@ (10000ff0 <runtime_init_usb_power_down+0x14>)
10000fde:	6cdb      	ldr	r3, [r3, #76]	@ 0x4c
10000fe0:	2b00      	cmp	r3, #0
10000fe2:	d103      	bne.n	10000fec <runtime_init_usb_power_down+0x10>
10000fe4:	2280      	movs	r2, #128	@ 0x80
10000fe6:	4b03      	ldr	r3, [pc, #12]	@ (10000ff4 <runtime_init_usb_power_down+0x18>)
10000fe8:	02d2      	lsls	r2, r2, #11
10000fea:	601a      	str	r2, [r3, #0]
10000fec:	4770      	bx	lr
10000fee:	46c0      	nop			@ (mov r8, r8)
10000ff0:	50110000 	.word	0x50110000
10000ff4:	5011204c 	.word	0x5011204c

10000ff8 <runtime_init_post_clock_resets>:
10000ff8:	4a04      	ldr	r2, [pc, #16]	@ (1000100c <runtime_init_post_clock_resets+0x14>)
10000ffa:	4b05      	ldr	r3, [pc, #20]	@ (10001010 <runtime_init_post_clock_resets+0x18>)
10000ffc:	601a      	str	r2, [r3, #0]
10000ffe:	4a05      	ldr	r2, [pc, #20]	@ (10001014 <runtime_init_post_clock_resets+0x1c>)
10001000:	6813      	ldr	r3, [r2, #0]
10001002:	01db      	lsls	r3, r3, #7
10001004:	3380      	adds	r3, #128	@ 0x80
10001006:	d1fb      	bne.n	10001000 <runtime_init_post_clock_resets+0x8>
10001008:	4770      	bx	lr
1000100a:	46c0      	nop			@ (mov r8, r8)
1000100c:	01ffffff 	.word	0x01ffffff
10001010:	4000f000 	.word	0x4000f000
10001014:	4000c008 	.word	0x4000c008

10001018 <runtime_init_rp2040_gpio_ie_disable>:
10001018:	2240      	movs	r2, #64	@ 0x40
1000101a:	4b03      	ldr	r3, [pc, #12]	@ (10001028 <runtime_init_rp2040_gpio_ie_disable+0x10>)
1000101c:	679a      	str	r2, [r3, #120]	@ 0x78
1000101e:	675a      	str	r2, [r3, #116]	@ 0x74
10001020:	671a      	str	r2, [r3, #112]	@ 0x70
10001022:	66da      	str	r2, [r3, #108]	@ 0x6c
10001024:	4770      	bx	lr
10001026:	46c0      	nop			@ (mov r8, r8)
10001028:	4001f000 	.word	0x4001f000

1000102c <runtime_init_spin_locks_reset>:
1000102c:	b510      	push	{r4, lr}
1000102e:	f7ff fa19 	bl	10000464 <spin_locks_reset>
10001032:	bd10      	pop	{r4, pc}

10001034 <runtime_init_install_ram_vector_table>:
10001034:	b570      	push	{r4, r5, r6, lr}
10001036:	4d04      	ldr	r5, [pc, #16]	@ (10001048 <runtime_init_install_ram_vector_table+0x14>)
10001038:	4c04      	ldr	r4, [pc, #16]	@ (1000104c <runtime_init_install_ram_vector_table+0x18>)
1000103a:	68a9      	ldr	r1, [r5, #8]
1000103c:	22c0      	movs	r2, #192	@ 0xc0
1000103e:	0020      	movs	r0, r4
10001040:	f000 fb76 	bl	10001730 <__wrap___aeabi_memcpy>
10001044:	60ac      	str	r4, [r5, #8]
10001046:	bd70      	pop	{r4, r5, r6, pc}
10001048:	e000ed00 	.word	0xe000ed00
1000104c:	20000000 	.word	0x20000000

10001050 <runtime_init_clocks>:
10001050:	2300      	movs	r3, #0
10001052:	b510      	push	{r4, lr}
10001054:	4c29      	ldr	r4, [pc, #164]	@ (100010fc <runtime_init_clocks+0xac>)
10001056:	b082      	sub	sp, #8
10001058:	67a3      	str	r3, [r4, #120]	@ 0x78
1000105a:	f7ff ff65 	bl	10000f28 <xosc_init>
1000105e:	2201      	movs	r2, #1
10001060:	4b27      	ldr	r3, [pc, #156]	@ (10001100 <runtime_init_clocks+0xb0>)
10001062:	601a      	str	r2, [r3, #0]
10001064:	6c63      	ldr	r3, [r4, #68]	@ 0x44
10001066:	2b01      	cmp	r3, #1
10001068:	d1fc      	bne.n	10001064 <runtime_init_clocks+0x14>
1000106a:	2203      	movs	r2, #3
1000106c:	4b25      	ldr	r3, [pc, #148]	@ (10001104 <runtime_init_clocks+0xb4>)
1000106e:	601a      	str	r2, [r3, #0]
10001070:	4a22      	ldr	r2, [pc, #136]	@ (100010fc <runtime_init_clocks+0xac>)
10001072:	6b93      	ldr	r3, [r2, #56]	@ 0x38
10001074:	2b01      	cmp	r3, #1
10001076:	d1fc      	bne.n	10001072 <runtime_init_clocks+0x22>
10001078:	3301      	adds	r3, #1
1000107a:	9300      	str	r3, [sp, #0]
1000107c:	2101      	movs	r1, #1
1000107e:	4a22      	ldr	r2, [pc, #136]	@ (10001108 <runtime_init_clocks+0xb8>)
10001080:	4822      	ldr	r0, [pc, #136]	@ (1000110c <runtime_init_clocks+0xbc>)
10001082:	3304      	adds	r3, #4
10001084:	f7ff fec4 	bl	10000e10 <pll_init>
10001088:	2305      	movs	r3, #5
1000108a:	2101      	movs	r1, #1
1000108c:	9300      	str	r3, [sp, #0]
1000108e:	4a20      	ldr	r2, [pc, #128]	@ (10001110 <runtime_init_clocks+0xc0>)
10001090:	4820      	ldr	r0, [pc, #128]	@ (10001114 <runtime_init_clocks+0xc4>)
10001092:	f7ff febd 	bl	10000e10 <pll_init>
10001096:	2200      	movs	r2, #0
10001098:	2102      	movs	r1, #2
1000109a:	2004      	movs	r0, #4
1000109c:	4b1e      	ldr	r3, [pc, #120]	@ (10001118 <runtime_init_clocks+0xc8>)
1000109e:	f7ff fe3d 	bl	10000d1c <clock_configure_undivided>
100010a2:	2200      	movs	r2, #0
100010a4:	2101      	movs	r1, #1
100010a6:	2005      	movs	r0, #5
100010a8:	4b1c      	ldr	r3, [pc, #112]	@ (1000111c <runtime_init_clocks+0xcc>)
100010aa:	f7ff fe37 	bl	10000d1c <clock_configure_undivided>
100010ae:	2200      	movs	r2, #0
100010b0:	2100      	movs	r1, #0
100010b2:	2007      	movs	r0, #7
100010b4:	4b1a      	ldr	r3, [pc, #104]	@ (10001120 <runtime_init_clocks+0xd0>)
100010b6:	f7ff fe31 	bl	10000d1c <clock_configure_undivided>
100010ba:	2200      	movs	r2, #0
100010bc:	2100      	movs	r1, #0
100010be:	2008      	movs	r0, #8
100010c0:	4b17      	ldr	r3, [pc, #92]	@ (10001120 <runtime_init_clocks+0xd0>)
100010c2:	f7ff fe2b 	bl	10000d1c <clock_configure_undivided>
100010c6:	2380      	movs	r3, #128	@ 0x80
100010c8:	00db      	lsls	r3, r3, #3
100010ca:	9300      	str	r3, [sp, #0]
100010cc:	2200      	movs	r2, #0
100010ce:	2100      	movs	r1, #0
100010d0:	2009      	movs	r0, #9
100010d2:	4b13      	ldr	r3, [pc, #76]	@ (10001120 <runtime_init_clocks+0xd0>)
100010d4:	f7ff fda8 	bl	10000c28 <clock_configure_int_divider>
100010d8:	2200      	movs	r2, #0
100010da:	4b10      	ldr	r3, [pc, #64]	@ (1000111c <runtime_init_clocks+0xcc>)
100010dc:	2100      	movs	r1, #0
100010de:	2006      	movs	r0, #6
100010e0:	f7ff fe1c 	bl	10000d1c <clock_configure_undivided>
100010e4:	2004      	movs	r0, #4
100010e6:	f7ff fe8d 	bl	10000e04 <clock_get_hz>
100010ea:	490e      	ldr	r1, [pc, #56]	@ (10001124 <runtime_init_clocks+0xd4>)
100010ec:	f000 f82a 	bl	10001144 <__wrap___aeabi_uidiv>
100010f0:	0001      	movs	r1, r0
100010f2:	2000      	movs	r0, #0
100010f4:	f7ff fede 	bl	10000eb4 <tick_start>
100010f8:	b002      	add	sp, #8
100010fa:	bd10      	pop	{r4, pc}
100010fc:	40008000 	.word	0x40008000
10001100:	4000b03c 	.word	0x4000b03c
10001104:	4000b030 	.word	0x4000b030
10001108:	59682f00 	.word	0x59682f00
1000110c:	40028000 	.word	0x40028000
10001110:	47868c00 	.word	0x47868c00
10001114:	4002c000 	.word	0x4002c000
10001118:	00b71b00 	.word	0x00b71b00
1000111c:	07735940 	.word	0x07735940
10001120:	02dc6c00 	.word	0x02dc6c00
10001124:	000f4240 	.word	0x000f4240

10001128 <__aeabi_bits_init>:
10001128:	4801      	ldr	r0, [pc, #4]	@ (10001130 <__aeabi_bits_init+0x8>)
1000112a:	2104      	movs	r1, #4
1000112c:	4b01      	ldr	r3, [pc, #4]	@ (10001134 <__aeabi_bits_init+0xc>)
1000112e:	4718      	bx	r3
10001130:	200001e0 	.word	0x200001e0
10001134:	10000ee5 	.word	0x10000ee5

10001138 <__wrap___clz>:
10001138:	4b01      	ldr	r3, [pc, #4]	@ (10001140 <__wrap___clz+0x8>)
1000113a:	685b      	ldr	r3, [r3, #4]
1000113c:	4718      	bx	r3
1000113e:	0000      	.short	0x0000
10001140:	200001e0 	.word	0x200001e0

10001144 <__wrap___aeabi_uidiv>:
10001144:	4a11      	ldr	r2, [pc, #68]	@ (1000118c <divmod_u32u32_savestate+0x18>)
10001146:	6f93      	ldr	r3, [r2, #120]	@ 0x78
10001148:	089b      	lsrs	r3, r3, #2
1000114a:	d213      	bcs.n	10001174 <divmod_u32u32_savestate>

1000114c <divmod_u32u32_unsafe>:
1000114c:	6610      	str	r0, [r2, #96]	@ 0x60
1000114e:	6651      	str	r1, [r2, #100]	@ 0x64
10001150:	2900      	cmp	r1, #0
10001152:	d005      	beq.n	10001160 <divmod_u32u32_unsafe+0x14>
10001154:	e7ff      	b.n	10001156 <divmod_u32u32_unsafe+0xa>
10001156:	e7ff      	b.n	10001158 <divmod_u32u32_unsafe+0xc>
10001158:	e7ff      	b.n	1000115a <divmod_u32u32_unsafe+0xe>
1000115a:	6f51      	ldr	r1, [r2, #116]	@ 0x74
1000115c:	6f10      	ldr	r0, [r2, #112]	@ 0x70
1000115e:	4770      	bx	lr
10001160:	b504      	push	{r2, lr}
10001162:	2800      	cmp	r0, #0
10001164:	d001      	beq.n	1000116a <divmod_u32u32_unsafe+0x1e>
10001166:	2000      	movs	r0, #0
10001168:	43c0      	mvns	r0, r0
1000116a:	f003 fe1d 	bl	10004da8 <____aeabi_idiv0_veneer>
1000116e:	2100      	movs	r1, #0
10001170:	bd04      	pop	{r2, pc}
10001172:	46c0      	nop			@ (mov r8, r8)

10001174 <divmod_u32u32_savestate>:
10001174:	b5f0      	push	{r4, r5, r6, r7, lr}
10001176:	6e14      	ldr	r4, [r2, #96]	@ 0x60
10001178:	6e55      	ldr	r5, [r2, #100]	@ 0x64
1000117a:	6f57      	ldr	r7, [r2, #116]	@ 0x74
1000117c:	6f16      	ldr	r6, [r2, #112]	@ 0x70
1000117e:	f7ff ffe5 	bl	1000114c <divmod_u32u32_unsafe>
10001182:	6614      	str	r4, [r2, #96]	@ 0x60
10001184:	6655      	str	r5, [r2, #100]	@ 0x64
10001186:	6757      	str	r7, [r2, #116]	@ 0x74
10001188:	6716      	str	r6, [r2, #112]	@ 0x70
1000118a:	bdf0      	pop	{r4, r5, r6, r7, pc}
1000118c:	d0000000 	.word	0xd0000000

10001190 <__wrap___aeabi_ldivmod>:
10001190:	4694      	mov	ip, r2
10001192:	4a4a      	ldr	r2, [pc, #296]	@ (100012bc <udiv0+0x1a>)
10001194:	6f92      	ldr	r2, [r2, #120]	@ 0x78
10001196:	0892      	lsrs	r2, r2, #2
10001198:	4662      	mov	r2, ip
1000119a:	d201      	bcs.n	100011a0 <divmod_s64s64_savestate>
1000119c:	e028      	b.n	100011f0 <divmod_s64s64_unsafe>
1000119e:	46c0      	nop			@ (mov r8, r8)

100011a0 <divmod_s64s64_savestate>:
100011a0:	b5f0      	push	{r4, r5, r6, r7, lr}
100011a2:	4e46      	ldr	r6, [pc, #280]	@ (100012bc <udiv0+0x1a>)
100011a4:	6e34      	ldr	r4, [r6, #96]	@ 0x60
100011a6:	6e75      	ldr	r5, [r6, #100]	@ 0x64
100011a8:	6f77      	ldr	r7, [r6, #116]	@ 0x74
100011aa:	6f36      	ldr	r6, [r6, #112]	@ 0x70
100011ac:	f000 f820 	bl	100011f0 <divmod_s64s64_unsafe>
100011b0:	4694      	mov	ip, r2
100011b2:	4a42      	ldr	r2, [pc, #264]	@ (100012bc <udiv0+0x1a>)
100011b4:	6614      	str	r4, [r2, #96]	@ 0x60
100011b6:	6655      	str	r5, [r2, #100]	@ 0x64
100011b8:	6757      	str	r7, [r2, #116]	@ 0x74
100011ba:	6716      	str	r6, [r2, #112]	@ 0x70
100011bc:	4662      	mov	r2, ip
100011be:	bdf0      	pop	{r4, r5, r6, r7, pc}

100011c0 <__wrap___aeabi_uldivmod>:
100011c0:	4694      	mov	ip, r2
100011c2:	4a3e      	ldr	r2, [pc, #248]	@ (100012bc <udiv0+0x1a>)
100011c4:	6f92      	ldr	r2, [r2, #120]	@ 0x78
100011c6:	0892      	lsrs	r2, r2, #2
100011c8:	4662      	mov	r2, ip
100011ca:	d201      	bcs.n	100011d0 <divmod_u64u64_savestate>
100011cc:	e054      	b.n	10001278 <divmod_u64u64_unsafe>
100011ce:	46c0      	nop			@ (mov r8, r8)

100011d0 <divmod_u64u64_savestate>:
100011d0:	b5f0      	push	{r4, r5, r6, r7, lr}
100011d2:	4e3a      	ldr	r6, [pc, #232]	@ (100012bc <udiv0+0x1a>)
100011d4:	6e34      	ldr	r4, [r6, #96]	@ 0x60
100011d6:	6e75      	ldr	r5, [r6, #100]	@ 0x64
100011d8:	6f77      	ldr	r7, [r6, #116]	@ 0x74
100011da:	6f36      	ldr	r6, [r6, #112]	@ 0x70
100011dc:	f000 f84c 	bl	10001278 <divmod_u64u64_unsafe>
100011e0:	4694      	mov	ip, r2
100011e2:	4a36      	ldr	r2, [pc, #216]	@ (100012bc <udiv0+0x1a>)
100011e4:	6614      	str	r4, [r2, #96]	@ 0x60
100011e6:	6655      	str	r5, [r2, #100]	@ 0x64
100011e8:	6757      	str	r7, [r2, #116]	@ 0x74
100011ea:	6716      	str	r6, [r2, #112]	@ 0x70
100011ec:	4662      	mov	r2, ip
100011ee:	bdf0      	pop	{r4, r5, r6, r7, pc}

100011f0 <divmod_s64s64_unsafe>:
100011f0:	2b00      	cmp	r3, #0
100011f2:	db24      	blt.n	1000123e <l42_1+0x26>
100011f4:	d011      	beq.n	1000121a <l42_1+0x2>
100011f6:	2900      	cmp	r1, #0
100011f8:	da3e      	bge.n	10001278 <divmod_u64u64_unsafe>
100011fa:	b500      	push	{lr}
100011fc:	43c9      	mvns	r1, r1
100011fe:	4240      	negs	r0, r0
10001200:	d100      	bne.n	10001204 <l40_1>
10001202:	3101      	adds	r1, #1

10001204 <l40_1>:
10001204:	f000 f838 	bl	10001278 <divmod_u64u64_unsafe>
10001208:	43c9      	mvns	r1, r1
1000120a:	4240      	negs	r0, r0
1000120c:	d100      	bne.n	10001210 <l41_1>
1000120e:	3101      	adds	r1, #1

10001210 <l41_1>:
10001210:	43db      	mvns	r3, r3
10001212:	4252      	negs	r2, r2
10001214:	d100      	bne.n	10001218 <l42_1>
10001216:	3301      	adds	r3, #1

10001218 <l42_1>:
10001218:	bd00      	pop	{pc}
1000121a:	2a00      	cmp	r2, #0
1000121c:	d1eb      	bne.n	100011f6 <divmod_s64s64_unsafe+0x6>
1000121e:	2800      	cmp	r0, #0
10001220:	d101      	bne.n	10001226 <l42_1+0xe>
10001222:	2900      	cmp	r1, #0
10001224:	d005      	beq.n	10001232 <l42_1+0x1a>
10001226:	2000      	movs	r0, #0
10001228:	0fc9      	lsrs	r1, r1, #31
1000122a:	07c9      	lsls	r1, r1, #31
1000122c:	d101      	bne.n	10001232 <l42_1+0x1a>
1000122e:	43c0      	mvns	r0, r0
10001230:	0841      	lsrs	r1, r0, #1
10001232:	b500      	push	{lr}
10001234:	f003 fdb0 	bl	10004d98 <____aeabi_ldiv0_veneer>
10001238:	2200      	movs	r2, #0
1000123a:	2300      	movs	r3, #0
1000123c:	bd00      	pop	{pc}
1000123e:	b500      	push	{lr}
10001240:	2900      	cmp	r1, #0
10001242:	db0a      	blt.n	1000125a <l44_1+0x2>
10001244:	43db      	mvns	r3, r3
10001246:	4252      	negs	r2, r2
10001248:	d100      	bne.n	1000124c <l43_1>
1000124a:	3301      	adds	r3, #1

1000124c <l43_1>:
1000124c:	f000 f814 	bl	10001278 <divmod_u64u64_unsafe>
10001250:	43c9      	mvns	r1, r1
10001252:	4240      	negs	r0, r0
10001254:	d100      	bne.n	10001258 <l44_1>
10001256:	3101      	adds	r1, #1

10001258 <l44_1>:
10001258:	bd00      	pop	{pc}
1000125a:	43c9      	mvns	r1, r1
1000125c:	4240      	negs	r0, r0
1000125e:	d100      	bne.n	10001262 <l45_1>
10001260:	3101      	adds	r1, #1

10001262 <l45_1>:
10001262:	43db      	mvns	r3, r3
10001264:	4252      	negs	r2, r2
10001266:	d100      	bne.n	1000126a <l46_1>
10001268:	3301      	adds	r3, #1

1000126a <l46_1>:
1000126a:	f000 f805 	bl	10001278 <divmod_u64u64_unsafe>
1000126e:	43db      	mvns	r3, r3
10001270:	4252      	negs	r2, r2
10001272:	d100      	bne.n	10001276 <l47_1>
10001274:	3301      	adds	r3, #1

10001276 <l47_1>:
10001276:	bd00      	pop	{pc}

10001278 <divmod_u64u64_unsafe>:
10001278:	2900      	cmp	r1, #0
1000127a:	d123      	bne.n	100012c4 <y64>
1000127c:	2b00      	cmp	r3, #0
1000127e:	d118      	bne.n	100012b2 <udiv0+0x10>
10001280:	2a00      	cmp	r2, #0
10001282:	d00c      	beq.n	1000129e <divmod_u64u64_unsafe+0x26>
10001284:	46bc      	mov	ip, r7
10001286:	4f0d      	ldr	r7, [pc, #52]	@ (100012bc <udiv0+0x1a>)
10001288:	6638      	str	r0, [r7, #96]	@ 0x60
1000128a:	667a      	str	r2, [r7, #100]	@ 0x64
1000128c:	2100      	movs	r1, #0
1000128e:	2300      	movs	r3, #0
10001290:	e7ff      	b.n	10001292 <divmod_u64u64_unsafe+0x1a>
10001292:	e7ff      	b.n	10001294 <divmod_u64u64_unsafe+0x1c>
10001294:	e7ff      	b.n	10001296 <divmod_u64u64_unsafe+0x1e>
10001296:	6f7a      	ldr	r2, [r7, #116]	@ 0x74
10001298:	6f38      	ldr	r0, [r7, #112]	@ 0x70
1000129a:	4667      	mov	r7, ip
1000129c:	4770      	bx	lr
1000129e:	2800      	cmp	r0, #0
100012a0:	d001      	beq.n	100012a6 <udiv0+0x4>

100012a2 <udiv0>:
100012a2:	4807      	ldr	r0, [pc, #28]	@ (100012c0 <udiv0+0x1e>)
100012a4:	0001      	movs	r1, r0
100012a6:	b500      	push	{lr}
100012a8:	f003 fd76 	bl	10004d98 <____aeabi_ldiv0_veneer>
100012ac:	2200      	movs	r2, #0
100012ae:	2300      	movs	r3, #0
100012b0:	bd00      	pop	{pc}
100012b2:	0002      	movs	r2, r0
100012b4:	000b      	movs	r3, r1
100012b6:	2000      	movs	r0, #0
100012b8:	2100      	movs	r1, #0
100012ba:	4770      	bx	lr
100012bc:	d0000000 	.word	0xd0000000
100012c0:	ffffffff 	.word	0xffffffff

100012c4 <y64>:
100012c4:	2b00      	cmp	r3, #0
100012c6:	d000      	beq.n	100012ca <y64+0x6>
100012c8:	e0bf      	b.n	1000144a <y64_x48>
100012ca:	0c13      	lsrs	r3, r2, #16
100012cc:	d128      	bne.n	10001320 <y64_x32>
100012ce:	2a00      	cmp	r2, #0
100012d0:	d0e7      	beq.n	100012a2 <udiv0>
100012d2:	b480      	push	{r7}
100012d4:	4f11      	ldr	r7, [pc, #68]	@ (1000131c <y64+0x58>)
100012d6:	6639      	str	r1, [r7, #96]	@ 0x60
100012d8:	667a      	str	r2, [r7, #100]	@ 0x64
100012da:	e7ff      	b.n	100012dc <y64+0x18>
100012dc:	e7ff      	b.n	100012de <y64+0x1a>
100012de:	b430      	push	{r4, r5}
100012e0:	0c04      	lsrs	r4, r0, #16
100012e2:	6f7b      	ldr	r3, [r7, #116]	@ 0x74
100012e4:	6f39      	ldr	r1, [r7, #112]	@ 0x70
100012e6:	041b      	lsls	r3, r3, #16
100012e8:	4323      	orrs	r3, r4
100012ea:	663b      	str	r3, [r7, #96]	@ 0x60
100012ec:	667a      	str	r2, [r7, #100]	@ 0x64
100012ee:	e7ff      	b.n	100012f0 <y64+0x2c>
100012f0:	e7ff      	b.n	100012f2 <y64+0x2e>
100012f2:	e7ff      	b.n	100012f4 <y64+0x30>
100012f4:	46c0      	nop			@ (mov r8, r8)
100012f6:	b284      	uxth	r4, r0
100012f8:	6f7b      	ldr	r3, [r7, #116]	@ 0x74
100012fa:	6f3d      	ldr	r5, [r7, #112]	@ 0x70
100012fc:	041b      	lsls	r3, r3, #16
100012fe:	4323      	orrs	r3, r4
10001300:	663b      	str	r3, [r7, #96]	@ 0x60
10001302:	667a      	str	r2, [r7, #100]	@ 0x64
10001304:	e7ff      	b.n	10001306 <y64+0x42>
10001306:	e7ff      	b.n	10001308 <y64+0x44>
10001308:	46c0      	nop			@ (mov r8, r8)
1000130a:	2300      	movs	r3, #0
1000130c:	042c      	lsls	r4, r5, #16
1000130e:	0c2d      	lsrs	r5, r5, #16
10001310:	6f7a      	ldr	r2, [r7, #116]	@ 0x74
10001312:	6f38      	ldr	r0, [r7, #112]	@ 0x70
10001314:	1900      	adds	r0, r0, r4
10001316:	4169      	adcs	r1, r5
10001318:	bcb0      	pop	{r4, r5, r7}
1000131a:	4770      	bx	lr
1000131c:	d0000000 	.word	0xd0000000

10001320 <y64_x32>:
10001320:	b5f0      	push	{r4, r5, r6, r7, lr}
10001322:	4694      	mov	ip, r2
10001324:	2500      	movs	r5, #0
10001326:	0e14      	lsrs	r4, r2, #24
10001328:	d101      	bne.n	1000132e <y64_x32+0xe>
1000132a:	0212      	lsls	r2, r2, #8
1000132c:	3508      	adds	r5, #8
1000132e:	0f14      	lsrs	r4, r2, #28
10001330:	d101      	bne.n	10001336 <y64_x32+0x16>
10001332:	0112      	lsls	r2, r2, #4
10001334:	3504      	adds	r5, #4
10001336:	0f94      	lsrs	r4, r2, #30
10001338:	d101      	bne.n	1000133e <y64_x32+0x1e>
1000133a:	0092      	lsls	r2, r2, #2
1000133c:	3502      	adds	r5, #2
1000133e:	0fd4      	lsrs	r4, r2, #31
10001340:	d101      	bne.n	10001346 <y64_x32+0x26>
10001342:	0052      	lsls	r2, r2, #1
10001344:	3501      	adds	r5, #1
10001346:	0bd4      	lsrs	r4, r2, #15
10001348:	3401      	adds	r4, #1
1000134a:	4f25      	ldr	r7, [pc, #148]	@ (100013e0 <y64_x32+0xc0>)
1000134c:	667c      	str	r4, [r7, #100]	@ 0x64
1000134e:	4c25      	ldr	r4, [pc, #148]	@ (100013e4 <y64_x32+0xc4>)
10001350:	663c      	str	r4, [r7, #96]	@ 0x60
10001352:	0c0e      	lsrs	r6, r1, #16
10001354:	b293      	uxth	r3, r2
10001356:	e7ff      	b.n	10001358 <y64_x32+0x38>
10001358:	e7ff      	b.n	1000135a <y64_x32+0x3a>
1000135a:	e7ff      	b.n	1000135c <y64_x32+0x3c>
1000135c:	6f3c      	ldr	r4, [r7, #112]	@ 0x70
1000135e:	4366      	muls	r6, r4
10001360:	0c36      	lsrs	r6, r6, #16
10001362:	0377      	lsls	r7, r6, #13
10001364:	46be      	mov	lr, r7
10001366:	4373      	muls	r3, r6
10001368:	0bdf      	lsrs	r7, r3, #15
1000136a:	045b      	lsls	r3, r3, #17
1000136c:	1ac0      	subs	r0, r0, r3
1000136e:	41b9      	sbcs	r1, r7
10001370:	0c13      	lsrs	r3, r2, #16
10001372:	4373      	muls	r3, r6
10001374:	18db      	adds	r3, r3, r3
10001376:	1ac9      	subs	r1, r1, r3
10001378:	08ce      	lsrs	r6, r1, #3
1000137a:	4366      	muls	r6, r4
1000137c:	0c36      	lsrs	r6, r6, #16
1000137e:	44b6      	add	lr, r6
10001380:	b293      	uxth	r3, r2
10001382:	4373      	muls	r3, r6
10001384:	0f1f      	lsrs	r7, r3, #28
10001386:	011b      	lsls	r3, r3, #4
10001388:	1ac0      	subs	r0, r0, r3
1000138a:	41b9      	sbcs	r1, r7
1000138c:	0c13      	lsrs	r3, r2, #16
1000138e:	4373      	muls	r3, r6
10001390:	0b1f      	lsrs	r7, r3, #12
10001392:	051b      	lsls	r3, r3, #20
10001394:	1ac0      	subs	r0, r0, r3
10001396:	41b9      	sbcs	r1, r7
10001398:	0d86      	lsrs	r6, r0, #22
1000139a:	028f      	lsls	r7, r1, #10
1000139c:	433e      	orrs	r6, r7
1000139e:	4366      	muls	r6, r4
100013a0:	0c36      	lsrs	r6, r6, #16
100013a2:	2d09      	cmp	r5, #9
100013a4:	db24      	blt.n	100013f0 <last0>
100013a6:	0a52      	lsrs	r2, r2, #9
100013a8:	4372      	muls	r2, r6
100013aa:	1a80      	subs	r0, r0, r2
100013ac:	0377      	lsls	r7, r6, #13
100013ae:	0a46      	lsrs	r6, r0, #9
100013b0:	4366      	muls	r6, r4
100013b2:	0c36      	lsrs	r6, r6, #16
100013b4:	2316      	movs	r3, #22
100013b6:	1b5b      	subs	r3, r3, r5
100013b8:	40de      	lsrs	r6, r3
100013ba:	40df      	lsrs	r7, r3
100013bc:	19bf      	adds	r7, r7, r6
100013be:	4664      	mov	r4, ip
100013c0:	4366      	muls	r6, r4
100013c2:	1b82      	subs	r2, r0, r6
100013c4:	4670      	mov	r0, lr
100013c6:	3504      	adds	r5, #4
100013c8:	3306      	adds	r3, #6
100013ca:	0001      	movs	r1, r0
100013cc:	40d9      	lsrs	r1, r3
100013ce:	40a8      	lsls	r0, r5
100013d0:	19c0      	adds	r0, r0, r7
100013d2:	d300      	bcc.n	100013d6 <y64_x32+0xb6>
100013d4:	3101      	adds	r1, #1
100013d6:	42a2      	cmp	r2, r4
100013d8:	d206      	bcs.n	100013e8 <y64_x32+0xc8>
100013da:	2300      	movs	r3, #0
100013dc:	bdf0      	pop	{r4, r5, r6, r7, pc}
100013de:	0000      	.short	0x0000
100013e0:	d0000000 	.word	0xd0000000
100013e4:	ffffffff 	.word	0xffffffff
100013e8:	1b12      	subs	r2, r2, r4
100013ea:	3001      	adds	r0, #1
100013ec:	d3f3      	bcc.n	100013d6 <y64_x32+0xb6>
100013ee:	e7f1      	b.n	100013d4 <y64_x32+0xb4>

100013f0 <last0>:
100013f0:	2709      	movs	r7, #9
100013f2:	1b7f      	subs	r7, r7, r5
100013f4:	40fe      	lsrs	r6, r7
100013f6:	4664      	mov	r4, ip
100013f8:	b2a2      	uxth	r2, r4
100013fa:	4372      	muls	r2, r6
100013fc:	1a80      	subs	r0, r0, r2
100013fe:	d200      	bcs.n	10001402 <last0+0x12>
10001400:	3901      	subs	r1, #1
10001402:	0c22      	lsrs	r2, r4, #16
10001404:	4372      	muls	r2, r6
10001406:	0c13      	lsrs	r3, r2, #16
10001408:	0412      	lsls	r2, r2, #16
1000140a:	1a82      	subs	r2, r0, r2
1000140c:	4199      	sbcs	r1, r3
1000140e:	000b      	movs	r3, r1
10001410:	4670      	mov	r0, lr
10001412:	3504      	adds	r5, #4
10001414:	3713      	adds	r7, #19
10001416:	0001      	movs	r1, r0
10001418:	40f9      	lsrs	r1, r7
1000141a:	40a8      	lsls	r0, r5
1000141c:	1980      	adds	r0, r0, r6
1000141e:	d300      	bcc.n	10001422 <last0+0x32>
10001420:	3101      	adds	r1, #1
10001422:	2b00      	cmp	r3, #0
10001424:	d102      	bne.n	1000142c <last0+0x3c>
10001426:	42a2      	cmp	r2, r4
10001428:	d20a      	bcs.n	10001440 <last0+0x50>
1000142a:	bdf0      	pop	{r4, r5, r6, r7, pc}
1000142c:	3001      	adds	r0, #1
1000142e:	d300      	bcc.n	10001432 <last0+0x42>
10001430:	3101      	adds	r1, #1
10001432:	1b12      	subs	r2, r2, r4
10001434:	d2fa      	bcs.n	1000142c <last0+0x3c>
10001436:	3b01      	subs	r3, #1
10001438:	d1f8      	bne.n	1000142c <last0+0x3c>
1000143a:	42a2      	cmp	r2, r4
1000143c:	d200      	bcs.n	10001440 <last0+0x50>
1000143e:	bdf0      	pop	{r4, r5, r6, r7, pc}
10001440:	3001      	adds	r0, #1
10001442:	d300      	bcc.n	10001446 <last0+0x56>
10001444:	3101      	adds	r1, #1
10001446:	1b12      	subs	r2, r2, r4
10001448:	e7f7      	b.n	1000143a <last0+0x4a>

1000144a <y64_x48>:
1000144a:	b5f0      	push	{r4, r5, r6, r7, lr}
1000144c:	0c1c      	lsrs	r4, r3, #16
1000144e:	d000      	beq.n	10001452 <y64_x48+0x8>
10001450:	e080      	b.n	10001554 <y64_x64>
10001452:	b40c      	push	{r2, r3}
10001454:	2500      	movs	r5, #0
10001456:	0a1c      	lsrs	r4, r3, #8
10001458:	d104      	bne.n	10001464 <y64_x48+0x1a>
1000145a:	021b      	lsls	r3, r3, #8
1000145c:	0e16      	lsrs	r6, r2, #24
1000145e:	4333      	orrs	r3, r6
10001460:	0212      	lsls	r2, r2, #8
10001462:	3508      	adds	r5, #8
10001464:	0b1c      	lsrs	r4, r3, #12
10001466:	d104      	bne.n	10001472 <y64_x48+0x28>
10001468:	011b      	lsls	r3, r3, #4
1000146a:	0f16      	lsrs	r6, r2, #28
1000146c:	4333      	orrs	r3, r6
1000146e:	0112      	lsls	r2, r2, #4
10001470:	3504      	adds	r5, #4
10001472:	0b9c      	lsrs	r4, r3, #14
10001474:	d104      	bne.n	10001480 <y64_x48+0x36>
10001476:	009b      	lsls	r3, r3, #2
10001478:	0f96      	lsrs	r6, r2, #30
1000147a:	4333      	orrs	r3, r6
1000147c:	0092      	lsls	r2, r2, #2
1000147e:	3502      	adds	r5, #2
10001480:	0bdc      	lsrs	r4, r3, #15
10001482:	d102      	bne.n	1000148a <y64_x48+0x40>
10001484:	1892      	adds	r2, r2, r2
10001486:	415b      	adcs	r3, r3
10001488:	3501      	adds	r5, #1
1000148a:	001c      	movs	r4, r3
1000148c:	1897      	adds	r7, r2, r2
1000148e:	4164      	adcs	r4, r4
10001490:	3401      	adds	r4, #1
10001492:	4f46      	ldr	r7, [pc, #280]	@ (100015ac <y64_x64+0x58>)
10001494:	667c      	str	r4, [r7, #100]	@ 0x64
10001496:	4c46      	ldr	r4, [pc, #280]	@ (100015b0 <y64_x64+0x5c>)
10001498:	663c      	str	r4, [r7, #96]	@ 0x60
1000149a:	0c0e      	lsrs	r6, r1, #16
1000149c:	e7ff      	b.n	1000149e <y64_x48+0x54>
1000149e:	e7ff      	b.n	100014a0 <y64_x48+0x56>
100014a0:	e7ff      	b.n	100014a2 <y64_x48+0x58>
100014a2:	46c0      	nop			@ (mov r8, r8)
100014a4:	6f3c      	ldr	r4, [r7, #112]	@ 0x70
100014a6:	4366      	muls	r6, r4
100014a8:	0c36      	lsrs	r6, r6, #16
100014aa:	0377      	lsls	r7, r6, #13
100014ac:	46be      	mov	lr, r7
100014ae:	b297      	uxth	r7, r2
100014b0:	4377      	muls	r7, r6
100014b2:	1bc0      	subs	r0, r0, r7
100014b4:	d200      	bcs.n	100014b8 <y64_x48+0x6e>
100014b6:	3901      	subs	r1, #1
100014b8:	1bc0      	subs	r0, r0, r7
100014ba:	d200      	bcs.n	100014be <y64_x48+0x74>
100014bc:	3901      	subs	r1, #1
100014be:	b29f      	uxth	r7, r3
100014c0:	4377      	muls	r7, r6
100014c2:	1bc9      	subs	r1, r1, r7
100014c4:	1bc9      	subs	r1, r1, r7
100014c6:	0c17      	lsrs	r7, r2, #16
100014c8:	4377      	muls	r7, r6
100014ca:	047e      	lsls	r6, r7, #17
100014cc:	0bff      	lsrs	r7, r7, #15
100014ce:	1b80      	subs	r0, r0, r6
100014d0:	41b9      	sbcs	r1, r7
100014d2:	08ce      	lsrs	r6, r1, #3
100014d4:	4366      	muls	r6, r4
100014d6:	0c36      	lsrs	r6, r6, #16
100014d8:	2d0c      	cmp	r5, #12
100014da:	db33      	blt.n	10001544 <last1>
100014dc:	44b6      	add	lr, r6
100014de:	0b12      	lsrs	r2, r2, #12
100014e0:	051f      	lsls	r7, r3, #20
100014e2:	433a      	orrs	r2, r7
100014e4:	0b1b      	lsrs	r3, r3, #12
100014e6:	b297      	uxth	r7, r2
100014e8:	4377      	muls	r7, r6
100014ea:	1bc0      	subs	r0, r0, r7
100014ec:	d200      	bcs.n	100014f0 <y64_x48+0xa6>
100014ee:	3901      	subs	r1, #1
100014f0:	b29f      	uxth	r7, r3
100014f2:	4377      	muls	r7, r6
100014f4:	1bc9      	subs	r1, r1, r7
100014f6:	0c17      	lsrs	r7, r2, #16
100014f8:	4377      	muls	r7, r6
100014fa:	043e      	lsls	r6, r7, #16
100014fc:	0c3f      	lsrs	r7, r7, #16
100014fe:	1b80      	subs	r0, r0, r6
10001500:	41b9      	sbcs	r1, r7
10001502:	0d86      	lsrs	r6, r0, #22
10001504:	028f      	lsls	r7, r1, #10
10001506:	433e      	orrs	r6, r7
10001508:	4366      	muls	r6, r4
1000150a:	2729      	movs	r7, #41	@ 0x29
1000150c:	1b7f      	subs	r7, r7, r5
1000150e:	40fe      	lsrs	r6, r7
10001510:	3d0c      	subs	r5, #12
10001512:	4677      	mov	r7, lr
10001514:	40af      	lsls	r7, r5
10001516:	19bf      	adds	r7, r7, r6
10001518:	bc30      	pop	{r4, r5}
1000151a:	b2a2      	uxth	r2, r4
1000151c:	b2ab      	uxth	r3, r5
1000151e:	4372      	muls	r2, r6
10001520:	4373      	muls	r3, r6
10001522:	1a80      	subs	r0, r0, r2
10001524:	4199      	sbcs	r1, r3
10001526:	0c22      	lsrs	r2, r4, #16
10001528:	4372      	muls	r2, r6
1000152a:	0c13      	lsrs	r3, r2, #16
1000152c:	0412      	lsls	r2, r2, #16
1000152e:	1a80      	subs	r0, r0, r2
10001530:	4199      	sbcs	r1, r3
10001532:	0002      	movs	r2, r0
10001534:	000b      	movs	r3, r1
10001536:	3701      	adds	r7, #1
10001538:	1b00      	subs	r0, r0, r4
1000153a:	41a9      	sbcs	r1, r5
1000153c:	d2f9      	bcs.n	10001532 <y64_x48+0xe8>
1000153e:	1e78      	subs	r0, r7, #1
10001540:	2100      	movs	r1, #0
10001542:	bdf0      	pop	{r4, r5, r6, r7, pc}

10001544 <last1>:
10001544:	270c      	movs	r7, #12
10001546:	1b7f      	subs	r7, r7, r5
10001548:	40fe      	lsrs	r6, r7
1000154a:	4677      	mov	r7, lr
1000154c:	0b7f      	lsrs	r7, r7, #13
1000154e:	40af      	lsls	r7, r5
10001550:	19ff      	adds	r7, r7, r7
10001552:	e7e0      	b.n	10001516 <y64_x48+0xcc>

10001554 <y64_x64>:
10001554:	2400      	movs	r4, #0
10001556:	1c5d      	adds	r5, r3, #1
10001558:	d007      	beq.n	1000156a <y64_x64+0x16>
1000155a:	4f14      	ldr	r7, [pc, #80]	@ (100015ac <y64_x64+0x58>)
1000155c:	667d      	str	r5, [r7, #100]	@ 0x64
1000155e:	6639      	str	r1, [r7, #96]	@ 0x60
10001560:	e7ff      	b.n	10001562 <y64_x64+0xe>
10001562:	e7ff      	b.n	10001564 <y64_x64+0x10>
10001564:	e7ff      	b.n	10001566 <y64_x64+0x12>
10001566:	e7ff      	b.n	10001568 <y64_x64+0x14>
10001568:	6f3c      	ldr	r4, [r7, #112]	@ 0x70
1000156a:	b295      	uxth	r5, r2
1000156c:	b29e      	uxth	r6, r3
1000156e:	4365      	muls	r5, r4
10001570:	4366      	muls	r6, r4
10001572:	1b40      	subs	r0, r0, r5
10001574:	41b1      	sbcs	r1, r6
10001576:	0c15      	lsrs	r5, r2, #16
10001578:	0c1e      	lsrs	r6, r3, #16
1000157a:	4365      	muls	r5, r4
1000157c:	4366      	muls	r6, r4
1000157e:	0436      	lsls	r6, r6, #16
10001580:	0c2f      	lsrs	r7, r5, #16
10001582:	433e      	orrs	r6, r7
10001584:	042d      	lsls	r5, r5, #16
10001586:	1b40      	subs	r0, r0, r5
10001588:	41b1      	sbcs	r1, r6
1000158a:	4299      	cmp	r1, r3
1000158c:	d204      	bcs.n	10001598 <y64_x64+0x44>
1000158e:	0002      	movs	r2, r0
10001590:	000b      	movs	r3, r1
10001592:	0020      	movs	r0, r4
10001594:	2100      	movs	r1, #0
10001596:	bdf0      	pop	{r4, r5, r6, r7, pc}
10001598:	d101      	bne.n	1000159e <y64_x64+0x4a>
1000159a:	4290      	cmp	r0, r2
1000159c:	d3f7      	bcc.n	1000158e <y64_x64+0x3a>
1000159e:	1a80      	subs	r0, r0, r2
100015a0:	4199      	sbcs	r1, r3
100015a2:	3401      	adds	r4, #1
100015a4:	4299      	cmp	r1, r3
100015a6:	d3f2      	bcc.n	1000158e <y64_x64+0x3a>
100015a8:	e7f6      	b.n	10001598 <y64_x64+0x44>
100015aa:	0000      	.short	0x0000
100015ac:	d0000000 	.word	0xd0000000
100015b0:	ffffffff 	.word	0xffffffff

100015b4 <__aeabi_double_init>:
100015b4:	2313      	movs	r3, #19
100015b6:	b570      	push	{r4, r5, r6, lr}
100015b8:	781d      	ldrb	r5, [r3, #0]
100015ba:	2d01      	cmp	r5, #1
100015bc:	d019      	beq.n	100015f2 <__aeabi_double_init+0x3e>
100015be:	dd14      	ble.n	100015ea <__aeabi_double_init+0x36>
100015c0:	481f      	ldr	r0, [pc, #124]	@ (10001640 <__aeabi_double_init+0x8c>)
100015c2:	f7ff fc87 	bl	10000ed4 <rom_data_lookup>
100015c6:	0006      	movs	r6, r0
100015c8:	481e      	ldr	r0, [pc, #120]	@ (10001644 <__aeabi_double_init+0x90>)
100015ca:	f7ff fc83 	bl	10000ed4 <rom_data_lookup>
100015ce:	4c1e      	ldr	r4, [pc, #120]	@ (10001648 <__aeabi_double_init+0x94>)
100015d0:	2280      	movs	r2, #128	@ 0x80
100015d2:	0031      	movs	r1, r6
100015d4:	0020      	movs	r0, r4
100015d6:	f000 f8ab 	bl	10001730 <__wrap___aeabi_memcpy>
100015da:	2d02      	cmp	r5, #2
100015dc:	d02d      	beq.n	1000163a <__aeabi_double_init+0x86>
100015de:	481b      	ldr	r0, [pc, #108]	@ (1000164c <__aeabi_double_init+0x98>)
100015e0:	f7ff fc70 	bl	10000ec4 <rom_func_lookup>
100015e4:	4b1a      	ldr	r3, [pc, #104]	@ (10001650 <__aeabi_double_init+0x9c>)
100015e6:	6018      	str	r0, [r3, #0]
100015e8:	bd70      	pop	{r4, r5, r6, pc}
100015ea:	4b1a      	ldr	r3, [pc, #104]	@ (10001654 <__aeabi_double_init+0xa0>)
100015ec:	4c16      	ldr	r4, [pc, #88]	@ (10001648 <__aeabi_double_init+0x94>)
100015ee:	64a3      	str	r3, [r4, #72]	@ 0x48
100015f0:	e7f5      	b.n	100015de <__aeabi_double_init+0x2a>
100015f2:	4b18      	ldr	r3, [pc, #96]	@ (10001654 <__aeabi_double_init+0xa0>)
100015f4:	4c14      	ldr	r4, [pc, #80]	@ (10001648 <__aeabi_double_init+0x94>)
100015f6:	6023      	str	r3, [r4, #0]
100015f8:	6063      	str	r3, [r4, #4]
100015fa:	60a3      	str	r3, [r4, #8]
100015fc:	60e3      	str	r3, [r4, #12]
100015fe:	6123      	str	r3, [r4, #16]
10001600:	6163      	str	r3, [r4, #20]
10001602:	61a3      	str	r3, [r4, #24]
10001604:	61e3      	str	r3, [r4, #28]
10001606:	6223      	str	r3, [r4, #32]
10001608:	6263      	str	r3, [r4, #36]	@ 0x24
1000160a:	62a3      	str	r3, [r4, #40]	@ 0x28
1000160c:	62e3      	str	r3, [r4, #44]	@ 0x2c
1000160e:	6323      	str	r3, [r4, #48]	@ 0x30
10001610:	6363      	str	r3, [r4, #52]	@ 0x34
10001612:	63a3      	str	r3, [r4, #56]	@ 0x38
10001614:	63e3      	str	r3, [r4, #60]	@ 0x3c
10001616:	6423      	str	r3, [r4, #64]	@ 0x40
10001618:	6463      	str	r3, [r4, #68]	@ 0x44
1000161a:	64a3      	str	r3, [r4, #72]	@ 0x48
1000161c:	64e3      	str	r3, [r4, #76]	@ 0x4c
1000161e:	6523      	str	r3, [r4, #80]	@ 0x50
10001620:	6563      	str	r3, [r4, #84]	@ 0x54
10001622:	65a3      	str	r3, [r4, #88]	@ 0x58
10001624:	65e3      	str	r3, [r4, #92]	@ 0x5c
10001626:	6623      	str	r3, [r4, #96]	@ 0x60
10001628:	6663      	str	r3, [r4, #100]	@ 0x64
1000162a:	66a3      	str	r3, [r4, #104]	@ 0x68
1000162c:	66e3      	str	r3, [r4, #108]	@ 0x6c
1000162e:	6723      	str	r3, [r4, #112]	@ 0x70
10001630:	6763      	str	r3, [r4, #116]	@ 0x74
10001632:	67a3      	str	r3, [r4, #120]	@ 0x78
10001634:	67e3      	str	r3, [r4, #124]	@ 0x7c
10001636:	64a3      	str	r3, [r4, #72]	@ 0x48
10001638:	e7d1      	b.n	100015de <__aeabi_double_init+0x2a>
1000163a:	4b06      	ldr	r3, [pc, #24]	@ (10001654 <__aeabi_double_init+0xa0>)
1000163c:	64a3      	str	r3, [r4, #72]	@ 0x48
1000163e:	e7ce      	b.n	100015de <__aeabi_double_init+0x2a>
10001640:	00004453 	.word	0x00004453
10001644:	00004653 	.word	0x00004653
10001648:	20000398 	.word	0x20000398
1000164c:	0000334c 	.word	0x0000334c
10001650:	20000a7c 	.word	0x20000a7c
10001654:	10001659 	.word	0x10001659

10001658 <double_table_shim_on_use_helper>:
10001658:	b507      	push	{r0, r1, r2, lr}
1000165a:	4660      	mov	r0, ip
1000165c:	8801      	ldrh	r1, [r0, #0]
1000165e:	0a0a      	lsrs	r2, r1, #8
10001660:	3002      	adds	r0, #2
10001662:	2adf      	cmp	r2, #223	@ 0xdf
10001664:	d1fa      	bne.n	1000165c <double_table_shim_on_use_helper+0x4>
10001666:	b2c9      	uxtb	r1, r1
10001668:	0882      	lsrs	r2, r0, #2
1000166a:	d304      	bcc.n	10001676 <double_table_shim_on_use_helper+0x1e>
1000166c:	8802      	ldrh	r2, [r0, #0]
1000166e:	8840      	ldrh	r0, [r0, #2]
10001670:	0400      	lsls	r0, r0, #16
10001672:	4310      	orrs	r0, r2
10001674:	e000      	b.n	10001678 <double_table_shim_on_use_helper+0x20>
10001676:	6800      	ldr	r0, [r0, #0]
10001678:	4a01      	ldr	r2, [pc, #4]	@ (10001680 <double_table_shim_on_use_helper+0x28>)
1000167a:	5050      	str	r0, [r2, r1]
1000167c:	9003      	str	r0, [sp, #12]
1000167e:	bd07      	pop	{r0, r1, r2, pc}
10001680:	20000398 	.word	0x20000398

10001684 <__aeabi_float_init>:
10001684:	2313      	movs	r3, #19
10001686:	b510      	push	{r4, lr}
10001688:	4812      	ldr	r0, [pc, #72]	@ (100016d4 <__aeabi_float_init+0x50>)
1000168a:	781c      	ldrb	r4, [r3, #0]
1000168c:	f7ff fc22 	bl	10000ed4 <rom_data_lookup>
10001690:	0001      	movs	r1, r0
10001692:	2c01      	cmp	r4, #1
10001694:	d00a      	beq.n	100016ac <__aeabi_float_init+0x28>
10001696:	dd03      	ble.n	100016a0 <__aeabi_float_init+0x1c>
10001698:	2280      	movs	r2, #128	@ 0x80
1000169a:	480f      	ldr	r0, [pc, #60]	@ (100016d8 <__aeabi_float_init+0x54>)
1000169c:	f000 f848 	bl	10001730 <__wrap___aeabi_memcpy>
100016a0:	480e      	ldr	r0, [pc, #56]	@ (100016dc <__aeabi_float_init+0x58>)
100016a2:	f7ff fc0f 	bl	10000ec4 <rom_func_lookup>
100016a6:	4b0e      	ldr	r3, [pc, #56]	@ (100016e0 <__aeabi_float_init+0x5c>)
100016a8:	6018      	str	r0, [r3, #0]
100016aa:	bd10      	pop	{r4, pc}
100016ac:	4c0a      	ldr	r4, [pc, #40]	@ (100016d8 <__aeabi_float_init+0x54>)
100016ae:	2254      	movs	r2, #84	@ 0x54
100016b0:	0020      	movs	r0, r4
100016b2:	f000 f83d 	bl	10001730 <__wrap___aeabi_memcpy>
100016b6:	4b0b      	ldr	r3, [pc, #44]	@ (100016e4 <__aeabi_float_init+0x60>)
100016b8:	6563      	str	r3, [r4, #84]	@ 0x54
100016ba:	65a3      	str	r3, [r4, #88]	@ 0x58
100016bc:	65e3      	str	r3, [r4, #92]	@ 0x5c
100016be:	6623      	str	r3, [r4, #96]	@ 0x60
100016c0:	6663      	str	r3, [r4, #100]	@ 0x64
100016c2:	66a3      	str	r3, [r4, #104]	@ 0x68
100016c4:	66e3      	str	r3, [r4, #108]	@ 0x6c
100016c6:	6723      	str	r3, [r4, #112]	@ 0x70
100016c8:	6763      	str	r3, [r4, #116]	@ 0x74
100016ca:	67a3      	str	r3, [r4, #120]	@ 0x78
100016cc:	67e3      	str	r3, [r4, #124]	@ 0x7c
100016ce:	6223      	str	r3, [r4, #32]
100016d0:	61e3      	str	r3, [r4, #28]
100016d2:	e7e5      	b.n	100016a0 <__aeabi_float_init+0x1c>
100016d4:	00004653 	.word	0x00004653
100016d8:	20000498 	.word	0x20000498
100016dc:	0000334c 	.word	0x0000334c
100016e0:	20000a7c 	.word	0x20000a7c
100016e4:	100016e9 	.word	0x100016e9

100016e8 <float_table_shim_on_use_helper>:
100016e8:	b507      	push	{r0, r1, r2, lr}
100016ea:	4660      	mov	r0, ip
100016ec:	8801      	ldrh	r1, [r0, #0]
100016ee:	0a0a      	lsrs	r2, r1, #8
100016f0:	3002      	adds	r0, #2
100016f2:	2adf      	cmp	r2, #223	@ 0xdf
100016f4:	d1fa      	bne.n	100016ec <float_table_shim_on_use_helper+0x4>
100016f6:	b2c9      	uxtb	r1, r1
100016f8:	0882      	lsrs	r2, r0, #2
100016fa:	d304      	bcc.n	10001706 <float_table_shim_on_use_helper+0x1e>
100016fc:	8802      	ldrh	r2, [r0, #0]
100016fe:	8840      	ldrh	r0, [r0, #2]
10001700:	0400      	lsls	r0, r0, #16
10001702:	4310      	orrs	r0, r2
10001704:	e000      	b.n	10001708 <float_table_shim_on_use_helper+0x20>
10001706:	6800      	ldr	r0, [r0, #0]
10001708:	4a01      	ldr	r2, [pc, #4]	@ (10001710 <float_table_shim_on_use_helper+0x28>)
1000170a:	5050      	str	r0, [r2, r1]
1000170c:	9003      	str	r0, [sp, #12]
1000170e:	bd07      	pop	{r0, r1, r2, pc}
10001710:	20000498 	.word	0x20000498

10001714 <__aeabi_mem_init>:
10001714:	4801      	ldr	r0, [pc, #4]	@ (1000171c <__aeabi_mem_init+0x8>)
10001716:	2104      	movs	r1, #4
10001718:	4b01      	ldr	r3, [pc, #4]	@ (10001720 <__aeabi_mem_init+0xc>)
1000171a:	4718      	bx	r3
1000171c:	200001f0 	.word	0x200001f0
10001720:	10000ee5 	.word	0x10000ee5

10001724 <__wrap_memset>:
10001724:	4b01      	ldr	r3, [pc, #4]	@ (1000172c <__wrap_memset+0x8>)
10001726:	681b      	ldr	r3, [r3, #0]
10001728:	4718      	bx	r3
1000172a:	0000      	.short	0x0000
1000172c:	200001f0 	.word	0x200001f0

10001730 <__wrap___aeabi_memcpy>:
10001730:	4b01      	ldr	r3, [pc, #4]	@ (10001738 <__wrap___aeabi_memcpy+0x8>)
10001732:	685b      	ldr	r3, [r3, #4]
10001734:	4718      	bx	r3
10001736:	0000      	.short	0x0000
10001738:	200001f0 	.word	0x200001f0

1000173c <_out_char>:
1000173c:	b510      	push	{r4, lr}
1000173e:	2800      	cmp	r0, #0
10001740:	d100      	bne.n	10001744 <_out_char+0x8>
10001742:	bd10      	pop	{r4, pc}
10001744:	f000 f914 	bl	10001970 <__wrap_putchar>
10001748:	e7fb      	b.n	10001742 <_out_char+0x6>
1000174a:	46c0      	nop			@ (mov r8, r8)

1000174c <weak_raw_vprintf>:
1000174c:	b510      	push	{r4, lr}
1000174e:	4a09      	ldr	r2, [pc, #36]	@ (10001774 <weak_raw_vprintf+0x28>)
10001750:	0003      	movs	r3, r0
10001752:	6814      	ldr	r4, [r2, #0]
10001754:	b084      	sub	sp, #16
10001756:	2c00      	cmp	r4, #0
10001758:	d008      	beq.n	1000176c <weak_raw_vprintf+0x20>
1000175a:	2201      	movs	r2, #1
1000175c:	9100      	str	r1, [sp, #0]
1000175e:	4806      	ldr	r0, [pc, #24]	@ (10001778 <weak_raw_vprintf+0x2c>)
10001760:	4252      	negs	r2, r2
10001762:	a903      	add	r1, sp, #12
10001764:	47a0      	blx	r4
10001766:	2001      	movs	r0, #1
10001768:	b004      	add	sp, #16
1000176a:	bd10      	pop	{r4, pc}
1000176c:	f000 f94a 	bl	10001a04 <__wrap_puts>
10001770:	2000      	movs	r0, #0
10001772:	e7f9      	b.n	10001768 <weak_raw_vprintf+0x1c>
10001774:	200007c4 	.word	0x200007c4
10001778:	1000173d 	.word	0x1000173d

1000177c <_exit>:
1000177c:	be00      	bkpt	0x0000
1000177e:	e7fd      	b.n	1000177c <_exit>

10001780 <exit>:
10001780:	b510      	push	{r4, lr}
10001782:	f7ff fffb 	bl	1000177c <_exit>
10001786:	46c0      	nop			@ (mov r8, r8)

10001788 <runtime_init>:
10001788:	b570      	push	{r4, r5, r6, lr}
1000178a:	f7ff fbe9 	bl	10000f60 <runtime_run_initializers>
1000178e:	4d07      	ldr	r5, [pc, #28]	@ (100017ac <runtime_init+0x24>)
10001790:	4e07      	ldr	r6, [pc, #28]	@ (100017b0 <runtime_init+0x28>)
10001792:	42b5      	cmp	r5, r6
10001794:	d209      	bcs.n	100017aa <runtime_init+0x22>
10001796:	2400      	movs	r4, #0
10001798:	3e01      	subs	r6, #1
1000179a:	1b76      	subs	r6, r6, r5
1000179c:	08b6      	lsrs	r6, r6, #2
1000179e:	cd08      	ldmia	r5!, {r3}
100017a0:	4798      	blx	r3
100017a2:	0023      	movs	r3, r4
100017a4:	3401      	adds	r4, #1
100017a6:	42b3      	cmp	r3, r6
100017a8:	d1f9      	bne.n	1000179e <runtime_init+0x16>
100017aa:	bd70      	pop	{r4, r5, r6, pc}
100017ac:	10004e04 	.word	0x10004e04
100017b0:	10004e10 	.word	0x10004e10

100017b4 <stdio_out_chars_no_crlf>:
100017b4:	0003      	movs	r3, r0
100017b6:	b510      	push	{r4, lr}
100017b8:	0008      	movs	r0, r1
100017ba:	0011      	movs	r1, r2
100017bc:	681b      	ldr	r3, [r3, #0]
100017be:	4798      	blx	r3
100017c0:	bd10      	pop	{r4, pc}
100017c2:	46c0      	nop			@ (mov r8, r8)

100017c4 <stdio_out_chars_crlf>:
100017c4:	b5f0      	push	{r4, r5, r6, r7, lr}
100017c6:	46c6      	mov	lr, r8
100017c8:	b500      	push	{lr}
100017ca:	7d43      	ldrb	r3, [r0, #21]
100017cc:	0007      	movs	r7, r0
100017ce:	000c      	movs	r4, r1
100017d0:	0016      	movs	r6, r2
100017d2:	2b00      	cmp	r3, #0
100017d4:	d046      	beq.n	10001864 <stdio_out_chars_crlf+0xa0>
100017d6:	2a00      	cmp	r2, #0
100017d8:	dd17      	ble.n	1000180a <stdio_out_chars_crlf+0x46>
100017da:	780b      	ldrb	r3, [r1, #0]
100017dc:	2b0a      	cmp	r3, #10
100017de:	d024      	beq.n	1000182a <stdio_out_chars_crlf+0x66>
100017e0:	2300      	movs	r3, #0
100017e2:	4698      	mov	r8, r3
100017e4:	2e01      	cmp	r6, #1
100017e6:	d013      	beq.n	10001810 <stdio_out_chars_crlf+0x4c>
100017e8:	2501      	movs	r5, #1
100017ea:	0029      	movs	r1, r5
100017ec:	5c63      	ldrb	r3, [r4, r1]
100017ee:	3501      	adds	r5, #1
100017f0:	2b0a      	cmp	r3, #10
100017f2:	d026      	beq.n	10001842 <stdio_out_chars_crlf+0x7e>
100017f4:	42b5      	cmp	r5, r6
100017f6:	d1f8      	bne.n	100017ea <stdio_out_chars_crlf+0x26>
100017f8:	4546      	cmp	r6, r8
100017fa:	dc09      	bgt.n	10001810 <stdio_out_chars_crlf+0x4c>
100017fc:	19a4      	adds	r4, r4, r6
100017fe:	3c01      	subs	r4, #1
10001800:	7823      	ldrb	r3, [r4, #0]
10001802:	3b0d      	subs	r3, #13
10001804:	425a      	negs	r2, r3
10001806:	4153      	adcs	r3, r2
10001808:	753b      	strb	r3, [r7, #20]
1000180a:	bc80      	pop	{r7}
1000180c:	46b8      	mov	r8, r7
1000180e:	bdf0      	pop	{r4, r5, r6, r7, pc}
10001810:	4643      	mov	r3, r8
10001812:	18e0      	adds	r0, r4, r3
10001814:	19a4      	adds	r4, r4, r6
10001816:	1af1      	subs	r1, r6, r3
10001818:	3c01      	subs	r4, #1
1000181a:	683b      	ldr	r3, [r7, #0]
1000181c:	4798      	blx	r3
1000181e:	7823      	ldrb	r3, [r4, #0]
10001820:	3b0d      	subs	r3, #13
10001822:	425a      	negs	r2, r3
10001824:	4153      	adcs	r3, r2
10001826:	753b      	strb	r3, [r7, #20]
10001828:	e7ef      	b.n	1000180a <stdio_out_chars_crlf+0x46>
1000182a:	7d03      	ldrb	r3, [r0, #20]
1000182c:	2b00      	cmp	r3, #0
1000182e:	d1d7      	bne.n	100017e0 <stdio_out_chars_crlf+0x1c>
10001830:	2102      	movs	r1, #2
10001832:	480f      	ldr	r0, [pc, #60]	@ (10001870 <stdio_out_chars_crlf+0xac>)
10001834:	683b      	ldr	r3, [r7, #0]
10001836:	4798      	blx	r3
10001838:	2e01      	cmp	r6, #1
1000183a:	d0df      	beq.n	100017fc <stdio_out_chars_crlf+0x38>
1000183c:	2301      	movs	r3, #1
1000183e:	4698      	mov	r8, r3
10001840:	e7d2      	b.n	100017e8 <stdio_out_chars_crlf+0x24>
10001842:	1e63      	subs	r3, r4, #1
10001844:	5c5b      	ldrb	r3, [r3, r1]
10001846:	2b0d      	cmp	r3, #13
10001848:	d0d4      	beq.n	100017f4 <stdio_out_chars_crlf+0x30>
1000184a:	4588      	cmp	r8, r1
1000184c:	da04      	bge.n	10001858 <stdio_out_chars_crlf+0x94>
1000184e:	4643      	mov	r3, r8
10001850:	1ac9      	subs	r1, r1, r3
10001852:	18e0      	adds	r0, r4, r3
10001854:	683b      	ldr	r3, [r7, #0]
10001856:	4798      	blx	r3
10001858:	2102      	movs	r1, #2
1000185a:	4805      	ldr	r0, [pc, #20]	@ (10001870 <stdio_out_chars_crlf+0xac>)
1000185c:	683b      	ldr	r3, [r7, #0]
1000185e:	46a8      	mov	r8, r5
10001860:	4798      	blx	r3
10001862:	e7c7      	b.n	100017f4 <stdio_out_chars_crlf+0x30>
10001864:	6803      	ldr	r3, [r0, #0]
10001866:	0011      	movs	r1, r2
10001868:	0020      	movs	r0, r4
1000186a:	4798      	blx	r3
1000186c:	e7cd      	b.n	1000180a <stdio_out_chars_crlf+0x46>
1000186e:	46c0      	nop			@ (mov r8, r8)
10001870:	10004f30 	.word	0x10004f30

10001874 <stdio_put_string>:
10001874:	b5f0      	push	{r4, r5, r6, r7, lr}
10001876:	4645      	mov	r5, r8
10001878:	46de      	mov	lr, fp
1000187a:	464e      	mov	r6, r9
1000187c:	4657      	mov	r7, sl
1000187e:	b5e0      	push	{r5, r6, r7, lr}
10001880:	b083      	sub	sp, #12
10001882:	4691      	mov	r9, r2
10001884:	001c      	movs	r4, r3
10001886:	4680      	mov	r8, r0
10001888:	000d      	movs	r5, r1
1000188a:	f7ff f9c3 	bl	10000c14 <time_us_64>
1000188e:	2300      	movs	r3, #0
10001890:	4a30      	ldr	r2, [pc, #192]	@ (10001954 <stdio_put_string+0xe0>)
10001892:	1812      	adds	r2, r2, r0
10001894:	414b      	adcs	r3, r1
10001896:	2b00      	cmp	r3, #0
10001898:	da02      	bge.n	100018a0 <stdio_put_string+0x2c>
1000189a:	2201      	movs	r2, #1
1000189c:	4b2e      	ldr	r3, [pc, #184]	@ (10001958 <stdio_put_string+0xe4>)
1000189e:	4252      	negs	r2, r2
100018a0:	492e      	ldr	r1, [pc, #184]	@ (1000195c <stdio_put_string+0xe8>)
100018a2:	0008      	movs	r0, r1
100018a4:	468a      	mov	sl, r1
100018a6:	f003 fa87 	bl	10004db8 <__mutex_try_enter_block_until_veneer>
100018aa:	0007      	movs	r7, r0
100018ac:	1c6b      	adds	r3, r5, #1
100018ae:	d103      	bne.n	100018b8 <stdio_put_string+0x44>
100018b0:	4640      	mov	r0, r8
100018b2:	f003 f9d7 	bl	10004c64 <strlen>
100018b6:	0005      	movs	r5, r0
100018b8:	2c00      	cmp	r4, #0
100018ba:	d027      	beq.n	1000190c <stdio_put_string+0x98>
100018bc:	4e28      	ldr	r6, [pc, #160]	@ (10001960 <stdio_put_string+0xec>)
100018be:	4b29      	ldr	r3, [pc, #164]	@ (10001964 <stdio_put_string+0xf0>)
100018c0:	681c      	ldr	r4, [r3, #0]
100018c2:	2c00      	cmp	r4, #0
100018c4:	d018      	beq.n	100018f8 <stdio_put_string+0x84>
100018c6:	464b      	mov	r3, r9
100018c8:	2b00      	cmp	r3, #0
100018ca:	d121      	bne.n	10001910 <stdio_put_string+0x9c>
100018cc:	4b26      	ldr	r3, [pc, #152]	@ (10001968 <stdio_put_string+0xf4>)
100018ce:	4699      	mov	r9, r3
100018d0:	e002      	b.n	100018d8 <stdio_put_string+0x64>
100018d2:	6924      	ldr	r4, [r4, #16]
100018d4:	2c00      	cmp	r4, #0
100018d6:	d00f      	beq.n	100018f8 <stdio_put_string+0x84>
100018d8:	6823      	ldr	r3, [r4, #0]
100018da:	2b00      	cmp	r3, #0
100018dc:	d0f9      	beq.n	100018d2 <stdio_put_string+0x5e>
100018de:	464b      	mov	r3, r9
100018e0:	681b      	ldr	r3, [r3, #0]
100018e2:	2b00      	cmp	r3, #0
100018e4:	d001      	beq.n	100018ea <stdio_put_string+0x76>
100018e6:	429c      	cmp	r4, r3
100018e8:	d1f3      	bne.n	100018d2 <stdio_put_string+0x5e>
100018ea:	0020      	movs	r0, r4
100018ec:	002a      	movs	r2, r5
100018ee:	4641      	mov	r1, r8
100018f0:	47b0      	blx	r6
100018f2:	6924      	ldr	r4, [r4, #16]
100018f4:	2c00      	cmp	r4, #0
100018f6:	d1ef      	bne.n	100018d8 <stdio_put_string+0x64>
100018f8:	2f00      	cmp	r7, #0
100018fa:	d126      	bne.n	1000194a <stdio_put_string+0xd6>
100018fc:	0028      	movs	r0, r5
100018fe:	b003      	add	sp, #12
10001900:	bcf0      	pop	{r4, r5, r6, r7}
10001902:	46bb      	mov	fp, r7
10001904:	46b2      	mov	sl, r6
10001906:	46a9      	mov	r9, r5
10001908:	46a0      	mov	r8, r4
1000190a:	bdf0      	pop	{r4, r5, r6, r7, pc}
1000190c:	4e17      	ldr	r6, [pc, #92]	@ (1000196c <stdio_put_string+0xf8>)
1000190e:	e7d6      	b.n	100018be <stdio_put_string+0x4a>
10001910:	4b15      	ldr	r3, [pc, #84]	@ (10001968 <stdio_put_string+0xf4>)
10001912:	4699      	mov	r9, r3
10001914:	230a      	movs	r3, #10
10001916:	469b      	mov	fp, r3
10001918:	e002      	b.n	10001920 <stdio_put_string+0xac>
1000191a:	6924      	ldr	r4, [r4, #16]
1000191c:	2c00      	cmp	r4, #0
1000191e:	d0eb      	beq.n	100018f8 <stdio_put_string+0x84>
10001920:	6823      	ldr	r3, [r4, #0]
10001922:	2b00      	cmp	r3, #0
10001924:	d0f9      	beq.n	1000191a <stdio_put_string+0xa6>
10001926:	464b      	mov	r3, r9
10001928:	681b      	ldr	r3, [r3, #0]
1000192a:	2b00      	cmp	r3, #0
1000192c:	d001      	beq.n	10001932 <stdio_put_string+0xbe>
1000192e:	42a3      	cmp	r3, r4
10001930:	d1f3      	bne.n	1000191a <stdio_put_string+0xa6>
10001932:	002a      	movs	r2, r5
10001934:	4641      	mov	r1, r8
10001936:	0020      	movs	r0, r4
10001938:	47b0      	blx	r6
1000193a:	466b      	mov	r3, sp
1000193c:	465a      	mov	r2, fp
1000193e:	0020      	movs	r0, r4
10001940:	71da      	strb	r2, [r3, #7]
10001942:	1dd9      	adds	r1, r3, #7
10001944:	2201      	movs	r2, #1
10001946:	47b0      	blx	r6
10001948:	e7e7      	b.n	1000191a <stdio_put_string+0xa6>
1000194a:	4650      	mov	r0, sl
1000194c:	f003 fa1c 	bl	10004d88 <__mutex_exit_veneer>
10001950:	e7d4      	b.n	100018fc <stdio_put_string+0x88>
10001952:	46c0      	nop			@ (mov r8, r8)
10001954:	000f4240 	.word	0x000f4240
10001958:	7fffffff 	.word	0x7fffffff
1000195c:	20000210 	.word	0x20000210
10001960:	100017c5 	.word	0x100017c5
10001964:	200007bc 	.word	0x200007bc
10001968:	200007c0 	.word	0x200007c0
1000196c:	100017b5 	.word	0x100017b5

10001970 <__wrap_putchar>:
10001970:	b5f0      	push	{r4, r5, r6, r7, lr}
10001972:	46ce      	mov	lr, r9
10001974:	4647      	mov	r7, r8
10001976:	b580      	push	{r7, lr}
10001978:	b083      	sub	sp, #12
1000197a:	466b      	mov	r3, sp
1000197c:	0006      	movs	r6, r0
1000197e:	1ddd      	adds	r5, r3, #7
10001980:	7028      	strb	r0, [r5, #0]
10001982:	f7ff f947 	bl	10000c14 <time_us_64>
10001986:	2300      	movs	r3, #0
10001988:	4a19      	ldr	r2, [pc, #100]	@ (100019f0 <__wrap_putchar+0x80>)
1000198a:	1812      	adds	r2, r2, r0
1000198c:	414b      	adcs	r3, r1
1000198e:	2b00      	cmp	r3, #0
10001990:	da02      	bge.n	10001998 <__wrap_putchar+0x28>
10001992:	2201      	movs	r2, #1
10001994:	4b17      	ldr	r3, [pc, #92]	@ (100019f4 <__wrap_putchar+0x84>)
10001996:	4252      	negs	r2, r2
10001998:	4917      	ldr	r1, [pc, #92]	@ (100019f8 <__wrap_putchar+0x88>)
1000199a:	0008      	movs	r0, r1
1000199c:	4688      	mov	r8, r1
1000199e:	f003 fa0b 	bl	10004db8 <__mutex_try_enter_block_until_veneer>
100019a2:	4b16      	ldr	r3, [pc, #88]	@ (100019fc <__wrap_putchar+0x8c>)
100019a4:	4681      	mov	r9, r0
100019a6:	681c      	ldr	r4, [r3, #0]
100019a8:	2c00      	cmp	r4, #0
100019aa:	d014      	beq.n	100019d6 <__wrap_putchar+0x66>
100019ac:	4f14      	ldr	r7, [pc, #80]	@ (10001a00 <__wrap_putchar+0x90>)
100019ae:	e002      	b.n	100019b6 <__wrap_putchar+0x46>
100019b0:	6924      	ldr	r4, [r4, #16]
100019b2:	2c00      	cmp	r4, #0
100019b4:	d00f      	beq.n	100019d6 <__wrap_putchar+0x66>
100019b6:	6823      	ldr	r3, [r4, #0]
100019b8:	2b00      	cmp	r3, #0
100019ba:	d0f9      	beq.n	100019b0 <__wrap_putchar+0x40>
100019bc:	683b      	ldr	r3, [r7, #0]
100019be:	2b00      	cmp	r3, #0
100019c0:	d001      	beq.n	100019c6 <__wrap_putchar+0x56>
100019c2:	429c      	cmp	r4, r3
100019c4:	d1f4      	bne.n	100019b0 <__wrap_putchar+0x40>
100019c6:	0020      	movs	r0, r4
100019c8:	2201      	movs	r2, #1
100019ca:	0029      	movs	r1, r5
100019cc:	f7ff fefa 	bl	100017c4 <stdio_out_chars_crlf>
100019d0:	6924      	ldr	r4, [r4, #16]
100019d2:	2c00      	cmp	r4, #0
100019d4:	d1ef      	bne.n	100019b6 <__wrap_putchar+0x46>
100019d6:	464b      	mov	r3, r9
100019d8:	2b00      	cmp	r3, #0
100019da:	d105      	bne.n	100019e8 <__wrap_putchar+0x78>
100019dc:	0030      	movs	r0, r6
100019de:	b003      	add	sp, #12
100019e0:	bcc0      	pop	{r6, r7}
100019e2:	46b9      	mov	r9, r7
100019e4:	46b0      	mov	r8, r6
100019e6:	bdf0      	pop	{r4, r5, r6, r7, pc}
100019e8:	4640      	mov	r0, r8
100019ea:	f003 f9cd 	bl	10004d88 <__mutex_exit_veneer>
100019ee:	e7f5      	b.n	100019dc <__wrap_putchar+0x6c>
100019f0:	000f4240 	.word	0x000f4240
100019f4:	7fffffff 	.word	0x7fffffff
100019f8:	20000210 	.word	0x20000210
100019fc:	200007bc 	.word	0x200007bc
10001a00:	200007c0 	.word	0x200007c0

10001a04 <__wrap_puts>:
10001a04:	b570      	push	{r4, r5, r6, lr}
10001a06:	0004      	movs	r4, r0
10001a08:	f003 f92c 	bl	10004c64 <strlen>
10001a0c:	2301      	movs	r3, #1
10001a0e:	0001      	movs	r1, r0
10001a10:	0005      	movs	r5, r0
10001a12:	2201      	movs	r2, #1
10001a14:	0020      	movs	r0, r4
10001a16:	f7ff ff2d 	bl	10001874 <stdio_put_string>
10001a1a:	4b08      	ldr	r3, [pc, #32]	@ (10001a3c <__wrap_puts+0x38>)
10001a1c:	681c      	ldr	r4, [r3, #0]
10001a1e:	2c00      	cmp	r4, #0
10001a20:	d006      	beq.n	10001a30 <__wrap_puts+0x2c>
10001a22:	6863      	ldr	r3, [r4, #4]
10001a24:	2b00      	cmp	r3, #0
10001a26:	d005      	beq.n	10001a34 <__wrap_puts+0x30>
10001a28:	4798      	blx	r3
10001a2a:	6924      	ldr	r4, [r4, #16]
10001a2c:	2c00      	cmp	r4, #0
10001a2e:	d1f8      	bne.n	10001a22 <__wrap_puts+0x1e>
10001a30:	0028      	movs	r0, r5
10001a32:	bd70      	pop	{r4, r5, r6, pc}
10001a34:	6924      	ldr	r4, [r4, #16]
10001a36:	2c00      	cmp	r4, #0
10001a38:	d1f3      	bne.n	10001a22 <__wrap_puts+0x1e>
10001a3a:	e7f9      	b.n	10001a30 <__wrap_puts+0x2c>
10001a3c:	200007bc 	.word	0x200007bc

10001a40 <vPortSVCHandler>:
10001a40:	4770      	bx	lr
10001a42:	46c0      	nop			@ (mov r8, r8)
	...

10001a50 <vPortStartFirstTask>:
10001a50:	a10b      	add	r1, pc, #44	@ (adr r1, 10001a80 <ulAsmLocals>)
10001a52:	c90c      	ldmia	r1!, {r2, r3}
10001a54:	6812      	ldr	r2, [r2, #0]
10001a56:	0092      	lsls	r2, r2, #2
10001a58:	589b      	ldr	r3, [r3, r2]
10001a5a:	6818      	ldr	r0, [r3, #0]
10001a5c:	3020      	adds	r0, #32
10001a5e:	f380 8809 	msr	PSP, r0
10001a62:	2002      	movs	r0, #2
10001a64:	f380 8814 	msr	CONTROL, r0
10001a68:	f3bf 8f6f 	isb	sy
10001a6c:	bc3f      	pop	{r0, r1, r2, r3, r4, r5}
10001a6e:	46ae      	mov	lr, r5
10001a70:	bc08      	pop	{r3}
10001a72:	bc04      	pop	{r2}
10001a74:	b662      	cpsie	i
10001a76:	4718      	bx	r3
10001a78:	46c0      	nop			@ (mov r8, r8)
10001a7a:	46c0      	nop			@ (mov r8, r8)
10001a7c:	46c0      	nop			@ (mov r8, r8)
10001a7e:	46c0      	nop			@ (mov r8, r8)

10001a80 <ulAsmLocals>:
10001a80:	d0000000 	.word	0xd0000000
10001a84:	200007d8 	.word	0x200007d8

10001a88 <prvFIFOInterruptHandler>:
10001a88:	23d0      	movs	r3, #208	@ 0xd0
10001a8a:	061b      	lsls	r3, r3, #24
10001a8c:	6d1a      	ldr	r2, [r3, #80]	@ 0x50
10001a8e:	07d2      	lsls	r2, r2, #31
10001a90:	d504      	bpl.n	10001a9c <prvFIFOInterruptHandler+0x14>
10001a92:	2101      	movs	r1, #1
10001a94:	6d9a      	ldr	r2, [r3, #88]	@ 0x58
10001a96:	6d1a      	ldr	r2, [r3, #80]	@ 0x50
10001a98:	4211      	tst	r1, r2
10001a9a:	d1fb      	bne.n	10001a94 <prvFIFOInterruptHandler+0xc>
10001a9c:	23d0      	movs	r3, #208	@ 0xd0
10001a9e:	22ff      	movs	r2, #255	@ 0xff
10001aa0:	061b      	lsls	r3, r3, #24
10001aa2:	651a      	str	r2, [r3, #80]	@ 0x50
10001aa4:	2280      	movs	r2, #128	@ 0x80
10001aa6:	4b02      	ldr	r3, [pc, #8]	@ (10001ab0 <prvFIFOInterruptHandler+0x28>)
10001aa8:	0552      	lsls	r2, r2, #21
10001aaa:	601a      	str	r2, [r3, #0]
10001aac:	4770      	bx	lr
10001aae:	46c0      	nop			@ (mov r8, r8)
10001ab0:	e000ed04 	.word	0xe000ed04
	...

10001ac0 <xPortPendSVHandler>:
10001ac0:	f3ef 8109 	mrs	r1, PSP
10001ac4:	a01a      	add	r0, pc, #104	@ (adr r0, 10001b30 <ulAsmLocals2>)
10001ac6:	c80c      	ldmia	r0!, {r2, r3}
10001ac8:	6810      	ldr	r0, [r2, #0]
10001aca:	0080      	lsls	r0, r0, #2
10001acc:	181b      	adds	r3, r3, r0
10001ace:	6818      	ldr	r0, [r3, #0]
10001ad0:	3920      	subs	r1, #32
10001ad2:	6001      	str	r1, [r0, #0]
10001ad4:	c1f0      	stmia	r1!, {r4, r5, r6, r7}
10001ad6:	4644      	mov	r4, r8
10001ad8:	464d      	mov	r5, r9
10001ada:	4656      	mov	r6, sl
10001adc:	465f      	mov	r7, fp
10001ade:	c1f0      	stmia	r1!, {r4, r5, r6, r7}
10001ae0:	6e14      	ldr	r4, [r2, #96]	@ 0x60
10001ae2:	6e55      	ldr	r5, [r2, #100]	@ 0x64
10001ae4:	6f56      	ldr	r6, [r2, #116]	@ 0x74
10001ae6:	6f17      	ldr	r7, [r2, #112]	@ 0x70
10001ae8:	3930      	subs	r1, #48	@ 0x30
10001aea:	c1f0      	stmia	r1!, {r4, r5, r6, r7}
10001aec:	6810      	ldr	r0, [r2, #0]
10001aee:	b508      	push	{r3, lr}
10001af0:	b672      	cpsid	i
10001af2:	f001 f971 	bl	10002dd8 <vTaskSwitchContext>
10001af6:	b662      	cpsie	i
10001af8:	bc0c      	pop	{r2, r3}
10001afa:	6811      	ldr	r1, [r2, #0]
10001afc:	6808      	ldr	r0, [r1, #0]
10001afe:	3010      	adds	r0, #16
10001b00:	c8f0      	ldmia	r0!, {r4, r5, r6, r7}
10001b02:	46a0      	mov	r8, r4
10001b04:	46a9      	mov	r9, r5
10001b06:	46b2      	mov	sl, r6
10001b08:	46bb      	mov	fp, r7
10001b0a:	f380 8809 	msr	PSP, r0
10001b0e:	220d      	movs	r2, #13
10001b10:	0712      	lsls	r2, r2, #28
10001b12:	3830      	subs	r0, #48	@ 0x30
10001b14:	c8f0      	ldmia	r0!, {r4, r5, r6, r7}
10001b16:	6614      	str	r4, [r2, #96]	@ 0x60
10001b18:	6655      	str	r5, [r2, #100]	@ 0x64
10001b1a:	6756      	str	r6, [r2, #116]	@ 0x74
10001b1c:	6717      	str	r7, [r2, #112]	@ 0x70
10001b1e:	c8f0      	ldmia	r0!, {r4, r5, r6, r7}
10001b20:	4718      	bx	r3
10001b22:	46c0      	nop			@ (mov r8, r8)
10001b24:	46c0      	nop			@ (mov r8, r8)
10001b26:	46c0      	nop			@ (mov r8, r8)
10001b28:	46c0      	nop			@ (mov r8, r8)
10001b2a:	46c0      	nop			@ (mov r8, r8)
10001b2c:	46c0      	nop			@ (mov r8, r8)
10001b2e:	46c0      	nop			@ (mov r8, r8)

10001b30 <ulAsmLocals2>:
10001b30:	d0000000 	.word	0xd0000000
10001b34:	200007d8 	.word	0x200007d8

10001b38 <xPortSysTickHandler>:
10001b38:	b510      	push	{r4, lr}
10001b3a:	f3ef 8410 	mrs	r4, PRIMASK
10001b3e:	b672      	cpsid	i
10001b40:	f001 ff56 	bl	100039f0 <vTaskEnterCritical>
10001b44:	f002 faae 	bl	100040a4 <xTaskIncrementTick>
10001b48:	2800      	cmp	r0, #0
10001b4a:	d003      	beq.n	10001b54 <xPortSysTickHandler+0x1c>
10001b4c:	2280      	movs	r2, #128	@ 0x80
10001b4e:	4b04      	ldr	r3, [pc, #16]	@ (10001b60 <xPortSysTickHandler+0x28>)
10001b50:	0552      	lsls	r2, r2, #21
10001b52:	601a      	str	r2, [r3, #0]
10001b54:	f001 ffd2 	bl	10003afc <vTaskExitCritical>
10001b58:	f384 8810 	msr	PRIMASK, r4
10001b5c:	bd10      	pop	{r4, pc}
10001b5e:	46c0      	nop			@ (mov r8, r8)
10001b60:	e000ed04 	.word	0xe000ed04

10001b64 <prvTaskExitError>:
10001b64:	b510      	push	{r4, lr}
10001b66:	f7fe fc3d 	bl	100003e4 <panic_unsupported>
10001b6a:	46c0      	nop			@ (mov r8, r8)

10001b6c <pxPortInitialiseStack>:
10001b6c:	b510      	push	{r4, lr}
10001b6e:	2480      	movs	r4, #128	@ 0x80
10001b70:	1f03      	subs	r3, r0, #4
10001b72:	0464      	lsls	r4, r4, #17
10001b74:	601c      	str	r4, [r3, #0]
10001b76:	3b04      	subs	r3, #4
10001b78:	6019      	str	r1, [r3, #0]
10001b7a:	4903      	ldr	r1, [pc, #12]	@ (10001b88 <pxPortInitialiseStack+0x1c>)
10001b7c:	3b04      	subs	r3, #4
10001b7e:	6019      	str	r1, [r3, #0]
10001b80:	3b14      	subs	r3, #20
10001b82:	3840      	subs	r0, #64	@ 0x40
10001b84:	601a      	str	r2, [r3, #0]
10001b86:	bd10      	pop	{r4, pc}
10001b88:	10001b65 	.word	0x10001b65

10001b8c <vPortYield>:
10001b8c:	2280      	movs	r2, #128	@ 0x80
10001b8e:	4b04      	ldr	r3, [pc, #16]	@ (10001ba0 <vPortYield+0x14>)
10001b90:	0552      	lsls	r2, r2, #21
10001b92:	601a      	str	r2, [r3, #0]
10001b94:	f3bf 8f4f 	dsb	sy
10001b98:	f3bf 8f6f 	isb	sy
10001b9c:	4770      	bx	lr
10001b9e:	46c0      	nop			@ (mov r8, r8)
10001ba0:	e000ed04 	.word	0xe000ed04

10001ba4 <vPortEnableInterrupts>:
10001ba4:	23d0      	movs	r3, #208	@ 0xd0
10001ba6:	061b      	lsls	r3, r3, #24
10001ba8:	681b      	ldr	r3, [r3, #0]
10001baa:	4908      	ldr	r1, [pc, #32]	@ (10001bcc <vPortEnableInterrupts+0x28>)
10001bac:	009b      	lsls	r3, r3, #2
10001bae:	585a      	ldr	r2, [r3, r1]
10001bb0:	2a00      	cmp	r2, #0
10001bb2:	d008      	beq.n	10001bc6 <vPortEnableInterrupts+0x22>
10001bb4:	2000      	movs	r0, #0
10001bb6:	5058      	str	r0, [r3, r1]
10001bb8:	4905      	ldr	r1, [pc, #20]	@ (10001bd0 <vPortEnableInterrupts+0x2c>)
10001bba:	585b      	ldr	r3, [r3, r1]
10001bbc:	f3bf 8f5f 	dmb	sy
10001bc0:	6010      	str	r0, [r2, #0]
10001bc2:	f383 8810 	msr	PRIMASK, r3
10001bc6:	b662      	cpsie	i
10001bc8:	4770      	bx	lr
10001bca:	46c0      	nop			@ (mov r8, r8)
10001bcc:	20000a74 	.word	0x20000a74
10001bd0:	20020a8c 	.word	0x20020a8c

10001bd4 <vYieldCore>:
10001bd4:	23d0      	movs	r3, #208	@ 0xd0
10001bd6:	2200      	movs	r2, #0
10001bd8:	061b      	lsls	r3, r3, #24
10001bda:	655a      	str	r2, [r3, #84]	@ 0x54
10001bdc:	4770      	bx	lr
10001bde:	46c0      	nop			@ (mov r8, r8)

10001be0 <vPortSetupTimerInterrupt>:
10001be0:	2300      	movs	r3, #0
10001be2:	b510      	push	{r4, lr}
10001be4:	4a08      	ldr	r2, [pc, #32]	@ (10001c08 <vPortSetupTimerInterrupt+0x28>)
10001be6:	4c09      	ldr	r4, [pc, #36]	@ (10001c0c <vPortSetupTimerInterrupt+0x2c>)
10001be8:	2005      	movs	r0, #5
10001bea:	6023      	str	r3, [r4, #0]
10001bec:	6013      	str	r3, [r2, #0]
10001bee:	f7ff f909 	bl	10000e04 <clock_get_hz>
10001bf2:	21fa      	movs	r1, #250	@ 0xfa
10001bf4:	0089      	lsls	r1, r1, #2
10001bf6:	f7ff faa5 	bl	10001144 <__wrap___aeabi_uidiv>
10001bfa:	4b05      	ldr	r3, [pc, #20]	@ (10001c10 <vPortSetupTimerInterrupt+0x30>)
10001bfc:	3801      	subs	r0, #1
10001bfe:	6018      	str	r0, [r3, #0]
10001c00:	2307      	movs	r3, #7
10001c02:	6023      	str	r3, [r4, #0]
10001c04:	bd10      	pop	{r4, pc}
10001c06:	46c0      	nop			@ (mov r8, r8)
10001c08:	e000e018 	.word	0xe000e018
10001c0c:	e000e010 	.word	0xe000e010
10001c10:	e000e014 	.word	0xe000e014

10001c14 <xPortStartSchedulerOnCore.isra.0>:
10001c14:	b570      	push	{r4, r5, r6, lr}
10001c16:	4b22      	ldr	r3, [pc, #136]	@ (10001ca0 <xPortStartSchedulerOnCore.isra.0+0x8c>)
10001c18:	781a      	ldrb	r2, [r3, #0]
10001c1a:	23d0      	movs	r3, #208	@ 0xd0
10001c1c:	061b      	lsls	r3, r3, #24
10001c1e:	681b      	ldr	r3, [r3, #0]
10001c20:	429a      	cmp	r2, r3
10001c22:	d030      	beq.n	10001c86 <xPortStartSchedulerOnCore.isra.0+0x72>
10001c24:	23ff      	movs	r3, #255	@ 0xff
10001c26:	4a1f      	ldr	r2, [pc, #124]	@ (10001ca4 <xPortStartSchedulerOnCore.isra.0+0x90>)
10001c28:	041b      	lsls	r3, r3, #16
10001c2a:	6811      	ldr	r1, [r2, #0]
10001c2c:	200e      	movs	r0, #14
10001c2e:	430b      	orrs	r3, r1
10001c30:	6013      	str	r3, [r2, #0]
10001c32:	491d      	ldr	r1, [pc, #116]	@ (10001ca8 <xPortStartSchedulerOnCore.isra.0+0x94>)
10001c34:	f002 fe42 	bl	100048bc <exception_set_exclusive_handler>
10001c38:	200b      	movs	r0, #11
10001c3a:	491c      	ldr	r1, [pc, #112]	@ (10001cac <xPortStartSchedulerOnCore.isra.0+0x98>)
10001c3c:	f002 fe3e 	bl	100048bc <exception_set_exclusive_handler>
10001c40:	23d0      	movs	r3, #208	@ 0xd0
10001c42:	22ff      	movs	r2, #255	@ 0xff
10001c44:	061b      	lsls	r3, r3, #24
10001c46:	651a      	str	r2, [r3, #80]	@ 0x50
10001c48:	6d1a      	ldr	r2, [r3, #80]	@ 0x50
10001c4a:	07d2      	lsls	r2, r2, #31
10001c4c:	d504      	bpl.n	10001c58 <xPortStartSchedulerOnCore.isra.0+0x44>
10001c4e:	2101      	movs	r1, #1
10001c50:	6d9a      	ldr	r2, [r3, #88]	@ 0x58
10001c52:	6d1a      	ldr	r2, [r3, #80]	@ 0x50
10001c54:	4211      	tst	r1, r2
10001c56:	d1fb      	bne.n	10001c50 <xPortStartSchedulerOnCore.isra.0+0x3c>
10001c58:	25d0      	movs	r5, #208	@ 0xd0
10001c5a:	062d      	lsls	r5, r5, #24
10001c5c:	682c      	ldr	r4, [r5, #0]
10001c5e:	21ff      	movs	r1, #255	@ 0xff
10001c60:	340f      	adds	r4, #15
10001c62:	0020      	movs	r0, r4
10001c64:	f7fe fc66 	bl	10000534 <irq_set_priority>
10001c68:	0020      	movs	r0, r4
10001c6a:	4911      	ldr	r1, [pc, #68]	@ (10001cb0 <xPortStartSchedulerOnCore.isra.0+0x9c>)
10001c6c:	f7fe fc38 	bl	100004e0 <irq_set_exclusive_handler>
10001c70:	2101      	movs	r1, #1
10001c72:	0020      	movs	r0, r4
10001c74:	f7fe fc16 	bl	100004a4 <irq_set_enabled>
10001c78:	f7ff feea 	bl	10001a50 <vPortStartFirstTask>
10001c7c:	6828      	ldr	r0, [r5, #0]
10001c7e:	f001 f8ab 	bl	10002dd8 <vTaskSwitchContext>
10001c82:	f7fe fbaf 	bl	100003e4 <panic_unsupported>
10001c86:	f7ff ffab 	bl	10001be0 <vPortSetupTimerInterrupt>
10001c8a:	23ff      	movs	r3, #255	@ 0xff
10001c8c:	4a05      	ldr	r2, [pc, #20]	@ (10001ca4 <xPortStartSchedulerOnCore.isra.0+0x90>)
10001c8e:	061b      	lsls	r3, r3, #24
10001c90:	6811      	ldr	r1, [r2, #0]
10001c92:	200f      	movs	r0, #15
10001c94:	430b      	orrs	r3, r1
10001c96:	6013      	str	r3, [r2, #0]
10001c98:	4906      	ldr	r1, [pc, #24]	@ (10001cb4 <xPortStartSchedulerOnCore.isra.0+0xa0>)
10001c9a:	f002 fe0f 	bl	100048bc <exception_set_exclusive_handler>
10001c9e:	e7c1      	b.n	10001c24 <xPortStartSchedulerOnCore.isra.0+0x10>
10001ca0:	20000200 	.word	0x20000200
10001ca4:	e000ed20 	.word	0xe000ed20
10001ca8:	10001ac1 	.word	0x10001ac1
10001cac:	10001a41 	.word	0x10001a41
10001cb0:	10001a89 	.word	0x10001a89
10001cb4:	10001b39 	.word	0x10001b39

10001cb8 <prvDisableInterruptsAndPortStartSchedulerOnCore>:
10001cb8:	b510      	push	{r4, lr}
10001cba:	f3ef 8310 	mrs	r3, PRIMASK
10001cbe:	b672      	cpsid	i
10001cc0:	f7ff ffa8 	bl	10001c14 <xPortStartSchedulerOnCore.isra.0>

10001cc4 <xPortStartScheduler>:
10001cc4:	b510      	push	{r4, lr}
10001cc6:	200e      	movs	r0, #14
10001cc8:	f7fe fbc0 	bl	1000044c <spin_lock_claim>
10001ccc:	200f      	movs	r0, #15
10001cce:	f7fe fbbd 	bl	1000044c <spin_lock_claim>
10001cd2:	2200      	movs	r2, #0
10001cd4:	4b03      	ldr	r3, [pc, #12]	@ (10001ce4 <xPortStartScheduler+0x20>)
10001cd6:	4804      	ldr	r0, [pc, #16]	@ (10001ce8 <xPortStartScheduler+0x24>)
10001cd8:	701a      	strb	r2, [r3, #0]
10001cda:	f002 fe61 	bl	100049a0 <multicore_launch_core1>
10001cde:	f7ff ff99 	bl	10001c14 <xPortStartSchedulerOnCore.isra.0>
10001ce2:	46c0      	nop			@ (mov r8, r8)
10001ce4:	20000200 	.word	0x20000200
10001ce8:	10001cb9 	.word	0x10001cb9

10001cec <ulPortLockGetCurrentOwnerId>:
10001cec:	b510      	push	{r4, lr}
10001cee:	4b0a      	ldr	r3, [pc, #40]	@ (10001d18 <ulPortLockGetCurrentOwnerId+0x2c>)
10001cf0:	781b      	ldrb	r3, [r3, #0]
10001cf2:	2bff      	cmp	r3, #255	@ 0xff
10001cf4:	d00c      	beq.n	10001d10 <ulPortLockGetCurrentOwnerId+0x24>
10001cf6:	f3ef 8005 	mrs	r0, IPSR
10001cfa:	2800      	cmp	r0, #0
10001cfc:	d005      	beq.n	10001d0a <ulPortLockGetCurrentOwnerId+0x1e>
10001cfe:	23d0      	movs	r3, #208	@ 0xd0
10001d00:	061b      	lsls	r3, r3, #24
10001d02:	681b      	ldr	r3, [r3, #0]
10001d04:	0040      	lsls	r0, r0, #1
10001d06:	18c0      	adds	r0, r0, r3
10001d08:	bd10      	pop	{r4, pc}
10001d0a:	f001 fd23 	bl	10003754 <xTaskGetCurrentTaskHandle>
10001d0e:	e7fb      	b.n	10001d08 <ulPortLockGetCurrentOwnerId+0x1c>
10001d10:	23d0      	movs	r3, #208	@ 0xd0
10001d12:	061b      	lsls	r3, r3, #24
10001d14:	6818      	ldr	r0, [r3, #0]
10001d16:	e7f7      	b.n	10001d08 <ulPortLockGetCurrentOwnerId+0x1c>
10001d18:	20000200 	.word	0x20000200

10001d1c <vPortLockInternalSpinUnlockWithNotify>:
10001d1c:	b500      	push	{lr}
10001d1e:	4a1b      	ldr	r2, [pc, #108]	@ (10001d8c <vPortLockInternalSpinUnlockWithNotify+0x70>)
10001d20:	000b      	movs	r3, r1
10001d22:	7812      	ldrb	r2, [r2, #0]
10001d24:	b083      	sub	sp, #12
10001d26:	2aff      	cmp	r2, #255	@ 0xff
10001d28:	d027      	beq.n	10001d7a <vPortLockInternalSpinUnlockWithNotify+0x5e>
10001d2a:	4919      	ldr	r1, [pc, #100]	@ (10001d90 <vPortLockInternalSpinUnlockWithNotify+0x74>)
10001d2c:	6802      	ldr	r2, [r0, #0]
10001d2e:	468c      	mov	ip, r1
10001d30:	2102      	movs	r1, #2
10001d32:	4462      	add	r2, ip
10001d34:	1092      	asrs	r2, r2, #2
10001d36:	31ff      	adds	r1, #255	@ 0xff
10001d38:	4091      	lsls	r1, r2
10001d3a:	0a09      	lsrs	r1, r1, #8
10001d3c:	bf40      	sev
10001d3e:	6800      	ldr	r0, [r0, #0]
10001d40:	f3bf 8f5f 	dmb	sy
10001d44:	2200      	movs	r2, #0
10001d46:	6002      	str	r2, [r0, #0]
10001d48:	f383 8810 	msr	PRIMASK, r3
10001d4c:	f3ef 8305 	mrs	r3, IPSR
10001d50:	4810      	ldr	r0, [pc, #64]	@ (10001d94 <vPortLockInternalSpinUnlockWithNotify+0x78>)
10001d52:	b2db      	uxtb	r3, r3
10001d54:	6800      	ldr	r0, [r0, #0]
10001d56:	2b00      	cmp	r3, #0
10001d58:	d103      	bne.n	10001d62 <vPortLockInternalSpinUnlockWithNotify+0x46>
10001d5a:	f000 f94b 	bl	10001ff4 <xEventGroupSetBits>
10001d5e:	b003      	add	sp, #12
10001d60:	bd00      	pop	{pc}
10001d62:	9201      	str	r2, [sp, #4]
10001d64:	aa01      	add	r2, sp, #4
10001d66:	f000 f98f 	bl	10002088 <xEventGroupSetBitsFromISR>
10001d6a:	9b01      	ldr	r3, [sp, #4]
10001d6c:	2b00      	cmp	r3, #0
10001d6e:	d0f6      	beq.n	10001d5e <vPortLockInternalSpinUnlockWithNotify+0x42>
10001d70:	2280      	movs	r2, #128	@ 0x80
10001d72:	4b09      	ldr	r3, [pc, #36]	@ (10001d98 <vPortLockInternalSpinUnlockWithNotify+0x7c>)
10001d74:	0552      	lsls	r2, r2, #21
10001d76:	601a      	str	r2, [r3, #0]
10001d78:	e7f1      	b.n	10001d5e <vPortLockInternalSpinUnlockWithNotify+0x42>
10001d7a:	bf40      	sev
10001d7c:	6802      	ldr	r2, [r0, #0]
10001d7e:	f3bf 8f5f 	dmb	sy
10001d82:	2100      	movs	r1, #0
10001d84:	6011      	str	r1, [r2, #0]
10001d86:	f383 8810 	msr	PRIMASK, r3
10001d8a:	e7e8      	b.n	10001d5e <vPortLockInternalSpinUnlockWithNotify+0x42>
10001d8c:	20000200 	.word	0x20000200
10001d90:	2fffff00 	.word	0x2fffff00
10001d94:	20020afc 	.word	0x20020afc
10001d98:	e000ed04 	.word	0xe000ed04

10001d9c <xPortLockInternalSpinUnlockWithBestEffortWaitOrTimeout>:
10001d9c:	b5f0      	push	{r4, r5, r6, r7, lr}
10001d9e:	001d      	movs	r5, r3
10001da0:	4b30      	ldr	r3, [pc, #192]	@ (10001e64 <xPortLockInternalSpinUnlockWithBestEffortWaitOrTimeout+0xc8>)
10001da2:	0006      	movs	r6, r0
10001da4:	781b      	ldrb	r3, [r3, #0]
10001da6:	000f      	movs	r7, r1
10001da8:	0014      	movs	r4, r2
10001daa:	b083      	sub	sp, #12
10001dac:	2bff      	cmp	r3, #255	@ 0xff
10001dae:	d04d      	beq.n	10001e4c <xPortLockInternalSpinUnlockWithBestEffortWaitOrTimeout+0xb0>
10001db0:	f7fe ff30 	bl	10000c14 <time_us_64>
10001db4:	0022      	movs	r2, r4
10001db6:	002b      	movs	r3, r5
10001db8:	1a12      	subs	r2, r2, r0
10001dba:	418b      	sbcs	r3, r1
10001dbc:	2101      	movs	r1, #1
10001dbe:	482a      	ldr	r0, [pc, #168]	@ (10001e68 <xPortLockInternalSpinUnlockWithBestEffortWaitOrTimeout+0xcc>)
10001dc0:	4249      	negs	r1, r1
10001dc2:	1880      	adds	r0, r0, r2
10001dc4:	4159      	adcs	r1, r3
10001dc6:	6836      	ldr	r6, [r6, #0]
10001dc8:	2900      	cmp	r1, #0
10001dca:	dc20      	bgt.n	10001e0e <xPortLockInternalSpinUnlockWithBestEffortWaitOrTimeout+0x72>
10001dcc:	d01b      	beq.n	10001e06 <xPortLockInternalSpinUnlockWithBestEffortWaitOrTimeout+0x6a>
10001dce:	f3bf 8f5f 	dmb	sy
10001dd2:	2300      	movs	r3, #0
10001dd4:	6033      	str	r3, [r6, #0]
10001dd6:	f387 8810 	msr	PRIMASK, r7
10001dda:	4b24      	ldr	r3, [pc, #144]	@ (10001e6c <xPortLockInternalSpinUnlockWithBestEffortWaitOrTimeout+0xd0>)
10001ddc:	6a5a      	ldr	r2, [r3, #36]	@ 0x24
10001dde:	4295      	cmp	r5, r2
10001de0:	d90a      	bls.n	10001df8 <xPortLockInternalSpinUnlockWithBestEffortWaitOrTimeout+0x5c>
10001de2:	2280      	movs	r2, #128	@ 0x80
10001de4:	4b22      	ldr	r3, [pc, #136]	@ (10001e70 <xPortLockInternalSpinUnlockWithBestEffortWaitOrTimeout+0xd4>)
10001de6:	0552      	lsls	r2, r2, #21
10001de8:	601a      	str	r2, [r3, #0]
10001dea:	f3bf 8f4f 	dsb	sy
10001dee:	f3bf 8f6f 	isb	sy
10001df2:	2000      	movs	r0, #0
10001df4:	b003      	add	sp, #12
10001df6:	bdf0      	pop	{r4, r5, r6, r7, pc}
10001df8:	6a9b      	ldr	r3, [r3, #40]	@ 0x28
10001dfa:	2001      	movs	r0, #1
10001dfc:	42a3      	cmp	r3, r4
10001dfe:	d2f9      	bcs.n	10001df4 <xPortLockInternalSpinUnlockWithBestEffortWaitOrTimeout+0x58>
10001e00:	4295      	cmp	r5, r2
10001e02:	d1f7      	bne.n	10001df4 <xPortLockInternalSpinUnlockWithBestEffortWaitOrTimeout+0x58>
10001e04:	e7ed      	b.n	10001de2 <xPortLockInternalSpinUnlockWithBestEffortWaitOrTimeout+0x46>
10001e06:	23fa      	movs	r3, #250	@ 0xfa
10001e08:	009b      	lsls	r3, r3, #2
10001e0a:	4298      	cmp	r0, r3
10001e0c:	d3df      	bcc.n	10001dce <xPortLockInternalSpinUnlockWithBestEffortWaitOrTimeout+0x32>
10001e0e:	22fa      	movs	r2, #250	@ 0xfa
10001e10:	2300      	movs	r3, #0
10001e12:	0092      	lsls	r2, r2, #2
10001e14:	f7ff f9bc 	bl	10001190 <__wrap___aeabi_ldivmod>
10001e18:	1e03      	subs	r3, r0, #0
10001e1a:	d0d8      	beq.n	10001dce <xPortLockInternalSpinUnlockWithBestEffortWaitOrTimeout+0x32>
10001e1c:	22d0      	movs	r2, #208	@ 0xd0
10001e1e:	0612      	lsls	r2, r2, #24
10001e20:	6812      	ldr	r2, [r2, #0]
10001e22:	4914      	ldr	r1, [pc, #80]	@ (10001e74 <xPortLockInternalSpinUnlockWithBestEffortWaitOrTimeout+0xd8>)
10001e24:	0092      	lsls	r2, r2, #2
10001e26:	5056      	str	r6, [r2, r1]
10001e28:	4913      	ldr	r1, [pc, #76]	@ (10001e78 <xPortLockInternalSpinUnlockWithBestEffortWaitOrTimeout+0xdc>)
10001e2a:	5057      	str	r7, [r2, r1]
10001e2c:	4a13      	ldr	r2, [pc, #76]	@ (10001e7c <xPortLockInternalSpinUnlockWithBestEffortWaitOrTimeout+0xe0>)
10001e2e:	2102      	movs	r1, #2
10001e30:	4694      	mov	ip, r2
10001e32:	4466      	add	r6, ip
10001e34:	10b6      	asrs	r6, r6, #2
10001e36:	31ff      	adds	r1, #255	@ 0xff
10001e38:	40b1      	lsls	r1, r6
10001e3a:	4a11      	ldr	r2, [pc, #68]	@ (10001e80 <xPortLockInternalSpinUnlockWithBestEffortWaitOrTimeout+0xe4>)
10001e3c:	0a09      	lsrs	r1, r1, #8
10001e3e:	6810      	ldr	r0, [r2, #0]
10001e40:	9300      	str	r3, [sp, #0]
10001e42:	2201      	movs	r2, #1
10001e44:	2300      	movs	r3, #0
10001e46:	f000 f879 	bl	10001f3c <xEventGroupWaitBits>
10001e4a:	e7c6      	b.n	10001dda <xPortLockInternalSpinUnlockWithBestEffortWaitOrTimeout+0x3e>
10001e4c:	6803      	ldr	r3, [r0, #0]
10001e4e:	f3bf 8f5f 	dmb	sy
10001e52:	2200      	movs	r2, #0
10001e54:	601a      	str	r2, [r3, #0]
10001e56:	f381 8810 	msr	PRIMASK, r1
10001e5a:	0020      	movs	r0, r4
10001e5c:	0029      	movs	r1, r5
10001e5e:	f7fe fe41 	bl	10000ae4 <best_effort_wfe_or_timeout>
10001e62:	e7c7      	b.n	10001df4 <xPortLockInternalSpinUnlockWithBestEffortWaitOrTimeout+0x58>
10001e64:	20000200 	.word	0x20000200
10001e68:	fffffc18 	.word	0xfffffc18
10001e6c:	40054000 	.word	0x40054000
10001e70:	e000ed04 	.word	0xe000ed04
10001e74:	20000a74 	.word	0x20000a74
10001e78:	20020a8c 	.word	0x20020a8c
10001e7c:	2fffff00 	.word	0x2fffff00
10001e80:	20020afc 	.word	0x20020afc

10001e84 <prvRuntimeInitializer>:
10001e84:	b510      	push	{r4, lr}
10001e86:	f000 f84d 	bl	10001f24 <xEventGroupCreate>
10001e8a:	4b01      	ldr	r3, [pc, #4]	@ (10001e90 <prvRuntimeInitializer+0xc>)
10001e8c:	6018      	str	r0, [r3, #0]
10001e8e:	bd10      	pop	{r4, pc}
10001e90:	20020afc 	.word	0x20020afc

10001e94 <vEventGroupSetBitsCallback>:
10001e94:	b5f8      	push	{r3, r4, r5, r6, r7, lr}
10001e96:	46de      	mov	lr, fp
10001e98:	4657      	mov	r7, sl
10001e9a:	464e      	mov	r6, r9
10001e9c:	4645      	mov	r5, r8
10001e9e:	b5e0      	push	{r5, r6, r7, lr}
10001ea0:	0005      	movs	r5, r0
10001ea2:	000f      	movs	r7, r1
10001ea4:	0006      	movs	r6, r0
10001ea6:	f000 ff11 	bl	10002ccc <vTaskSuspendAll>
10001eaa:	6829      	ldr	r1, [r5, #0]
10001eac:	692c      	ldr	r4, [r5, #16]
10001eae:	4339      	orrs	r1, r7
10001eb0:	360c      	adds	r6, #12
10001eb2:	6029      	str	r1, [r5, #0]
10001eb4:	42a6      	cmp	r6, r4
10001eb6:	d02c      	beq.n	10001f12 <vEventGroupSetBitsCallback+0x7e>
10001eb8:	2300      	movs	r3, #0
10001eba:	4698      	mov	r8, r3
10001ebc:	2380      	movs	r3, #128	@ 0x80
10001ebe:	04db      	lsls	r3, r3, #19
10001ec0:	469b      	mov	fp, r3
10001ec2:	2380      	movs	r3, #128	@ 0x80
10001ec4:	045b      	lsls	r3, r3, #17
10001ec6:	469a      	mov	sl, r3
10001ec8:	2380      	movs	r3, #128	@ 0x80
10001eca:	049b      	lsls	r3, r3, #18
10001ecc:	4699      	mov	r9, r3
10001ece:	e00f      	b.n	10001ef0 <vEventGroupSetBitsCallback+0x5c>
10001ed0:	4667      	mov	r7, ip
10001ed2:	2f00      	cmp	r7, #0
10001ed4:	d00a      	beq.n	10001eec <vEventGroupSetBitsCallback+0x58>
10001ed6:	4657      	mov	r7, sl
10001ed8:	423a      	tst	r2, r7
10001eda:	d002      	beq.n	10001ee2 <vEventGroupSetBitsCallback+0x4e>
10001edc:	4642      	mov	r2, r8
10001ede:	431a      	orrs	r2, r3
10001ee0:	4690      	mov	r8, r2
10001ee2:	464b      	mov	r3, r9
10001ee4:	4319      	orrs	r1, r3
10001ee6:	f002 fac5 	bl	10004474 <vTaskRemoveFromUnorderedEventList>
10001eea:	6829      	ldr	r1, [r5, #0]
10001eec:	42a6      	cmp	r6, r4
10001eee:	d00e      	beq.n	10001f0e <vEventGroupSetBitsCallback+0x7a>
10001ef0:	0020      	movs	r0, r4
10001ef2:	000f      	movs	r7, r1
10001ef4:	6802      	ldr	r2, [r0, #0]
10001ef6:	6864      	ldr	r4, [r4, #4]
10001ef8:	0213      	lsls	r3, r2, #8
10001efa:	0a1b      	lsrs	r3, r3, #8
10001efc:	401f      	ands	r7, r3
10001efe:	46bc      	mov	ip, r7
10001f00:	465f      	mov	r7, fp
10001f02:	423a      	tst	r2, r7
10001f04:	d0e4      	beq.n	10001ed0 <vEventGroupSetBitsCallback+0x3c>
10001f06:	4563      	cmp	r3, ip
10001f08:	d0e5      	beq.n	10001ed6 <vEventGroupSetBitsCallback+0x42>
10001f0a:	42a6      	cmp	r6, r4
10001f0c:	d1f0      	bne.n	10001ef0 <vEventGroupSetBitsCallback+0x5c>
10001f0e:	4643      	mov	r3, r8
10001f10:	4399      	bics	r1, r3
10001f12:	6029      	str	r1, [r5, #0]
10001f14:	f002 fa6a 	bl	100043ec <xTaskResumeAll>
10001f18:	bcf0      	pop	{r4, r5, r6, r7}
10001f1a:	46bb      	mov	fp, r7
10001f1c:	46b2      	mov	sl, r6
10001f1e:	46a9      	mov	r9, r5
10001f20:	46a0      	mov	r8, r4
10001f22:	bdf8      	pop	{r3, r4, r5, r6, r7, pc}

10001f24 <xEventGroupCreate>:
10001f24:	b510      	push	{r4, lr}
10001f26:	201c      	movs	r0, #28
10001f28:	f002 fd66 	bl	100049f8 <pvPortMalloc>
10001f2c:	1e04      	subs	r4, r0, #0
10001f2e:	d003      	beq.n	10001f38 <xEventGroupCreate+0x14>
10001f30:	2300      	movs	r3, #0
10001f32:	c008      	stmia	r0!, {r3}
10001f34:	f000 f8b4 	bl	100020a0 <vListInitialise>
10001f38:	0020      	movs	r0, r4
10001f3a:	bd10      	pop	{r4, pc}

10001f3c <xEventGroupWaitBits>:
10001f3c:	b5f0      	push	{r4, r5, r6, r7, lr}
10001f3e:	46c6      	mov	lr, r8
10001f40:	000d      	movs	r5, r1
10001f42:	0006      	movs	r6, r0
10001f44:	b500      	push	{lr}
10001f46:	001f      	movs	r7, r3
10001f48:	4690      	mov	r8, r2
10001f4a:	f000 febf 	bl	10002ccc <vTaskSuspendAll>
10001f4e:	002b      	movs	r3, r5
10001f50:	6834      	ldr	r4, [r6, #0]
10001f52:	4023      	ands	r3, r4
10001f54:	2f00      	cmp	r7, #0
10001f56:	d10d      	bne.n	10001f74 <xEventGroupWaitBits+0x38>
10001f58:	2b00      	cmp	r3, #0
10001f5a:	d028      	beq.n	10001fae <xEventGroupWaitBits+0x72>
10001f5c:	4643      	mov	r3, r8
10001f5e:	2b00      	cmp	r3, #0
10001f60:	d028      	beq.n	10001fb4 <xEventGroupWaitBits+0x78>
10001f62:	0023      	movs	r3, r4
10001f64:	43ab      	bics	r3, r5
10001f66:	6033      	str	r3, [r6, #0]
10001f68:	f002 fa40 	bl	100043ec <xTaskResumeAll>
10001f6c:	0020      	movs	r0, r4
10001f6e:	bc80      	pop	{r7}
10001f70:	46b8      	mov	r8, r7
10001f72:	bdf0      	pop	{r4, r5, r6, r7, pc}
10001f74:	429d      	cmp	r5, r3
10001f76:	d0f1      	beq.n	10001f5c <xEventGroupWaitBits+0x20>
10001f78:	9b06      	ldr	r3, [sp, #24]
10001f7a:	2b00      	cmp	r3, #0
10001f7c:	d01a      	beq.n	10001fb4 <xEventGroupWaitBits+0x78>
10001f7e:	4643      	mov	r3, r8
10001f80:	2180      	movs	r1, #128	@ 0x80
10001f82:	1e5a      	subs	r2, r3, #1
10001f84:	4193      	sbcs	r3, r2
10001f86:	04c9      	lsls	r1, r1, #19
10001f88:	061b      	lsls	r3, r3, #24
10001f8a:	4319      	orrs	r1, r3
10001f8c:	9a06      	ldr	r2, [sp, #24]
10001f8e:	4329      	orrs	r1, r5
10001f90:	1d30      	adds	r0, r6, #4
10001f92:	f001 f93b 	bl	1000320c <vTaskPlaceOnUnorderedEventList>
10001f96:	f002 fa29 	bl	100043ec <xTaskResumeAll>
10001f9a:	2800      	cmp	r0, #0
10001f9c:	d024      	beq.n	10001fe8 <xEventGroupWaitBits+0xac>
10001f9e:	f002 fa91 	bl	100044c4 <uxTaskResetEventItemValue>
10001fa2:	0004      	movs	r4, r0
10001fa4:	0183      	lsls	r3, r0, #6
10001fa6:	d50d      	bpl.n	10001fc4 <xEventGroupWaitBits+0x88>
10001fa8:	0224      	lsls	r4, r4, #8
10001faa:	0a24      	lsrs	r4, r4, #8
10001fac:	e7de      	b.n	10001f6c <xEventGroupWaitBits+0x30>
10001fae:	9b06      	ldr	r3, [sp, #24]
10001fb0:	2b00      	cmp	r3, #0
10001fb2:	d102      	bne.n	10001fba <xEventGroupWaitBits+0x7e>
10001fb4:	f002 fa1a 	bl	100043ec <xTaskResumeAll>
10001fb8:	e7d8      	b.n	10001f6c <xEventGroupWaitBits+0x30>
10001fba:	4641      	mov	r1, r8
10001fbc:	1e4b      	subs	r3, r1, #1
10001fbe:	4199      	sbcs	r1, r3
10001fc0:	0609      	lsls	r1, r1, #24
10001fc2:	e7e3      	b.n	10001f8c <xEventGroupWaitBits+0x50>
10001fc4:	f001 fd14 	bl	100039f0 <vTaskEnterCritical>
10001fc8:	6834      	ldr	r4, [r6, #0]
10001fca:	0023      	movs	r3, r4
10001fcc:	402b      	ands	r3, r5
10001fce:	2f00      	cmp	r7, #0
10001fd0:	d10d      	bne.n	10001fee <xEventGroupWaitBits+0xb2>
10001fd2:	2b00      	cmp	r3, #0
10001fd4:	d005      	beq.n	10001fe2 <xEventGroupWaitBits+0xa6>
10001fd6:	4643      	mov	r3, r8
10001fd8:	2b00      	cmp	r3, #0
10001fda:	d002      	beq.n	10001fe2 <xEventGroupWaitBits+0xa6>
10001fdc:	0023      	movs	r3, r4
10001fde:	43ab      	bics	r3, r5
10001fe0:	6033      	str	r3, [r6, #0]
10001fe2:	f001 fd8b 	bl	10003afc <vTaskExitCritical>
10001fe6:	e7df      	b.n	10001fa8 <xEventGroupWaitBits+0x6c>
10001fe8:	f001 fce8 	bl	100039bc <vTaskYieldWithinAPI>
10001fec:	e7d7      	b.n	10001f9e <xEventGroupWaitBits+0x62>
10001fee:	42ab      	cmp	r3, r5
10001ff0:	d1f7      	bne.n	10001fe2 <xEventGroupWaitBits+0xa6>
10001ff2:	e7f0      	b.n	10001fd6 <xEventGroupWaitBits+0x9a>

10001ff4 <xEventGroupSetBits>:
10001ff4:	b5f8      	push	{r3, r4, r5, r6, r7, lr}
10001ff6:	46de      	mov	lr, fp
10001ff8:	4657      	mov	r7, sl
10001ffa:	464e      	mov	r6, r9
10001ffc:	4645      	mov	r5, r8
10001ffe:	b5e0      	push	{r5, r6, r7, lr}
10002000:	0005      	movs	r5, r0
10002002:	000f      	movs	r7, r1
10002004:	0006      	movs	r6, r0
10002006:	f000 fe61 	bl	10002ccc <vTaskSuspendAll>
1000200a:	6829      	ldr	r1, [r5, #0]
1000200c:	692c      	ldr	r4, [r5, #16]
1000200e:	4339      	orrs	r1, r7
10002010:	360c      	adds	r6, #12
10002012:	6029      	str	r1, [r5, #0]
10002014:	42a6      	cmp	r6, r4
10002016:	d02c      	beq.n	10002072 <xEventGroupSetBits+0x7e>
10002018:	2300      	movs	r3, #0
1000201a:	4698      	mov	r8, r3
1000201c:	2380      	movs	r3, #128	@ 0x80
1000201e:	04db      	lsls	r3, r3, #19
10002020:	469b      	mov	fp, r3
10002022:	2380      	movs	r3, #128	@ 0x80
10002024:	045b      	lsls	r3, r3, #17
10002026:	469a      	mov	sl, r3
10002028:	2380      	movs	r3, #128	@ 0x80
1000202a:	049b      	lsls	r3, r3, #18
1000202c:	4699      	mov	r9, r3
1000202e:	e00f      	b.n	10002050 <xEventGroupSetBits+0x5c>
10002030:	4667      	mov	r7, ip
10002032:	2f00      	cmp	r7, #0
10002034:	d00a      	beq.n	1000204c <xEventGroupSetBits+0x58>
10002036:	4657      	mov	r7, sl
10002038:	423a      	tst	r2, r7
1000203a:	d002      	beq.n	10002042 <xEventGroupSetBits+0x4e>
1000203c:	4642      	mov	r2, r8
1000203e:	431a      	orrs	r2, r3
10002040:	4690      	mov	r8, r2
10002042:	464b      	mov	r3, r9
10002044:	4319      	orrs	r1, r3
10002046:	f002 fa15 	bl	10004474 <vTaskRemoveFromUnorderedEventList>
1000204a:	6829      	ldr	r1, [r5, #0]
1000204c:	42a6      	cmp	r6, r4
1000204e:	d00e      	beq.n	1000206e <xEventGroupSetBits+0x7a>
10002050:	0020      	movs	r0, r4
10002052:	000f      	movs	r7, r1
10002054:	6802      	ldr	r2, [r0, #0]
10002056:	6864      	ldr	r4, [r4, #4]
10002058:	0213      	lsls	r3, r2, #8
1000205a:	0a1b      	lsrs	r3, r3, #8
1000205c:	401f      	ands	r7, r3
1000205e:	46bc      	mov	ip, r7
10002060:	465f      	mov	r7, fp
10002062:	423a      	tst	r2, r7
10002064:	d0e4      	beq.n	10002030 <xEventGroupSetBits+0x3c>
10002066:	4563      	cmp	r3, ip
10002068:	d0e5      	beq.n	10002036 <xEventGroupSetBits+0x42>
1000206a:	42a6      	cmp	r6, r4
1000206c:	d1f0      	bne.n	10002050 <xEventGroupSetBits+0x5c>
1000206e:	4643      	mov	r3, r8
10002070:	4399      	bics	r1, r3
10002072:	6029      	str	r1, [r5, #0]
10002074:	f002 f9ba 	bl	100043ec <xTaskResumeAll>
10002078:	6828      	ldr	r0, [r5, #0]
1000207a:	bcf0      	pop	{r4, r5, r6, r7}
1000207c:	46bb      	mov	fp, r7
1000207e:	46b2      	mov	sl, r6
10002080:	46a9      	mov	r9, r5
10002082:	46a0      	mov	r8, r4
10002084:	bdf8      	pop	{r3, r4, r5, r6, r7, pc}
10002086:	46c0      	nop			@ (mov r8, r8)

10002088 <xEventGroupSetBitsFromISR>:
10002088:	b510      	push	{r4, lr}
1000208a:	4c04      	ldr	r4, [pc, #16]	@ (1000209c <xEventGroupSetBitsFromISR+0x14>)
1000208c:	0013      	movs	r3, r2
1000208e:	000a      	movs	r2, r1
10002090:	0001      	movs	r1, r0
10002092:	0020      	movs	r0, r4
10002094:	f002 fbfc 	bl	10004890 <xTimerPendFunctionCallFromISR>
10002098:	bd10      	pop	{r4, pc}
1000209a:	46c0      	nop			@ (mov r8, r8)
1000209c:	10001e95 	.word	0x10001e95

100020a0 <vListInitialise>:
100020a0:	0003      	movs	r3, r0
100020a2:	3308      	adds	r3, #8
100020a4:	2201      	movs	r2, #1
100020a6:	6043      	str	r3, [r0, #4]
100020a8:	60c3      	str	r3, [r0, #12]
100020aa:	6103      	str	r3, [r0, #16]
100020ac:	2300      	movs	r3, #0
100020ae:	4252      	negs	r2, r2
100020b0:	6082      	str	r2, [r0, #8]
100020b2:	6003      	str	r3, [r0, #0]
100020b4:	4770      	bx	lr
100020b6:	46c0      	nop			@ (mov r8, r8)

100020b8 <vListInitialiseItem>:
100020b8:	2300      	movs	r3, #0
100020ba:	6103      	str	r3, [r0, #16]
100020bc:	4770      	bx	lr
100020be:	46c0      	nop			@ (mov r8, r8)

100020c0 <vListInsertEnd>:
100020c0:	6843      	ldr	r3, [r0, #4]
100020c2:	689a      	ldr	r2, [r3, #8]
100020c4:	604b      	str	r3, [r1, #4]
100020c6:	608a      	str	r2, [r1, #8]
100020c8:	6051      	str	r1, [r2, #4]
100020ca:	6099      	str	r1, [r3, #8]
100020cc:	6803      	ldr	r3, [r0, #0]
100020ce:	6108      	str	r0, [r1, #16]
100020d0:	3301      	adds	r3, #1
100020d2:	6003      	str	r3, [r0, #0]
100020d4:	4770      	bx	lr
100020d6:	46c0      	nop			@ (mov r8, r8)

100020d8 <vListInsert>:
100020d8:	0003      	movs	r3, r0
100020da:	b530      	push	{r4, r5, lr}
100020dc:	680d      	ldr	r5, [r1, #0]
100020de:	3308      	adds	r3, #8
100020e0:	1c6a      	adds	r2, r5, #1
100020e2:	d00d      	beq.n	10002100 <vListInsert+0x28>
100020e4:	001c      	movs	r4, r3
100020e6:	685b      	ldr	r3, [r3, #4]
100020e8:	681a      	ldr	r2, [r3, #0]
100020ea:	42aa      	cmp	r2, r5
100020ec:	d9fa      	bls.n	100020e4 <vListInsert+0xc>
100020ee:	604b      	str	r3, [r1, #4]
100020f0:	6099      	str	r1, [r3, #8]
100020f2:	6803      	ldr	r3, [r0, #0]
100020f4:	608c      	str	r4, [r1, #8]
100020f6:	3301      	adds	r3, #1
100020f8:	6061      	str	r1, [r4, #4]
100020fa:	6108      	str	r0, [r1, #16]
100020fc:	6003      	str	r3, [r0, #0]
100020fe:	bd30      	pop	{r4, r5, pc}
10002100:	6904      	ldr	r4, [r0, #16]
10002102:	6863      	ldr	r3, [r4, #4]
10002104:	e7f3      	b.n	100020ee <vListInsert+0x16>
10002106:	46c0      	nop			@ (mov r8, r8)

10002108 <uxListRemove>:
10002108:	6903      	ldr	r3, [r0, #16]
1000210a:	6841      	ldr	r1, [r0, #4]
1000210c:	6882      	ldr	r2, [r0, #8]
1000210e:	608a      	str	r2, [r1, #8]
10002110:	6051      	str	r1, [r2, #4]
10002112:	6859      	ldr	r1, [r3, #4]
10002114:	4281      	cmp	r1, r0
10002116:	d006      	beq.n	10002126 <uxListRemove+0x1e>
10002118:	2200      	movs	r2, #0
1000211a:	6102      	str	r2, [r0, #16]
1000211c:	681a      	ldr	r2, [r3, #0]
1000211e:	3a01      	subs	r2, #1
10002120:	601a      	str	r2, [r3, #0]
10002122:	6818      	ldr	r0, [r3, #0]
10002124:	4770      	bx	lr
10002126:	605a      	str	r2, [r3, #4]
10002128:	e7f6      	b.n	10002118 <uxListRemove+0x10>
1000212a:	46c0      	nop			@ (mov r8, r8)

1000212c <prvUnlockQueue>:
1000212c:	b5f0      	push	{r4, r5, r6, r7, lr}
1000212e:	46de      	mov	lr, fp
10002130:	464e      	mov	r6, r9
10002132:	4657      	mov	r7, sl
10002134:	4645      	mov	r5, r8
10002136:	b5e0      	push	{r5, r6, r7, lr}
10002138:	b085      	sub	sp, #20
1000213a:	0006      	movs	r6, r0
1000213c:	f001 fc58 	bl	100039f0 <vTaskEnterCritical>
10002140:	2345      	movs	r3, #69	@ 0x45
10002142:	5cf4      	ldrb	r4, [r6, r3]
10002144:	b264      	sxtb	r4, r4
10002146:	2c00      	cmp	r4, #0
10002148:	dd21      	ble.n	1000218e <prvUnlockQueue+0x62>
1000214a:	3b21      	subs	r3, #33	@ 0x21
1000214c:	4699      	mov	r9, r3
1000214e:	3321      	adds	r3, #33	@ 0x21
10002150:	469a      	mov	sl, r3
10002152:	44b1      	add	r9, r6
10002154:	e009      	b.n	1000216a <prvUnlockQueue+0x3e>
10002156:	6baa      	ldr	r2, [r5, #56]	@ 0x38
10002158:	6beb      	ldr	r3, [r5, #60]	@ 0x3c
1000215a:	9603      	str	r6, [sp, #12]
1000215c:	429a      	cmp	r2, r3
1000215e:	d345      	bcc.n	100021ec <prvUnlockQueue+0xc0>
10002160:	3c01      	subs	r4, #1
10002162:	b2e3      	uxtb	r3, r4
10002164:	b264      	sxtb	r4, r4
10002166:	2b00      	cmp	r3, #0
10002168:	d011      	beq.n	1000218e <prvUnlockQueue+0x62>
1000216a:	6cb5      	ldr	r5, [r6, #72]	@ 0x48
1000216c:	2d00      	cmp	r5, #0
1000216e:	d1f2      	bne.n	10002156 <prvUnlockQueue+0x2a>
10002170:	6a73      	ldr	r3, [r6, #36]	@ 0x24
10002172:	2b00      	cmp	r3, #0
10002174:	d00b      	beq.n	1000218e <prvUnlockQueue+0x62>
10002176:	4648      	mov	r0, r9
10002178:	f001 f8ec 	bl	10003354 <xTaskRemoveFromEventList>
1000217c:	2800      	cmp	r0, #0
1000217e:	d0ef      	beq.n	10002160 <prvUnlockQueue+0x34>
10002180:	f001 fade 	bl	10003740 <vTaskMissedYield>
10002184:	3c01      	subs	r4, #1
10002186:	b2e3      	uxtb	r3, r4
10002188:	b264      	sxtb	r4, r4
1000218a:	2b00      	cmp	r3, #0
1000218c:	d1ed      	bne.n	1000216a <prvUnlockQueue+0x3e>
1000218e:	2345      	movs	r3, #69	@ 0x45
10002190:	22ff      	movs	r2, #255	@ 0xff
10002192:	54f2      	strb	r2, [r6, r3]
10002194:	f001 fcb2 	bl	10003afc <vTaskExitCritical>
10002198:	f001 fc2a 	bl	100039f0 <vTaskEnterCritical>
1000219c:	2344      	movs	r3, #68	@ 0x44
1000219e:	0035      	movs	r5, r6
100021a0:	5cf4      	ldrb	r4, [r6, r3]
100021a2:	3510      	adds	r5, #16
100021a4:	b264      	sxtb	r4, r4
100021a6:	2c00      	cmp	r4, #0
100021a8:	dc05      	bgt.n	100021b6 <prvUnlockQueue+0x8a>
100021aa:	e013      	b.n	100021d4 <prvUnlockQueue+0xa8>
100021ac:	3c01      	subs	r4, #1
100021ae:	b2e2      	uxtb	r2, r4
100021b0:	b264      	sxtb	r4, r4
100021b2:	2a00      	cmp	r2, #0
100021b4:	d00e      	beq.n	100021d4 <prvUnlockQueue+0xa8>
100021b6:	6933      	ldr	r3, [r6, #16]
100021b8:	2b00      	cmp	r3, #0
100021ba:	d00b      	beq.n	100021d4 <prvUnlockQueue+0xa8>
100021bc:	0028      	movs	r0, r5
100021be:	f001 f8c9 	bl	10003354 <xTaskRemoveFromEventList>
100021c2:	2800      	cmp	r0, #0
100021c4:	d0f2      	beq.n	100021ac <prvUnlockQueue+0x80>
100021c6:	3c01      	subs	r4, #1
100021c8:	f001 faba 	bl	10003740 <vTaskMissedYield>
100021cc:	b2e2      	uxtb	r2, r4
100021ce:	b264      	sxtb	r4, r4
100021d0:	2a00      	cmp	r2, #0
100021d2:	d1f0      	bne.n	100021b6 <prvUnlockQueue+0x8a>
100021d4:	2344      	movs	r3, #68	@ 0x44
100021d6:	22ff      	movs	r2, #255	@ 0xff
100021d8:	54f2      	strb	r2, [r6, r3]
100021da:	f001 fc8f 	bl	10003afc <vTaskExitCritical>
100021de:	b005      	add	sp, #20
100021e0:	bcf0      	pop	{r4, r5, r6, r7}
100021e2:	46bb      	mov	fp, r7
100021e4:	46b2      	mov	sl, r6
100021e6:	46a9      	mov	r9, r5
100021e8:	46a0      	mov	r8, r4
100021ea:	bdf0      	pop	{r4, r5, r6, r7, pc}
100021ec:	4653      	mov	r3, sl
100021ee:	5cef      	ldrb	r7, [r5, r3]
100021f0:	6bab      	ldr	r3, [r5, #56]	@ 0x38
100021f2:	6c2a      	ldr	r2, [r5, #64]	@ 0x40
100021f4:	3301      	adds	r3, #1
100021f6:	4698      	mov	r8, r3
100021f8:	b27f      	sxtb	r7, r7
100021fa:	2a00      	cmp	r2, #0
100021fc:	d10c      	bne.n	10002218 <prvUnlockQueue+0xec>
100021fe:	682b      	ldr	r3, [r5, #0]
10002200:	469b      	mov	fp, r3
10002202:	2b00      	cmp	r3, #0
10002204:	d027      	beq.n	10002256 <prvUnlockQueue+0x12a>
10002206:	4643      	mov	r3, r8
10002208:	63ab      	str	r3, [r5, #56]	@ 0x38
1000220a:	1c7b      	adds	r3, r7, #1
1000220c:	d015      	beq.n	1000223a <prvUnlockQueue+0x10e>
1000220e:	4653      	mov	r3, sl
10002210:	3701      	adds	r7, #1
10002212:	b27f      	sxtb	r7, r7
10002214:	54ef      	strb	r7, [r5, r3]
10002216:	e7a3      	b.n	10002160 <prvUnlockQueue+0x34>
10002218:	6868      	ldr	r0, [r5, #4]
1000221a:	a903      	add	r1, sp, #12
1000221c:	f7ff fa88 	bl	10001730 <__wrap___aeabi_memcpy>
10002220:	686b      	ldr	r3, [r5, #4]
10002222:	6c2a      	ldr	r2, [r5, #64]	@ 0x40
10002224:	189b      	adds	r3, r3, r2
10002226:	68aa      	ldr	r2, [r5, #8]
10002228:	606b      	str	r3, [r5, #4]
1000222a:	4293      	cmp	r3, r2
1000222c:	d3eb      	bcc.n	10002206 <prvUnlockQueue+0xda>
1000222e:	682b      	ldr	r3, [r5, #0]
10002230:	606b      	str	r3, [r5, #4]
10002232:	4643      	mov	r3, r8
10002234:	63ab      	str	r3, [r5, #56]	@ 0x38
10002236:	1c7b      	adds	r3, r7, #1
10002238:	d1e9      	bne.n	1000220e <prvUnlockQueue+0xe2>
1000223a:	6a6b      	ldr	r3, [r5, #36]	@ 0x24
1000223c:	2b00      	cmp	r3, #0
1000223e:	d100      	bne.n	10002242 <prvUnlockQueue+0x116>
10002240:	e78e      	b.n	10002160 <prvUnlockQueue+0x34>
10002242:	0028      	movs	r0, r5
10002244:	3024      	adds	r0, #36	@ 0x24
10002246:	f001 f885 	bl	10003354 <xTaskRemoveFromEventList>
1000224a:	2800      	cmp	r0, #0
1000224c:	d100      	bne.n	10002250 <prvUnlockQueue+0x124>
1000224e:	e787      	b.n	10002160 <prvUnlockQueue+0x34>
10002250:	f001 fa76 	bl	10003740 <vTaskMissedYield>
10002254:	e796      	b.n	10002184 <prvUnlockQueue+0x58>
10002256:	68a8      	ldr	r0, [r5, #8]
10002258:	f001 fb84 	bl	10003964 <xTaskPriorityDisinherit>
1000225c:	465b      	mov	r3, fp
1000225e:	60ab      	str	r3, [r5, #8]
10002260:	4643      	mov	r3, r8
10002262:	9001      	str	r0, [sp, #4]
10002264:	63ab      	str	r3, [r5, #56]	@ 0x38
10002266:	1c7b      	adds	r3, r7, #1
10002268:	d00a      	beq.n	10002280 <prvUnlockQueue+0x154>
1000226a:	4653      	mov	r3, sl
1000226c:	3701      	adds	r7, #1
1000226e:	b27f      	sxtb	r7, r7
10002270:	54ef      	strb	r7, [r5, r3]
10002272:	9b01      	ldr	r3, [sp, #4]
10002274:	2b00      	cmp	r3, #0
10002276:	d100      	bne.n	1000227a <prvUnlockQueue+0x14e>
10002278:	e772      	b.n	10002160 <prvUnlockQueue+0x34>
1000227a:	f001 fa61 	bl	10003740 <vTaskMissedYield>
1000227e:	e781      	b.n	10002184 <prvUnlockQueue+0x58>
10002280:	6a6b      	ldr	r3, [r5, #36]	@ 0x24
10002282:	2b00      	cmp	r3, #0
10002284:	d0f5      	beq.n	10002272 <prvUnlockQueue+0x146>
10002286:	0028      	movs	r0, r5
10002288:	3024      	adds	r0, #36	@ 0x24
1000228a:	f001 f863 	bl	10003354 <xTaskRemoveFromEventList>
1000228e:	2800      	cmp	r0, #0
10002290:	d000      	beq.n	10002294 <prvUnlockQueue+0x168>
10002292:	e775      	b.n	10002180 <prvUnlockQueue+0x54>
10002294:	e7ed      	b.n	10002272 <prvUnlockQueue+0x146>
10002296:	46c0      	nop			@ (mov r8, r8)

10002298 <prvNotifyQueueSetContainer>:
10002298:	b5f0      	push	{r4, r5, r6, r7, lr}
1000229a:	46c6      	mov	lr, r8
1000229c:	b500      	push	{lr}
1000229e:	6c84      	ldr	r4, [r0, #72]	@ 0x48
100022a0:	b082      	sub	sp, #8
100022a2:	6ba2      	ldr	r2, [r4, #56]	@ 0x38
100022a4:	6be3      	ldr	r3, [r4, #60]	@ 0x3c
100022a6:	2600      	movs	r6, #0
100022a8:	9001      	str	r0, [sp, #4]
100022aa:	429a      	cmp	r2, r3
100022ac:	d304      	bcc.n	100022b8 <prvNotifyQueueSetContainer+0x20>
100022ae:	0030      	movs	r0, r6
100022b0:	b002      	add	sp, #8
100022b2:	bc80      	pop	{r7}
100022b4:	46b8      	mov	r8, r7
100022b6:	bdf0      	pop	{r4, r5, r6, r7, pc}
100022b8:	2345      	movs	r3, #69	@ 0x45
100022ba:	6c22      	ldr	r2, [r4, #64]	@ 0x40
100022bc:	5ce5      	ldrb	r5, [r4, r3]
100022be:	6ba7      	ldr	r7, [r4, #56]	@ 0x38
100022c0:	b26d      	sxtb	r5, r5
100022c2:	2a00      	cmp	r2, #0
100022c4:	d016      	beq.n	100022f4 <prvNotifyQueueSetContainer+0x5c>
100022c6:	6860      	ldr	r0, [r4, #4]
100022c8:	a901      	add	r1, sp, #4
100022ca:	f7ff fa31 	bl	10001730 <__wrap___aeabi_memcpy>
100022ce:	6863      	ldr	r3, [r4, #4]
100022d0:	6c22      	ldr	r2, [r4, #64]	@ 0x40
100022d2:	189b      	adds	r3, r3, r2
100022d4:	68a2      	ldr	r2, [r4, #8]
100022d6:	6063      	str	r3, [r4, #4]
100022d8:	4293      	cmp	r3, r2
100022da:	d301      	bcc.n	100022e0 <prvNotifyQueueSetContainer+0x48>
100022dc:	6823      	ldr	r3, [r4, #0]
100022de:	6063      	str	r3, [r4, #4]
100022e0:	2600      	movs	r6, #0
100022e2:	3701      	adds	r7, #1
100022e4:	63a7      	str	r7, [r4, #56]	@ 0x38
100022e6:	1c6b      	adds	r3, r5, #1
100022e8:	d00f      	beq.n	1000230a <prvNotifyQueueSetContainer+0x72>
100022ea:	2345      	movs	r3, #69	@ 0x45
100022ec:	3501      	adds	r5, #1
100022ee:	b26d      	sxtb	r5, r5
100022f0:	54e5      	strb	r5, [r4, r3]
100022f2:	e7dc      	b.n	100022ae <prvNotifyQueueSetContainer+0x16>
100022f4:	6823      	ldr	r3, [r4, #0]
100022f6:	4698      	mov	r8, r3
100022f8:	2b00      	cmp	r3, #0
100022fa:	d1f1      	bne.n	100022e0 <prvNotifyQueueSetContainer+0x48>
100022fc:	68a0      	ldr	r0, [r4, #8]
100022fe:	f001 fb31 	bl	10003964 <xTaskPriorityDisinherit>
10002302:	4643      	mov	r3, r8
10002304:	0006      	movs	r6, r0
10002306:	60a3      	str	r3, [r4, #8]
10002308:	e7eb      	b.n	100022e2 <prvNotifyQueueSetContainer+0x4a>
1000230a:	6a63      	ldr	r3, [r4, #36]	@ 0x24
1000230c:	2b00      	cmp	r3, #0
1000230e:	d0ce      	beq.n	100022ae <prvNotifyQueueSetContainer+0x16>
10002310:	0020      	movs	r0, r4
10002312:	3024      	adds	r0, #36	@ 0x24
10002314:	f001 f81e 	bl	10003354 <xTaskRemoveFromEventList>
10002318:	2800      	cmp	r0, #0
1000231a:	d0c8      	beq.n	100022ae <prvNotifyQueueSetContainer+0x16>
1000231c:	2601      	movs	r6, #1
1000231e:	e7c6      	b.n	100022ae <prvNotifyQueueSetContainer+0x16>

10002320 <xQueueGenericCreate>:
10002320:	b5f8      	push	{r3, r4, r5, r6, r7, lr}
10002322:	0006      	movs	r6, r0
10002324:	0008      	movs	r0, r1
10002326:	4370      	muls	r0, r6
10002328:	3054      	adds	r0, #84	@ 0x54
1000232a:	000d      	movs	r5, r1
1000232c:	0017      	movs	r7, r2
1000232e:	f002 fb63 	bl	100049f8 <pvPortMalloc>
10002332:	1e04      	subs	r4, r0, #0
10002334:	d025      	beq.n	10002382 <xQueueGenericCreate+0x62>
10002336:	0003      	movs	r3, r0
10002338:	2d00      	cmp	r5, #0
1000233a:	d124      	bne.n	10002386 <xQueueGenericCreate+0x66>
1000233c:	6023      	str	r3, [r4, #0]
1000233e:	6425      	str	r5, [r4, #64]	@ 0x40
10002340:	63e6      	str	r6, [r4, #60]	@ 0x3c
10002342:	f001 fb55 	bl	100039f0 <vTaskEnterCritical>
10002346:	6c22      	ldr	r2, [r4, #64]	@ 0x40
10002348:	6be3      	ldr	r3, [r4, #60]	@ 0x3c
1000234a:	6821      	ldr	r1, [r4, #0]
1000234c:	4353      	muls	r3, r2
1000234e:	18c8      	adds	r0, r1, r3
10002350:	1a9b      	subs	r3, r3, r2
10002352:	6061      	str	r1, [r4, #4]
10002354:	2500      	movs	r5, #0
10002356:	18c9      	adds	r1, r1, r3
10002358:	2244      	movs	r2, #68	@ 0x44
1000235a:	23ff      	movs	r3, #255	@ 0xff
1000235c:	60a0      	str	r0, [r4, #8]
1000235e:	0020      	movs	r0, r4
10002360:	60e1      	str	r1, [r4, #12]
10002362:	63a5      	str	r5, [r4, #56]	@ 0x38
10002364:	54a3      	strb	r3, [r4, r2]
10002366:	3201      	adds	r2, #1
10002368:	54a3      	strb	r3, [r4, r2]
1000236a:	3010      	adds	r0, #16
1000236c:	f7ff fe98 	bl	100020a0 <vListInitialise>
10002370:	0020      	movs	r0, r4
10002372:	3024      	adds	r0, #36	@ 0x24
10002374:	f7ff fe94 	bl	100020a0 <vListInitialise>
10002378:	f001 fbc0 	bl	10003afc <vTaskExitCritical>
1000237c:	2350      	movs	r3, #80	@ 0x50
1000237e:	54e7      	strb	r7, [r4, r3]
10002380:	64a5      	str	r5, [r4, #72]	@ 0x48
10002382:	0020      	movs	r0, r4
10002384:	bdf8      	pop	{r3, r4, r5, r6, r7, pc}
10002386:	3354      	adds	r3, #84	@ 0x54
10002388:	e7d8      	b.n	1000233c <xQueueGenericCreate+0x1c>
1000238a:	46c0      	nop			@ (mov r8, r8)

1000238c <xQueueGenericSend>:
1000238c:	b5f0      	push	{r4, r5, r6, r7, lr}
1000238e:	46ce      	mov	lr, r9
10002390:	4647      	mov	r7, r8
10002392:	b580      	push	{r7, lr}
10002394:	b085      	sub	sp, #20
10002396:	0004      	movs	r4, r0
10002398:	4688      	mov	r8, r1
1000239a:	4699      	mov	r9, r3
1000239c:	9201      	str	r2, [sp, #4]
1000239e:	2b02      	cmp	r3, #2
100023a0:	d100      	bne.n	100023a4 <xQueueGenericSend+0x18>
100023a2:	e09d      	b.n	100024e0 <xQueueGenericSend+0x154>
100023a4:	f001 fb24 	bl	100039f0 <vTaskEnterCritical>
100023a8:	6ba3      	ldr	r3, [r4, #56]	@ 0x38
100023aa:	6be2      	ldr	r2, [r4, #60]	@ 0x3c
100023ac:	2700      	movs	r7, #0
100023ae:	2544      	movs	r5, #68	@ 0x44
100023b0:	2600      	movs	r6, #0
100023b2:	429a      	cmp	r2, r3
100023b4:	d832      	bhi.n	1000241c <xQueueGenericSend+0x90>
100023b6:	9b01      	ldr	r3, [sp, #4]
100023b8:	2b00      	cmp	r3, #0
100023ba:	d064      	beq.n	10002486 <xQueueGenericSend+0xfa>
100023bc:	2f00      	cmp	r7, #0
100023be:	d05e      	beq.n	1000247e <xQueueGenericSend+0xf2>
100023c0:	f001 fb9c 	bl	10003afc <vTaskExitCritical>
100023c4:	f000 fc82 	bl	10002ccc <vTaskSuspendAll>
100023c8:	f001 fb12 	bl	100039f0 <vTaskEnterCritical>
100023cc:	5d63      	ldrb	r3, [r4, r5]
100023ce:	b25b      	sxtb	r3, r3
100023d0:	3301      	adds	r3, #1
100023d2:	d100      	bne.n	100023d6 <xQueueGenericSend+0x4a>
100023d4:	5566      	strb	r6, [r4, r5]
100023d6:	2345      	movs	r3, #69	@ 0x45
100023d8:	5ce2      	ldrb	r2, [r4, r3]
100023da:	b252      	sxtb	r2, r2
100023dc:	3201      	adds	r2, #1
100023de:	d100      	bne.n	100023e2 <xQueueGenericSend+0x56>
100023e0:	54e6      	strb	r6, [r4, r3]
100023e2:	f001 fb8b 	bl	10003afc <vTaskExitCritical>
100023e6:	a901      	add	r1, sp, #4
100023e8:	a802      	add	r0, sp, #8
100023ea:	f001 f869 	bl	100034c0 <xTaskCheckForTimeOut>
100023ee:	2800      	cmp	r0, #0
100023f0:	d000      	beq.n	100023f4 <xQueueGenericSend+0x68>
100023f2:	e06f      	b.n	100024d4 <xQueueGenericSend+0x148>
100023f4:	f001 fafc 	bl	100039f0 <vTaskEnterCritical>
100023f8:	6ba2      	ldr	r2, [r4, #56]	@ 0x38
100023fa:	6be3      	ldr	r3, [r4, #60]	@ 0x3c
100023fc:	429a      	cmp	r2, r3
100023fe:	d02c      	beq.n	1000245a <xQueueGenericSend+0xce>
10002400:	f001 fb7c 	bl	10003afc <vTaskExitCritical>
10002404:	0020      	movs	r0, r4
10002406:	f7ff fe91 	bl	1000212c <prvUnlockQueue>
1000240a:	f001 ffef 	bl	100043ec <xTaskResumeAll>
1000240e:	2701      	movs	r7, #1
10002410:	f001 faee 	bl	100039f0 <vTaskEnterCritical>
10002414:	6ba3      	ldr	r3, [r4, #56]	@ 0x38
10002416:	6be2      	ldr	r2, [r4, #60]	@ 0x3c
10002418:	429a      	cmp	r2, r3
1000241a:	d9cc      	bls.n	100023b6 <xQueueGenericSend+0x2a>
1000241c:	6c22      	ldr	r2, [r4, #64]	@ 0x40
1000241e:	6ba6      	ldr	r6, [r4, #56]	@ 0x38
10002420:	6ba5      	ldr	r5, [r4, #56]	@ 0x38
10002422:	2a00      	cmp	r2, #0
10002424:	d137      	bne.n	10002496 <xQueueGenericSend+0x10a>
10002426:	6823      	ldr	r3, [r4, #0]
10002428:	2000      	movs	r0, #0
1000242a:	4698      	mov	r8, r3
1000242c:	2b00      	cmp	r3, #0
1000242e:	d100      	bne.n	10002432 <xQueueGenericSend+0xa6>
10002430:	e083      	b.n	1000253a <xQueueGenericSend+0x1ae>
10002432:	6ca3      	ldr	r3, [r4, #72]	@ 0x48
10002434:	3501      	adds	r5, #1
10002436:	63a5      	str	r5, [r4, #56]	@ 0x38
10002438:	2b00      	cmp	r3, #0
1000243a:	d100      	bne.n	1000243e <xQueueGenericSend+0xb2>
1000243c:	e070      	b.n	10002520 <xQueueGenericSend+0x194>
1000243e:	464b      	mov	r3, r9
10002440:	2b02      	cmp	r3, #2
10002442:	d101      	bne.n	10002448 <xQueueGenericSend+0xbc>
10002444:	2e00      	cmp	r6, #0
10002446:	d104      	bne.n	10002452 <xQueueGenericSend+0xc6>
10002448:	0020      	movs	r0, r4
1000244a:	f7ff ff25 	bl	10002298 <prvNotifyQueueSetContainer>
1000244e:	2800      	cmp	r0, #0
10002450:	d13d      	bne.n	100024ce <xQueueGenericSend+0x142>
10002452:	f001 fb53 	bl	10003afc <vTaskExitCritical>
10002456:	2001      	movs	r0, #1
10002458:	e018      	b.n	1000248c <xQueueGenericSend+0x100>
1000245a:	f001 fb4f 	bl	10003afc <vTaskExitCritical>
1000245e:	0020      	movs	r0, r4
10002460:	9901      	ldr	r1, [sp, #4]
10002462:	3010      	adds	r0, #16
10002464:	f000 fe62 	bl	1000312c <vTaskPlaceOnEventList>
10002468:	0020      	movs	r0, r4
1000246a:	f7ff fe5f 	bl	1000212c <prvUnlockQueue>
1000246e:	f001 ffbd 	bl	100043ec <xTaskResumeAll>
10002472:	2800      	cmp	r0, #0
10002474:	d1cb      	bne.n	1000240e <xQueueGenericSend+0x82>
10002476:	f001 faa1 	bl	100039bc <vTaskYieldWithinAPI>
1000247a:	2701      	movs	r7, #1
1000247c:	e7c8      	b.n	10002410 <xQueueGenericSend+0x84>
1000247e:	a802      	add	r0, sp, #8
10002480:	f001 f812 	bl	100034a8 <vTaskInternalSetTimeOutState>
10002484:	e79c      	b.n	100023c0 <xQueueGenericSend+0x34>
10002486:	f001 fb39 	bl	10003afc <vTaskExitCritical>
1000248a:	2000      	movs	r0, #0
1000248c:	b005      	add	sp, #20
1000248e:	bcc0      	pop	{r6, r7}
10002490:	46b9      	mov	r9, r7
10002492:	46b0      	mov	r8, r6
10002494:	bdf0      	pop	{r4, r5, r6, r7, pc}
10002496:	464b      	mov	r3, r9
10002498:	2b00      	cmp	r3, #0
1000249a:	d129      	bne.n	100024f0 <xQueueGenericSend+0x164>
1000249c:	4641      	mov	r1, r8
1000249e:	6860      	ldr	r0, [r4, #4]
100024a0:	f7ff f946 	bl	10001730 <__wrap___aeabi_memcpy>
100024a4:	6863      	ldr	r3, [r4, #4]
100024a6:	6c22      	ldr	r2, [r4, #64]	@ 0x40
100024a8:	6ca1      	ldr	r1, [r4, #72]	@ 0x48
100024aa:	189b      	adds	r3, r3, r2
100024ac:	68a2      	ldr	r2, [r4, #8]
100024ae:	6063      	str	r3, [r4, #4]
100024b0:	3501      	adds	r5, #1
100024b2:	4293      	cmp	r3, r2
100024b4:	d23a      	bcs.n	1000252c <xQueueGenericSend+0x1a0>
100024b6:	63a5      	str	r5, [r4, #56]	@ 0x38
100024b8:	2900      	cmp	r1, #0
100024ba:	d1c5      	bne.n	10002448 <xQueueGenericSend+0xbc>
100024bc:	6a63      	ldr	r3, [r4, #36]	@ 0x24
100024be:	2b00      	cmp	r3, #0
100024c0:	d0c7      	beq.n	10002452 <xQueueGenericSend+0xc6>
100024c2:	0020      	movs	r0, r4
100024c4:	3024      	adds	r0, #36	@ 0x24
100024c6:	f000 ff45 	bl	10003354 <xTaskRemoveFromEventList>
100024ca:	2800      	cmp	r0, #0
100024cc:	d0c1      	beq.n	10002452 <xQueueGenericSend+0xc6>
100024ce:	f001 fa75 	bl	100039bc <vTaskYieldWithinAPI>
100024d2:	e7be      	b.n	10002452 <xQueueGenericSend+0xc6>
100024d4:	0020      	movs	r0, r4
100024d6:	f7ff fe29 	bl	1000212c <prvUnlockQueue>
100024da:	f001 ff87 	bl	100043ec <xTaskResumeAll>
100024de:	e7d4      	b.n	1000248a <xQueueGenericSend+0xfe>
100024e0:	f001 fa86 	bl	100039f0 <vTaskEnterCritical>
100024e4:	6c22      	ldr	r2, [r4, #64]	@ 0x40
100024e6:	6ba3      	ldr	r3, [r4, #56]	@ 0x38
100024e8:	6ba6      	ldr	r6, [r4, #56]	@ 0x38
100024ea:	6ba5      	ldr	r5, [r4, #56]	@ 0x38
100024ec:	2a00      	cmp	r2, #0
100024ee:	d09a      	beq.n	10002426 <xQueueGenericSend+0x9a>
100024f0:	4641      	mov	r1, r8
100024f2:	68e0      	ldr	r0, [r4, #12]
100024f4:	f7ff f91c 	bl	10001730 <__wrap___aeabi_memcpy>
100024f8:	6c22      	ldr	r2, [r4, #64]	@ 0x40
100024fa:	68e3      	ldr	r3, [r4, #12]
100024fc:	4251      	negs	r1, r2
100024fe:	1a9b      	subs	r3, r3, r2
10002500:	6822      	ldr	r2, [r4, #0]
10002502:	60e3      	str	r3, [r4, #12]
10002504:	4293      	cmp	r3, r2
10002506:	d202      	bcs.n	1000250e <xQueueGenericSend+0x182>
10002508:	68a3      	ldr	r3, [r4, #8]
1000250a:	185b      	adds	r3, r3, r1
1000250c:	60e3      	str	r3, [r4, #12]
1000250e:	464a      	mov	r2, r9
10002510:	6ca3      	ldr	r3, [r4, #72]	@ 0x48
10002512:	2a02      	cmp	r2, #2
10002514:	d017      	beq.n	10002546 <xQueueGenericSend+0x1ba>
10002516:	3501      	adds	r5, #1
10002518:	63a5      	str	r5, [r4, #56]	@ 0x38
1000251a:	2b00      	cmp	r3, #0
1000251c:	d194      	bne.n	10002448 <xQueueGenericSend+0xbc>
1000251e:	e7cd      	b.n	100024bc <xQueueGenericSend+0x130>
10002520:	6a63      	ldr	r3, [r4, #36]	@ 0x24
10002522:	2b00      	cmp	r3, #0
10002524:	d1cd      	bne.n	100024c2 <xQueueGenericSend+0x136>
10002526:	2800      	cmp	r0, #0
10002528:	d1d1      	bne.n	100024ce <xQueueGenericSend+0x142>
1000252a:	e792      	b.n	10002452 <xQueueGenericSend+0xc6>
1000252c:	6823      	ldr	r3, [r4, #0]
1000252e:	63a5      	str	r5, [r4, #56]	@ 0x38
10002530:	6063      	str	r3, [r4, #4]
10002532:	2900      	cmp	r1, #0
10002534:	d000      	beq.n	10002538 <xQueueGenericSend+0x1ac>
10002536:	e787      	b.n	10002448 <xQueueGenericSend+0xbc>
10002538:	e7c0      	b.n	100024bc <xQueueGenericSend+0x130>
1000253a:	68a0      	ldr	r0, [r4, #8]
1000253c:	f001 fa12 	bl	10003964 <xTaskPriorityDisinherit>
10002540:	4643      	mov	r3, r8
10002542:	60a3      	str	r3, [r4, #8]
10002544:	e775      	b.n	10002432 <xQueueGenericSend+0xa6>
10002546:	2d00      	cmp	r5, #0
10002548:	d004      	beq.n	10002554 <xQueueGenericSend+0x1c8>
1000254a:	63a5      	str	r5, [r4, #56]	@ 0x38
1000254c:	2b00      	cmp	r3, #0
1000254e:	d000      	beq.n	10002552 <xQueueGenericSend+0x1c6>
10002550:	e778      	b.n	10002444 <xQueueGenericSend+0xb8>
10002552:	e7b3      	b.n	100024bc <xQueueGenericSend+0x130>
10002554:	2201      	movs	r2, #1
10002556:	63a2      	str	r2, [r4, #56]	@ 0x38
10002558:	2b00      	cmp	r3, #0
1000255a:	d000      	beq.n	1000255e <xQueueGenericSend+0x1d2>
1000255c:	e772      	b.n	10002444 <xQueueGenericSend+0xb8>
1000255e:	e7ad      	b.n	100024bc <xQueueGenericSend+0x130>

10002560 <xQueueGenericSendFromISR>:
10002560:	b5f8      	push	{r3, r4, r5, r6, r7, lr}
10002562:	4657      	mov	r7, sl
10002564:	464e      	mov	r6, r9
10002566:	4645      	mov	r5, r8
10002568:	46de      	mov	lr, fp
1000256a:	0004      	movs	r4, r0
1000256c:	b5e0      	push	{r5, r6, r7, lr}
1000256e:	4690      	mov	r8, r2
10002570:	000f      	movs	r7, r1
10002572:	001e      	movs	r6, r3
10002574:	f3ef 8910 	mrs	r9, PRIMASK
10002578:	b672      	cpsid	i
1000257a:	f001 fa39 	bl	100039f0 <vTaskEnterCritical>
1000257e:	6ba2      	ldr	r2, [r4, #56]	@ 0x38
10002580:	6be3      	ldr	r3, [r4, #60]	@ 0x3c
10002582:	429a      	cmp	r2, r3
10002584:	d333      	bcc.n	100025ee <xQueueGenericSendFromISR+0x8e>
10002586:	2500      	movs	r5, #0
10002588:	2e02      	cmp	r6, #2
1000258a:	d00a      	beq.n	100025a2 <xQueueGenericSendFromISR+0x42>
1000258c:	f001 fab6 	bl	10003afc <vTaskExitCritical>
10002590:	f389 8810 	msr	PRIMASK, r9
10002594:	0028      	movs	r0, r5
10002596:	bcf0      	pop	{r4, r5, r6, r7}
10002598:	46bb      	mov	fp, r7
1000259a:	46b2      	mov	sl, r6
1000259c:	46a9      	mov	r9, r5
1000259e:	46a0      	mov	r8, r4
100025a0:	bdf8      	pop	{r3, r4, r5, r6, r7, pc}
100025a2:	2345      	movs	r3, #69	@ 0x45
100025a4:	5ce5      	ldrb	r5, [r4, r3]
100025a6:	6ba3      	ldr	r3, [r4, #56]	@ 0x38
100025a8:	6c22      	ldr	r2, [r4, #64]	@ 0x40
100025aa:	469b      	mov	fp, r3
100025ac:	6ba3      	ldr	r3, [r4, #56]	@ 0x38
100025ae:	b26d      	sxtb	r5, r5
100025b0:	469a      	mov	sl, r3
100025b2:	2a00      	cmp	r2, #0
100025b4:	d025      	beq.n	10002602 <xQueueGenericSendFromISR+0xa2>
100025b6:	0039      	movs	r1, r7
100025b8:	68e0      	ldr	r0, [r4, #12]
100025ba:	f7ff f8b9 	bl	10001730 <__wrap___aeabi_memcpy>
100025be:	6c22      	ldr	r2, [r4, #64]	@ 0x40
100025c0:	68e3      	ldr	r3, [r4, #12]
100025c2:	4251      	negs	r1, r2
100025c4:	1a9b      	subs	r3, r3, r2
100025c6:	6822      	ldr	r2, [r4, #0]
100025c8:	60e3      	str	r3, [r4, #12]
100025ca:	4293      	cmp	r3, r2
100025cc:	d202      	bcs.n	100025d4 <xQueueGenericSendFromISR+0x74>
100025ce:	68a3      	ldr	r3, [r4, #8]
100025d0:	185b      	adds	r3, r3, r1
100025d2:	60e3      	str	r3, [r4, #12]
100025d4:	4653      	mov	r3, sl
100025d6:	2e02      	cmp	r6, #2
100025d8:	d049      	beq.n	1000266e <xQueueGenericSendFromISR+0x10e>
100025da:	3301      	adds	r3, #1
100025dc:	63a3      	str	r3, [r4, #56]	@ 0x38
100025de:	1c6b      	adds	r3, r5, #1
100025e0:	d035      	beq.n	1000264e <xQueueGenericSendFromISR+0xee>
100025e2:	2345      	movs	r3, #69	@ 0x45
100025e4:	3501      	adds	r5, #1
100025e6:	b26d      	sxtb	r5, r5
100025e8:	54e5      	strb	r5, [r4, r3]
100025ea:	2501      	movs	r5, #1
100025ec:	e7ce      	b.n	1000258c <xQueueGenericSendFromISR+0x2c>
100025ee:	2345      	movs	r3, #69	@ 0x45
100025f0:	5ce5      	ldrb	r5, [r4, r3]
100025f2:	6ba3      	ldr	r3, [r4, #56]	@ 0x38
100025f4:	6c22      	ldr	r2, [r4, #64]	@ 0x40
100025f6:	469b      	mov	fp, r3
100025f8:	6ba3      	ldr	r3, [r4, #56]	@ 0x38
100025fa:	b26d      	sxtb	r5, r5
100025fc:	469a      	mov	sl, r3
100025fe:	2a00      	cmp	r2, #0
10002600:	d111      	bne.n	10002626 <xQueueGenericSendFromISR+0xc6>
10002602:	6827      	ldr	r7, [r4, #0]
10002604:	2f00      	cmp	r7, #0
10002606:	d045      	beq.n	10002694 <xQueueGenericSendFromISR+0x134>
10002608:	4653      	mov	r3, sl
1000260a:	3301      	adds	r3, #1
1000260c:	63a3      	str	r3, [r4, #56]	@ 0x38
1000260e:	1c6b      	adds	r3, r5, #1
10002610:	d1e7      	bne.n	100025e2 <xQueueGenericSendFromISR+0x82>
10002612:	6ca3      	ldr	r3, [r4, #72]	@ 0x48
10002614:	2b00      	cmp	r3, #0
10002616:	d033      	beq.n	10002680 <xQueueGenericSendFromISR+0x120>
10002618:	2e02      	cmp	r6, #2
1000261a:	d11b      	bne.n	10002654 <xQueueGenericSendFromISR+0xf4>
1000261c:	465b      	mov	r3, fp
1000261e:	2b00      	cmp	r3, #0
10002620:	d018      	beq.n	10002654 <xQueueGenericSendFromISR+0xf4>
10002622:	2501      	movs	r5, #1
10002624:	e7b2      	b.n	1000258c <xQueueGenericSendFromISR+0x2c>
10002626:	2e00      	cmp	r6, #0
10002628:	d1c5      	bne.n	100025b6 <xQueueGenericSendFromISR+0x56>
1000262a:	0039      	movs	r1, r7
1000262c:	6860      	ldr	r0, [r4, #4]
1000262e:	f7ff f87f 	bl	10001730 <__wrap___aeabi_memcpy>
10002632:	4651      	mov	r1, sl
10002634:	6863      	ldr	r3, [r4, #4]
10002636:	6c22      	ldr	r2, [r4, #64]	@ 0x40
10002638:	3101      	adds	r1, #1
1000263a:	189b      	adds	r3, r3, r2
1000263c:	68a2      	ldr	r2, [r4, #8]
1000263e:	6063      	str	r3, [r4, #4]
10002640:	4293      	cmp	r3, r2
10002642:	d301      	bcc.n	10002648 <xQueueGenericSendFromISR+0xe8>
10002644:	6823      	ldr	r3, [r4, #0]
10002646:	6063      	str	r3, [r4, #4]
10002648:	63a1      	str	r1, [r4, #56]	@ 0x38
1000264a:	1c6b      	adds	r3, r5, #1
1000264c:	d1c9      	bne.n	100025e2 <xQueueGenericSendFromISR+0x82>
1000264e:	6ca3      	ldr	r3, [r4, #72]	@ 0x48
10002650:	2b00      	cmp	r3, #0
10002652:	d015      	beq.n	10002680 <xQueueGenericSendFromISR+0x120>
10002654:	0020      	movs	r0, r4
10002656:	f7ff fe1f 	bl	10002298 <prvNotifyQueueSetContainer>
1000265a:	2800      	cmp	r0, #0
1000265c:	d0c5      	beq.n	100025ea <xQueueGenericSendFromISR+0x8a>
1000265e:	4643      	mov	r3, r8
10002660:	2b00      	cmp	r3, #0
10002662:	d0c2      	beq.n	100025ea <xQueueGenericSendFromISR+0x8a>
10002664:	2301      	movs	r3, #1
10002666:	4642      	mov	r2, r8
10002668:	2501      	movs	r5, #1
1000266a:	6013      	str	r3, [r2, #0]
1000266c:	e78e      	b.n	1000258c <xQueueGenericSendFromISR+0x2c>
1000266e:	2b00      	cmp	r3, #0
10002670:	d100      	bne.n	10002674 <xQueueGenericSendFromISR+0x114>
10002672:	2301      	movs	r3, #1
10002674:	63a3      	str	r3, [r4, #56]	@ 0x38
10002676:	1c6b      	adds	r3, r5, #1
10002678:	d1b3      	bne.n	100025e2 <xQueueGenericSendFromISR+0x82>
1000267a:	6ca3      	ldr	r3, [r4, #72]	@ 0x48
1000267c:	2b00      	cmp	r3, #0
1000267e:	d1cd      	bne.n	1000261c <xQueueGenericSendFromISR+0xbc>
10002680:	6a63      	ldr	r3, [r4, #36]	@ 0x24
10002682:	2b00      	cmp	r3, #0
10002684:	d0b1      	beq.n	100025ea <xQueueGenericSendFromISR+0x8a>
10002686:	0020      	movs	r0, r4
10002688:	3024      	adds	r0, #36	@ 0x24
1000268a:	f000 fe63 	bl	10003354 <xTaskRemoveFromEventList>
1000268e:	2800      	cmp	r0, #0
10002690:	d1e5      	bne.n	1000265e <xQueueGenericSendFromISR+0xfe>
10002692:	e7aa      	b.n	100025ea <xQueueGenericSendFromISR+0x8a>
10002694:	68a0      	ldr	r0, [r4, #8]
10002696:	f001 f965 	bl	10003964 <xTaskPriorityDisinherit>
1000269a:	60a7      	str	r7, [r4, #8]
1000269c:	e7b4      	b.n	10002608 <xQueueGenericSendFromISR+0xa8>
1000269e:	46c0      	nop			@ (mov r8, r8)

100026a0 <xQueueReceive>:
100026a0:	b5f0      	push	{r4, r5, r6, r7, lr}
100026a2:	4647      	mov	r7, r8
100026a4:	46ce      	mov	lr, r9
100026a6:	0004      	movs	r4, r0
100026a8:	b580      	push	{r7, lr}
100026aa:	b085      	sub	sp, #20
100026ac:	4688      	mov	r8, r1
100026ae:	9201      	str	r2, [sp, #4]
100026b0:	f001 f99e 	bl	100039f0 <vTaskEnterCritical>
100026b4:	6ba7      	ldr	r7, [r4, #56]	@ 0x38
100026b6:	2f00      	cmp	r7, #0
100026b8:	d15e      	bne.n	10002778 <xQueueReceive+0xd8>
100026ba:	9b01      	ldr	r3, [sp, #4]
100026bc:	2b00      	cmp	r3, #0
100026be:	d03b      	beq.n	10002738 <xQueueReceive+0x98>
100026c0:	a802      	add	r0, sp, #8
100026c2:	f000 fef1 	bl	100034a8 <vTaskInternalSetTimeOutState>
100026c6:	2300      	movs	r3, #0
100026c8:	2644      	movs	r6, #68	@ 0x44
100026ca:	4699      	mov	r9, r3
100026cc:	2545      	movs	r5, #69	@ 0x45
100026ce:	f001 fa15 	bl	10003afc <vTaskExitCritical>
100026d2:	f000 fafb 	bl	10002ccc <vTaskSuspendAll>
100026d6:	f001 f98b 	bl	100039f0 <vTaskEnterCritical>
100026da:	5da3      	ldrb	r3, [r4, r6]
100026dc:	b25b      	sxtb	r3, r3
100026de:	3301      	adds	r3, #1
100026e0:	d101      	bne.n	100026e6 <xQueueReceive+0x46>
100026e2:	464b      	mov	r3, r9
100026e4:	55a3      	strb	r3, [r4, r6]
100026e6:	5d63      	ldrb	r3, [r4, r5]
100026e8:	b25b      	sxtb	r3, r3
100026ea:	3301      	adds	r3, #1
100026ec:	d101      	bne.n	100026f2 <xQueueReceive+0x52>
100026ee:	464b      	mov	r3, r9
100026f0:	5563      	strb	r3, [r4, r5]
100026f2:	f001 fa03 	bl	10003afc <vTaskExitCritical>
100026f6:	a901      	add	r1, sp, #4
100026f8:	a802      	add	r0, sp, #8
100026fa:	f000 fee1 	bl	100034c0 <xTaskCheckForTimeOut>
100026fe:	2800      	cmp	r0, #0
10002700:	d122      	bne.n	10002748 <xQueueReceive+0xa8>
10002702:	f001 f975 	bl	100039f0 <vTaskEnterCritical>
10002706:	6ba3      	ldr	r3, [r4, #56]	@ 0x38
10002708:	2b00      	cmp	r3, #0
1000270a:	d12a      	bne.n	10002762 <xQueueReceive+0xc2>
1000270c:	f001 f9f6 	bl	10003afc <vTaskExitCritical>
10002710:	0020      	movs	r0, r4
10002712:	9901      	ldr	r1, [sp, #4]
10002714:	3024      	adds	r0, #36	@ 0x24
10002716:	f000 fd09 	bl	1000312c <vTaskPlaceOnEventList>
1000271a:	0020      	movs	r0, r4
1000271c:	f7ff fd06 	bl	1000212c <prvUnlockQueue>
10002720:	f001 fe64 	bl	100043ec <xTaskResumeAll>
10002724:	2800      	cmp	r0, #0
10002726:	d024      	beq.n	10002772 <xQueueReceive+0xd2>
10002728:	f001 f962 	bl	100039f0 <vTaskEnterCritical>
1000272c:	6ba7      	ldr	r7, [r4, #56]	@ 0x38
1000272e:	2f00      	cmp	r7, #0
10002730:	d122      	bne.n	10002778 <xQueueReceive+0xd8>
10002732:	9b01      	ldr	r3, [sp, #4]
10002734:	2b00      	cmp	r3, #0
10002736:	d1ca      	bne.n	100026ce <xQueueReceive+0x2e>
10002738:	f001 f9e0 	bl	10003afc <vTaskExitCritical>
1000273c:	2000      	movs	r0, #0
1000273e:	b005      	add	sp, #20
10002740:	bcc0      	pop	{r6, r7}
10002742:	46b9      	mov	r9, r7
10002744:	46b0      	mov	r8, r6
10002746:	bdf0      	pop	{r4, r5, r6, r7, pc}
10002748:	0020      	movs	r0, r4
1000274a:	f7ff fcef 	bl	1000212c <prvUnlockQueue>
1000274e:	f001 fe4d 	bl	100043ec <xTaskResumeAll>
10002752:	f001 f94d 	bl	100039f0 <vTaskEnterCritical>
10002756:	6ba3      	ldr	r3, [r4, #56]	@ 0x38
10002758:	2b00      	cmp	r3, #0
1000275a:	d0ed      	beq.n	10002738 <xQueueReceive+0x98>
1000275c:	f001 f9ce 	bl	10003afc <vTaskExitCritical>
10002760:	e7e2      	b.n	10002728 <xQueueReceive+0x88>
10002762:	f001 f9cb 	bl	10003afc <vTaskExitCritical>
10002766:	0020      	movs	r0, r4
10002768:	f7ff fce0 	bl	1000212c <prvUnlockQueue>
1000276c:	f001 fe3e 	bl	100043ec <xTaskResumeAll>
10002770:	e7da      	b.n	10002728 <xQueueReceive+0x88>
10002772:	f001 f923 	bl	100039bc <vTaskYieldWithinAPI>
10002776:	e7d7      	b.n	10002728 <xQueueReceive+0x88>
10002778:	6c22      	ldr	r2, [r4, #64]	@ 0x40
1000277a:	2a00      	cmp	r2, #0
1000277c:	d008      	beq.n	10002790 <xQueueReceive+0xf0>
1000277e:	68e1      	ldr	r1, [r4, #12]
10002780:	68a3      	ldr	r3, [r4, #8]
10002782:	1889      	adds	r1, r1, r2
10002784:	60e1      	str	r1, [r4, #12]
10002786:	4299      	cmp	r1, r3
10002788:	d20b      	bcs.n	100027a2 <xQueueReceive+0x102>
1000278a:	4640      	mov	r0, r8
1000278c:	f7fe ffd0 	bl	10001730 <__wrap___aeabi_memcpy>
10002790:	1e7b      	subs	r3, r7, #1
10002792:	63a3      	str	r3, [r4, #56]	@ 0x38
10002794:	6923      	ldr	r3, [r4, #16]
10002796:	2b00      	cmp	r3, #0
10002798:	d106      	bne.n	100027a8 <xQueueReceive+0x108>
1000279a:	f001 f9af 	bl	10003afc <vTaskExitCritical>
1000279e:	2001      	movs	r0, #1
100027a0:	e7cd      	b.n	1000273e <xQueueReceive+0x9e>
100027a2:	6821      	ldr	r1, [r4, #0]
100027a4:	60e1      	str	r1, [r4, #12]
100027a6:	e7f0      	b.n	1000278a <xQueueReceive+0xea>
100027a8:	0020      	movs	r0, r4
100027aa:	3010      	adds	r0, #16
100027ac:	f000 fdd2 	bl	10003354 <xTaskRemoveFromEventList>
100027b0:	2800      	cmp	r0, #0
100027b2:	d0f2      	beq.n	1000279a <xQueueReceive+0xfa>
100027b4:	f001 f902 	bl	100039bc <vTaskYieldWithinAPI>
100027b8:	e7ef      	b.n	1000279a <xQueueReceive+0xfa>
100027ba:	46c0      	nop			@ (mov r8, r8)

100027bc <vQueueAddToRegistry>:
100027bc:	4b16      	ldr	r3, [pc, #88]	@ (10002818 <vQueueAddToRegistry+0x5c>)
100027be:	681a      	ldr	r2, [r3, #0]
100027c0:	2a00      	cmp	r2, #0
100027c2:	d015      	beq.n	100027f0 <vQueueAddToRegistry+0x34>
100027c4:	689a      	ldr	r2, [r3, #8]
100027c6:	2a00      	cmp	r2, #0
100027c8:	d018      	beq.n	100027fc <vQueueAddToRegistry+0x40>
100027ca:	691a      	ldr	r2, [r3, #16]
100027cc:	2a00      	cmp	r2, #0
100027ce:	d017      	beq.n	10002800 <vQueueAddToRegistry+0x44>
100027d0:	699a      	ldr	r2, [r3, #24]
100027d2:	2a00      	cmp	r2, #0
100027d4:	d016      	beq.n	10002804 <vQueueAddToRegistry+0x48>
100027d6:	6a1a      	ldr	r2, [r3, #32]
100027d8:	2a00      	cmp	r2, #0
100027da:	d015      	beq.n	10002808 <vQueueAddToRegistry+0x4c>
100027dc:	6a9a      	ldr	r2, [r3, #40]	@ 0x28
100027de:	2a00      	cmp	r2, #0
100027e0:	d014      	beq.n	1000280c <vQueueAddToRegistry+0x50>
100027e2:	6b1a      	ldr	r2, [r3, #48]	@ 0x30
100027e4:	2a00      	cmp	r2, #0
100027e6:	d013      	beq.n	10002810 <vQueueAddToRegistry+0x54>
100027e8:	6b9a      	ldr	r2, [r3, #56]	@ 0x38
100027ea:	2a00      	cmp	r2, #0
100027ec:	d012      	beq.n	10002814 <vQueueAddToRegistry+0x58>
100027ee:	4770      	bx	lr
100027f0:	2200      	movs	r2, #0
100027f2:	00d2      	lsls	r2, r2, #3
100027f4:	5099      	str	r1, [r3, r2]
100027f6:	189b      	adds	r3, r3, r2
100027f8:	6058      	str	r0, [r3, #4]
100027fa:	e7f8      	b.n	100027ee <vQueueAddToRegistry+0x32>
100027fc:	2201      	movs	r2, #1
100027fe:	e7f8      	b.n	100027f2 <vQueueAddToRegistry+0x36>
10002800:	2202      	movs	r2, #2
10002802:	e7f6      	b.n	100027f2 <vQueueAddToRegistry+0x36>
10002804:	2203      	movs	r2, #3
10002806:	e7f4      	b.n	100027f2 <vQueueAddToRegistry+0x36>
10002808:	2204      	movs	r2, #4
1000280a:	e7f2      	b.n	100027f2 <vQueueAddToRegistry+0x36>
1000280c:	2205      	movs	r2, #5
1000280e:	e7f0      	b.n	100027f2 <vQueueAddToRegistry+0x36>
10002810:	2206      	movs	r2, #6
10002812:	e7ee      	b.n	100027f2 <vQueueAddToRegistry+0x36>
10002814:	3207      	adds	r2, #7
10002816:	e7ec      	b.n	100027f2 <vQueueAddToRegistry+0x36>
10002818:	20000598 	.word	0x20000598

1000281c <vQueueWaitForMessageRestricted>:
1000281c:	b570      	push	{r4, r5, r6, lr}
1000281e:	0004      	movs	r4, r0
10002820:	0016      	movs	r6, r2
10002822:	000d      	movs	r5, r1
10002824:	f001 f8e4 	bl	100039f0 <vTaskEnterCritical>
10002828:	2244      	movs	r2, #68	@ 0x44
1000282a:	5ca3      	ldrb	r3, [r4, r2]
1000282c:	b25b      	sxtb	r3, r3
1000282e:	3301      	adds	r3, #1
10002830:	d101      	bne.n	10002836 <vQueueWaitForMessageRestricted+0x1a>
10002832:	2300      	movs	r3, #0
10002834:	54a3      	strb	r3, [r4, r2]
10002836:	2245      	movs	r2, #69	@ 0x45
10002838:	5ca3      	ldrb	r3, [r4, r2]
1000283a:	b25b      	sxtb	r3, r3
1000283c:	3301      	adds	r3, #1
1000283e:	d101      	bne.n	10002844 <vQueueWaitForMessageRestricted+0x28>
10002840:	2300      	movs	r3, #0
10002842:	54a3      	strb	r3, [r4, r2]
10002844:	f001 f95a 	bl	10003afc <vTaskExitCritical>
10002848:	6ba3      	ldr	r3, [r4, #56]	@ 0x38
1000284a:	2b00      	cmp	r3, #0
1000284c:	d003      	beq.n	10002856 <vQueueWaitForMessageRestricted+0x3a>
1000284e:	0020      	movs	r0, r4
10002850:	f7ff fc6c 	bl	1000212c <prvUnlockQueue>
10002854:	bd70      	pop	{r4, r5, r6, pc}
10002856:	0020      	movs	r0, r4
10002858:	0032      	movs	r2, r6
1000285a:	0029      	movs	r1, r5
1000285c:	3024      	adds	r0, #36	@ 0x24
1000285e:	f000 fcf9 	bl	10003254 <vTaskPlaceOnEventListRestricted>
10002862:	e7f4      	b.n	1000284e <vQueueWaitForMessageRestricted+0x32>

10002864 <prvMinimalIdleTask>:
10002864:	b510      	push	{r4, lr}
10002866:	f7ff f991 	bl	10001b8c <vPortYield>
1000286a:	4c03      	ldr	r4, [pc, #12]	@ (10002878 <prvMinimalIdleTask+0x14>)
1000286c:	6823      	ldr	r3, [r4, #0]
1000286e:	2b02      	cmp	r3, #2
10002870:	d9fc      	bls.n	1000286c <prvMinimalIdleTask+0x8>
10002872:	f7ff f98b 	bl	10001b8c <vPortYield>
10002876:	e7f9      	b.n	1000286c <prvMinimalIdleTask+0x8>
10002878:	200007f4 	.word	0x200007f4

1000287c <prvAddCurrentTaskToDelayedList>:
1000287c:	b5f0      	push	{r4, r5, r6, r7, lr}
1000287e:	46c6      	mov	lr, r8
10002880:	4b30      	ldr	r3, [pc, #192]	@ (10002944 <prvAddCurrentTaskToDelayedList+0xc8>)
10002882:	b500      	push	{lr}
10002884:	0004      	movs	r4, r0
10002886:	4688      	mov	r8, r1
10002888:	681e      	ldr	r6, [r3, #0]
1000288a:	f3ef 8110 	mrs	r1, PRIMASK
1000288e:	b672      	cpsid	i
10002890:	27d0      	movs	r7, #208	@ 0xd0
10002892:	063f      	lsls	r7, r7, #24
10002894:	683b      	ldr	r3, [r7, #0]
10002896:	4d2c      	ldr	r5, [pc, #176]	@ (10002948 <prvAddCurrentTaskToDelayedList+0xcc>)
10002898:	009b      	lsls	r3, r3, #2
1000289a:	58ea      	ldr	r2, [r5, r3]
1000289c:	f381 8810 	msr	PRIMASK, r1
100028a0:	237d      	movs	r3, #125	@ 0x7d
100028a2:	2100      	movs	r1, #0
100028a4:	54d1      	strb	r1, [r2, r3]
100028a6:	f3ef 8210 	mrs	r2, PRIMASK
100028aa:	b672      	cpsid	i
100028ac:	683b      	ldr	r3, [r7, #0]
100028ae:	009b      	lsls	r3, r3, #2
100028b0:	58e8      	ldr	r0, [r5, r3]
100028b2:	f382 8810 	msr	PRIMASK, r2
100028b6:	3008      	adds	r0, #8
100028b8:	f7ff fc26 	bl	10002108 <uxListRemove>
100028bc:	1c63      	adds	r3, r4, #1
100028be:	d030      	beq.n	10002922 <prvAddCurrentTaskToDelayedList+0xa6>
100028c0:	1934      	adds	r4, r6, r4
100028c2:	f3ef 8110 	mrs	r1, PRIMASK
100028c6:	b672      	cpsid	i
100028c8:	22d0      	movs	r2, #208	@ 0xd0
100028ca:	0612      	lsls	r2, r2, #24
100028cc:	6813      	ldr	r3, [r2, #0]
100028ce:	009b      	lsls	r3, r3, #2
100028d0:	58eb      	ldr	r3, [r5, r3]
100028d2:	f381 8810 	msr	PRIMASK, r1
100028d6:	609c      	str	r4, [r3, #8]
100028d8:	42a6      	cmp	r6, r4
100028da:	d814      	bhi.n	10002906 <prvAddCurrentTaskToDelayedList+0x8a>
100028dc:	4b1b      	ldr	r3, [pc, #108]	@ (1000294c <prvAddCurrentTaskToDelayedList+0xd0>)
100028de:	6818      	ldr	r0, [r3, #0]
100028e0:	f3ef 8610 	mrs	r6, PRIMASK
100028e4:	b672      	cpsid	i
100028e6:	6813      	ldr	r3, [r2, #0]
100028e8:	009b      	lsls	r3, r3, #2
100028ea:	58e9      	ldr	r1, [r5, r3]
100028ec:	f386 8810 	msr	PRIMASK, r6
100028f0:	3108      	adds	r1, #8
100028f2:	f7ff fbf1 	bl	100020d8 <vListInsert>
100028f6:	4b16      	ldr	r3, [pc, #88]	@ (10002950 <prvAddCurrentTaskToDelayedList+0xd4>)
100028f8:	681a      	ldr	r2, [r3, #0]
100028fa:	42a2      	cmp	r2, r4
100028fc:	d900      	bls.n	10002900 <prvAddCurrentTaskToDelayedList+0x84>
100028fe:	601c      	str	r4, [r3, #0]
10002900:	bc80      	pop	{r7}
10002902:	46b8      	mov	r8, r7
10002904:	bdf0      	pop	{r4, r5, r6, r7, pc}
10002906:	4b13      	ldr	r3, [pc, #76]	@ (10002954 <prvAddCurrentTaskToDelayedList+0xd8>)
10002908:	6818      	ldr	r0, [r3, #0]
1000290a:	f3ef 8410 	mrs	r4, PRIMASK
1000290e:	b672      	cpsid	i
10002910:	6813      	ldr	r3, [r2, #0]
10002912:	009b      	lsls	r3, r3, #2
10002914:	58e9      	ldr	r1, [r5, r3]
10002916:	f384 8810 	msr	PRIMASK, r4
1000291a:	3108      	adds	r1, #8
1000291c:	f7ff fbdc 	bl	100020d8 <vListInsert>
10002920:	e7ee      	b.n	10002900 <prvAddCurrentTaskToDelayedList+0x84>
10002922:	4643      	mov	r3, r8
10002924:	2b00      	cmp	r3, #0
10002926:	d0cb      	beq.n	100028c0 <prvAddCurrentTaskToDelayedList+0x44>
10002928:	f3ef 8210 	mrs	r2, PRIMASK
1000292c:	b672      	cpsid	i
1000292e:	683b      	ldr	r3, [r7, #0]
10002930:	009b      	lsls	r3, r3, #2
10002932:	58e9      	ldr	r1, [r5, r3]
10002934:	f382 8810 	msr	PRIMASK, r2
10002938:	4807      	ldr	r0, [pc, #28]	@ (10002958 <prvAddCurrentTaskToDelayedList+0xdc>)
1000293a:	3108      	adds	r1, #8
1000293c:	f7ff fbc0 	bl	100020c0 <vListInsertEnd>
10002940:	e7de      	b.n	10002900 <prvAddCurrentTaskToDelayedList+0x84>
10002942:	46c0      	nop			@ (mov r8, r8)
10002944:	20020b70 	.word	0x20020b70
10002948:	200007d8 	.word	0x200007d8
1000294c:	200007e4 	.word	0x200007e4
10002950:	20020b14 	.word	0x20020b14
10002954:	200007ec 	.word	0x200007ec
10002958:	20020b48 	.word	0x20020b48

1000295c <prvCheckForRunStateChange.part.0>:
1000295c:	23d0      	movs	r3, #208	@ 0xd0
1000295e:	b5f0      	push	{r4, r5, r6, r7, lr}
10002960:	4657      	mov	r7, sl
10002962:	46de      	mov	lr, fp
10002964:	4645      	mov	r5, r8
10002966:	464e      	mov	r6, r9
10002968:	061b      	lsls	r3, r3, #24
1000296a:	681b      	ldr	r3, [r3, #0]
1000296c:	4a5a      	ldr	r2, [pc, #360]	@ (10002ad8 <prvCheckForRunStateChange.part.0+0x17c>)
1000296e:	009b      	lsls	r3, r3, #2
10002970:	b5e0      	push	{r5, r6, r7, lr}
10002972:	58d3      	ldr	r3, [r2, r3]
10002974:	b083      	sub	sp, #12
10002976:	4698      	mov	r8, r3
10002978:	4b58      	ldr	r3, [pc, #352]	@ (10002adc <prvCheckForRunStateChange.part.0+0x180>)
1000297a:	4f59      	ldr	r7, [pc, #356]	@ (10002ae0 <prvCheckForRunStateChange.part.0+0x184>)
1000297c:	469a      	mov	sl, r3
1000297e:	4b59      	ldr	r3, [pc, #356]	@ (10002ae4 <prvCheckForRunStateChange.part.0+0x188>)
10002980:	9201      	str	r2, [sp, #4]
10002982:	469b      	mov	fp, r3
10002984:	e059      	b.n	10002a3a <prvCheckForRunStateChange.part.0+0xde>
10002986:	4642      	mov	r2, r8
10002988:	6513      	str	r3, [r2, #80]	@ 0x50
1000298a:	23d0      	movs	r3, #208	@ 0xd0
1000298c:	4d53      	ldr	r5, [pc, #332]	@ (10002adc <prvCheckForRunStateChange.part.0+0x180>)
1000298e:	061b      	lsls	r3, r3, #24
10002990:	681a      	ldr	r2, [r3, #0]
10002992:	782b      	ldrb	r3, [r5, #0]
10002994:	4c53      	ldr	r4, [pc, #332]	@ (10002ae4 <prvCheckForRunStateChange.part.0+0x188>)
10002996:	3b01      	subs	r3, #1
10002998:	b2db      	uxtb	r3, r3
1000299a:	702b      	strb	r3, [r5, #0]
1000299c:	2b00      	cmp	r3, #0
1000299e:	d107      	bne.n	100029b0 <prvCheckForRunStateChange.part.0+0x54>
100029a0:	2101      	movs	r1, #1
100029a2:	5ca3      	ldrb	r3, [r4, r2]
100029a4:	438b      	bics	r3, r1
100029a6:	54a3      	strb	r3, [r4, r2]
100029a8:	f3bf 8f5f 	dmb	sy
100029ac:	4b4e      	ldr	r3, [pc, #312]	@ (10002ae8 <prvCheckForRunStateChange.part.0+0x18c>)
100029ae:	6019      	str	r1, [r3, #0]
100029b0:	23d0      	movs	r3, #208	@ 0xd0
100029b2:	061b      	lsls	r3, r3, #24
100029b4:	681a      	ldr	r2, [r3, #0]
100029b6:	786b      	ldrb	r3, [r5, #1]
100029b8:	3b01      	subs	r3, #1
100029ba:	b2db      	uxtb	r3, r3
100029bc:	706b      	strb	r3, [r5, #1]
100029be:	2b00      	cmp	r3, #0
100029c0:	d108      	bne.n	100029d4 <prvCheckForRunStateChange.part.0+0x78>
100029c2:	2102      	movs	r1, #2
100029c4:	5ca3      	ldrb	r3, [r4, r2]
100029c6:	438b      	bics	r3, r1
100029c8:	54a3      	strb	r3, [r4, r2]
100029ca:	f3bf 8f5f 	dmb	sy
100029ce:	2201      	movs	r2, #1
100029d0:	4b46      	ldr	r3, [pc, #280]	@ (10002aec <prvCheckForRunStateChange.part.0+0x190>)
100029d2:	601a      	str	r2, [r3, #0]
100029d4:	f7ff f8e6 	bl	10001ba4 <vPortEnableInterrupts>
100029d8:	f3ef 8310 	mrs	r3, PRIMASK
100029dc:	b672      	cpsid	i
100029de:	23d0      	movs	r3, #208	@ 0xd0
100029e0:	061b      	lsls	r3, r3, #24
100029e2:	681a      	ldr	r2, [r3, #0]
100029e4:	4b41      	ldr	r3, [pc, #260]	@ (10002aec <prvCheckForRunStateChange.part.0+0x190>)
100029e6:	6819      	ldr	r1, [r3, #0]
100029e8:	2900      	cmp	r1, #0
100029ea:	d04e      	beq.n	10002a8a <prvCheckForRunStateChange.part.0+0x12e>
100029ec:	f3bf 8f5f 	dmb	sy
100029f0:	2301      	movs	r3, #1
100029f2:	2102      	movs	r1, #2
100029f4:	706b      	strb	r3, [r5, #1]
100029f6:	5ca3      	ldrb	r3, [r4, r2]
100029f8:	430b      	orrs	r3, r1
100029fa:	54a3      	strb	r3, [r4, r2]
100029fc:	23d0      	movs	r3, #208	@ 0xd0
100029fe:	061b      	lsls	r3, r3, #24
10002a00:	681a      	ldr	r2, [r3, #0]
10002a02:	4b39      	ldr	r3, [pc, #228]	@ (10002ae8 <prvCheckForRunStateChange.part.0+0x18c>)
10002a04:	6819      	ldr	r1, [r3, #0]
10002a06:	2900      	cmp	r1, #0
10002a08:	d038      	beq.n	10002a7c <prvCheckForRunStateChange.part.0+0x120>
10002a0a:	f3bf 8f5f 	dmb	sy
10002a0e:	2301      	movs	r3, #1
10002a10:	2101      	movs	r1, #1
10002a12:	702b      	strb	r3, [r5, #0]
10002a14:	5ca3      	ldrb	r3, [r4, r2]
10002a16:	430b      	orrs	r3, r1
10002a18:	54a3      	strb	r3, [r4, r2]
10002a1a:	f3ef 8110 	mrs	r1, PRIMASK
10002a1e:	b672      	cpsid	i
10002a20:	22d0      	movs	r2, #208	@ 0xd0
10002a22:	0612      	lsls	r2, r2, #24
10002a24:	6813      	ldr	r3, [r2, #0]
10002a26:	9801      	ldr	r0, [sp, #4]
10002a28:	009b      	lsls	r3, r3, #2
10002a2a:	58c3      	ldr	r3, [r0, r3]
10002a2c:	f381 8810 	msr	PRIMASK, r1
10002a30:	651e      	str	r6, [r3, #80]	@ 0x50
10002a32:	464b      	mov	r3, r9
10002a34:	603b      	str	r3, [r7, #0]
10002a36:	2e00      	cmp	r6, #0
10002a38:	d035      	beq.n	10002aa6 <prvCheckForRunStateChange.part.0+0x14a>
10002a3a:	4643      	mov	r3, r8
10002a3c:	6b9b      	ldr	r3, [r3, #56]	@ 0x38
10002a3e:	3302      	adds	r3, #2
10002a40:	d12a      	bne.n	10002a98 <prvCheckForRunStateChange.part.0+0x13c>
10002a42:	4643      	mov	r3, r8
10002a44:	6d1e      	ldr	r6, [r3, #80]	@ 0x50
10002a46:	683b      	ldr	r3, [r7, #0]
10002a48:	4699      	mov	r9, r3
10002a4a:	2300      	movs	r3, #0
10002a4c:	603b      	str	r3, [r7, #0]
10002a4e:	2e00      	cmp	r6, #0
10002a50:	d199      	bne.n	10002986 <prvCheckForRunStateChange.part.0+0x2a>
10002a52:	23d0      	movs	r3, #208	@ 0xd0
10002a54:	4655      	mov	r5, sl
10002a56:	061b      	lsls	r3, r3, #24
10002a58:	681a      	ldr	r2, [r3, #0]
10002a5a:	786b      	ldrb	r3, [r5, #1]
10002a5c:	465c      	mov	r4, fp
10002a5e:	3b01      	subs	r3, #1
10002a60:	b2db      	uxtb	r3, r3
10002a62:	706b      	strb	r3, [r5, #1]
10002a64:	2b00      	cmp	r3, #0
10002a66:	d1b5      	bne.n	100029d4 <prvCheckForRunStateChange.part.0+0x78>
10002a68:	2102      	movs	r1, #2
10002a6a:	5ca3      	ldrb	r3, [r4, r2]
10002a6c:	438b      	bics	r3, r1
10002a6e:	54a3      	strb	r3, [r4, r2]
10002a70:	f3bf 8f5f 	dmb	sy
10002a74:	2201      	movs	r2, #1
10002a76:	4b1d      	ldr	r3, [pc, #116]	@ (10002aec <prvCheckForRunStateChange.part.0+0x190>)
10002a78:	601a      	str	r2, [r3, #0]
10002a7a:	e7ab      	b.n	100029d4 <prvCheckForRunStateChange.part.0+0x78>
10002a7c:	5ca1      	ldrb	r1, [r4, r2]
10002a7e:	07c9      	lsls	r1, r1, #31
10002a80:	d421      	bmi.n	10002ac6 <prvCheckForRunStateChange.part.0+0x16a>
10002a82:	6819      	ldr	r1, [r3, #0]
10002a84:	2900      	cmp	r1, #0
10002a86:	d1c0      	bne.n	10002a0a <prvCheckForRunStateChange.part.0+0xae>
10002a88:	e7fb      	b.n	10002a82 <prvCheckForRunStateChange.part.0+0x126>
10002a8a:	5ca1      	ldrb	r1, [r4, r2]
10002a8c:	0789      	lsls	r1, r1, #30
10002a8e:	d41e      	bmi.n	10002ace <prvCheckForRunStateChange.part.0+0x172>
10002a90:	6819      	ldr	r1, [r3, #0]
10002a92:	2900      	cmp	r1, #0
10002a94:	d1aa      	bne.n	100029ec <prvCheckForRunStateChange.part.0+0x90>
10002a96:	e7fb      	b.n	10002a90 <prvCheckForRunStateChange.part.0+0x134>
10002a98:	b003      	add	sp, #12
10002a9a:	bcf0      	pop	{r4, r5, r6, r7}
10002a9c:	46bb      	mov	fp, r7
10002a9e:	46b2      	mov	sl, r6
10002aa0:	46a9      	mov	r9, r5
10002aa2:	46a0      	mov	r8, r4
10002aa4:	bdf0      	pop	{r4, r5, r6, r7, pc}
10002aa6:	782b      	ldrb	r3, [r5, #0]
10002aa8:	6812      	ldr	r2, [r2, #0]
10002aaa:	3b01      	subs	r3, #1
10002aac:	b2db      	uxtb	r3, r3
10002aae:	702b      	strb	r3, [r5, #0]
10002ab0:	2b00      	cmp	r3, #0
10002ab2:	d1c2      	bne.n	10002a3a <prvCheckForRunStateChange.part.0+0xde>
10002ab4:	2101      	movs	r1, #1
10002ab6:	5ca3      	ldrb	r3, [r4, r2]
10002ab8:	438b      	bics	r3, r1
10002aba:	54a3      	strb	r3, [r4, r2]
10002abc:	f3bf 8f5f 	dmb	sy
10002ac0:	4b09      	ldr	r3, [pc, #36]	@ (10002ae8 <prvCheckForRunStateChange.part.0+0x18c>)
10002ac2:	6019      	str	r1, [r3, #0]
10002ac4:	e7b9      	b.n	10002a3a <prvCheckForRunStateChange.part.0+0xde>
10002ac6:	782b      	ldrb	r3, [r5, #0]
10002ac8:	3301      	adds	r3, #1
10002aca:	702b      	strb	r3, [r5, #0]
10002acc:	e7a5      	b.n	10002a1a <prvCheckForRunStateChange.part.0+0xbe>
10002ace:	786b      	ldrb	r3, [r5, #1]
10002ad0:	3301      	adds	r3, #1
10002ad2:	706b      	strb	r3, [r5, #1]
10002ad4:	e792      	b.n	100029fc <prvCheckForRunStateChange.part.0+0xa0>
10002ad6:	46c0      	nop			@ (mov r8, r8)
10002ad8:	200007d8 	.word	0x200007d8
10002adc:	20020a88 	.word	0x20020a88
10002ae0:	20020a9c 	.word	0x20020a9c
10002ae4:	20020a84 	.word	0x20020a84
10002ae8:	d0000138 	.word	0xd0000138
10002aec:	d000013c 	.word	0xd000013c

10002af0 <vTaskSuspendAll.part.0>:
10002af0:	b570      	push	{r4, r5, r6, lr}
10002af2:	f3ef 8410 	mrs	r4, PRIMASK
10002af6:	b672      	cpsid	i
10002af8:	23d0      	movs	r3, #208	@ 0xd0
10002afa:	4a33      	ldr	r2, [pc, #204]	@ (10002bc8 <vTaskSuspendAll.part.0+0xd8>)
10002afc:	061b      	lsls	r3, r3, #24
10002afe:	6819      	ldr	r1, [r3, #0]
10002b00:	6813      	ldr	r3, [r2, #0]
10002b02:	2b00      	cmp	r3, #0
10002b04:	d043      	beq.n	10002b8e <vTaskSuspendAll.part.0+0x9e>
10002b06:	4b31      	ldr	r3, [pc, #196]	@ (10002bcc <vTaskSuspendAll.part.0+0xdc>)
10002b08:	f3bf 8f5f 	dmb	sy
10002b0c:	2201      	movs	r2, #1
10002b0e:	2502      	movs	r5, #2
10002b10:	482f      	ldr	r0, [pc, #188]	@ (10002bd0 <vTaskSuspendAll.part.0+0xe0>)
10002b12:	7042      	strb	r2, [r0, #1]
10002b14:	5c5a      	ldrb	r2, [r3, r1]
10002b16:	432a      	orrs	r2, r5
10002b18:	545a      	strb	r2, [r3, r1]
10002b1a:	25d0      	movs	r5, #208	@ 0xd0
10002b1c:	4a2d      	ldr	r2, [pc, #180]	@ (10002bd4 <vTaskSuspendAll.part.0+0xe4>)
10002b1e:	062d      	lsls	r5, r5, #24
10002b20:	6816      	ldr	r6, [r2, #0]
10002b22:	6829      	ldr	r1, [r5, #0]
10002b24:	2e00      	cmp	r6, #0
10002b26:	d03a      	beq.n	10002b9e <vTaskSuspendAll.part.0+0xae>
10002b28:	f3bf 8f5f 	dmb	sy
10002b2c:	2501      	movs	r5, #1
10002b2e:	5c5a      	ldrb	r2, [r3, r1]
10002b30:	432a      	orrs	r2, r5
10002b32:	545a      	strb	r2, [r3, r1]
10002b34:	4a28      	ldr	r2, [pc, #160]	@ (10002bd8 <vTaskSuspendAll.part.0+0xe8>)
10002b36:	6811      	ldr	r1, [r2, #0]
10002b38:	3101      	adds	r1, #1
10002b3a:	6011      	str	r1, [r2, #0]
10002b3c:	21d0      	movs	r1, #208	@ 0xd0
10002b3e:	0609      	lsls	r1, r1, #24
10002b40:	680d      	ldr	r5, [r1, #0]
10002b42:	2100      	movs	r1, #0
10002b44:	7001      	strb	r1, [r0, #0]
10002b46:	2001      	movs	r0, #1
10002b48:	5d59      	ldrb	r1, [r3, r5]
10002b4a:	4381      	bics	r1, r0
10002b4c:	5559      	strb	r1, [r3, r5]
10002b4e:	f3bf 8f5f 	dmb	sy
10002b52:	4b20      	ldr	r3, [pc, #128]	@ (10002bd4 <vTaskSuspendAll.part.0+0xe4>)
10002b54:	6018      	str	r0, [r3, #0]
10002b56:	6813      	ldr	r3, [r2, #0]
10002b58:	2b01      	cmp	r3, #1
10002b5a:	d002      	beq.n	10002b62 <vTaskSuspendAll.part.0+0x72>
10002b5c:	f384 8810 	msr	PRIMASK, r4
10002b60:	bd70      	pop	{r4, r5, r6, pc}
10002b62:	f3ef 8110 	mrs	r1, PRIMASK
10002b66:	b672      	cpsid	i
10002b68:	23d0      	movs	r3, #208	@ 0xd0
10002b6a:	061b      	lsls	r3, r3, #24
10002b6c:	681a      	ldr	r2, [r3, #0]
10002b6e:	4b1b      	ldr	r3, [pc, #108]	@ (10002bdc <vTaskSuspendAll.part.0+0xec>)
10002b70:	0092      	lsls	r2, r2, #2
10002b72:	58d3      	ldr	r3, [r2, r3]
10002b74:	f381 8810 	msr	PRIMASK, r1
10002b78:	6d1b      	ldr	r3, [r3, #80]	@ 0x50
10002b7a:	2b00      	cmp	r3, #0
10002b7c:	d1ee      	bne.n	10002b5c <vTaskSuspendAll.part.0+0x6c>
10002b7e:	f3ef 8305 	mrs	r3, IPSR
10002b82:	b2db      	uxtb	r3, r3
10002b84:	2b00      	cmp	r3, #0
10002b86:	d1e9      	bne.n	10002b5c <vTaskSuspendAll.part.0+0x6c>
10002b88:	f7ff fee8 	bl	1000295c <prvCheckForRunStateChange.part.0>
10002b8c:	e7e6      	b.n	10002b5c <vTaskSuspendAll.part.0+0x6c>
10002b8e:	4b0f      	ldr	r3, [pc, #60]	@ (10002bcc <vTaskSuspendAll.part.0+0xdc>)
10002b90:	5c58      	ldrb	r0, [r3, r1]
10002b92:	0780      	lsls	r0, r0, #30
10002b94:	d40a      	bmi.n	10002bac <vTaskSuspendAll.part.0+0xbc>
10002b96:	6810      	ldr	r0, [r2, #0]
10002b98:	2800      	cmp	r0, #0
10002b9a:	d1b5      	bne.n	10002b08 <vTaskSuspendAll.part.0+0x18>
10002b9c:	e7fb      	b.n	10002b96 <vTaskSuspendAll.part.0+0xa6>
10002b9e:	5c5e      	ldrb	r6, [r3, r1]
10002ba0:	07f6      	lsls	r6, r6, #31
10002ba2:	d408      	bmi.n	10002bb6 <vTaskSuspendAll.part.0+0xc6>
10002ba4:	6815      	ldr	r5, [r2, #0]
10002ba6:	2d00      	cmp	r5, #0
10002ba8:	d1be      	bne.n	10002b28 <vTaskSuspendAll.part.0+0x38>
10002baa:	e7fb      	b.n	10002ba4 <vTaskSuspendAll.part.0+0xb4>
10002bac:	4808      	ldr	r0, [pc, #32]	@ (10002bd0 <vTaskSuspendAll.part.0+0xe0>)
10002bae:	7842      	ldrb	r2, [r0, #1]
10002bb0:	3201      	adds	r2, #1
10002bb2:	7042      	strb	r2, [r0, #1]
10002bb4:	e7b1      	b.n	10002b1a <vTaskSuspendAll.part.0+0x2a>
10002bb6:	4a08      	ldr	r2, [pc, #32]	@ (10002bd8 <vTaskSuspendAll.part.0+0xe8>)
10002bb8:	7800      	ldrb	r0, [r0, #0]
10002bba:	6811      	ldr	r1, [r2, #0]
10002bbc:	3101      	adds	r1, #1
10002bbe:	6011      	str	r1, [r2, #0]
10002bc0:	2800      	cmp	r0, #0
10002bc2:	d1c8      	bne.n	10002b56 <vTaskSuspendAll.part.0+0x66>
10002bc4:	682d      	ldr	r5, [r5, #0]
10002bc6:	e7be      	b.n	10002b46 <vTaskSuspendAll.part.0+0x56>
10002bc8:	d000013c 	.word	0xd000013c
10002bcc:	20020a84 	.word	0x20020a84
10002bd0:	20020a88 	.word	0x20020a88
10002bd4:	d0000138 	.word	0xd0000138
10002bd8:	20020a9c 	.word	0x20020a9c
10002bdc:	200007d8 	.word	0x200007d8

10002be0 <prvYieldForTask>:
10002be0:	424a      	negs	r2, r1
10002be2:	4151      	adcs	r1, r2
10002be4:	b5f8      	push	{r3, r4, r5, r6, r7, lr}
10002be6:	4c37      	ldr	r4, [pc, #220]	@ (10002cc4 <prvYieldForTask+0xe4>)
10002be8:	6b03      	ldr	r3, [r0, #48]	@ 0x30
10002bea:	6826      	ldr	r6, [r4, #0]
10002bec:	6825      	ldr	r5, [r4, #0]
10002bee:	6822      	ldr	r2, [r4, #0]
10002bf0:	1a5b      	subs	r3, r3, r1
10002bf2:	6b92      	ldr	r2, [r2, #56]	@ 0x38
10002bf4:	2a01      	cmp	r2, #1
10002bf6:	d906      	bls.n	10002c06 <prvYieldForTask+0x26>
10002bf8:	6865      	ldr	r5, [r4, #4]
10002bfa:	6861      	ldr	r1, [r4, #4]
10002bfc:	6862      	ldr	r2, [r4, #4]
10002bfe:	6b92      	ldr	r2, [r2, #56]	@ 0x38
10002c00:	2a01      	cmp	r2, #1
10002c02:	d915      	bls.n	10002c30 <prvYieldForTask+0x50>
10002c04:	bdf8      	pop	{r3, r4, r5, r6, r7, pc}
10002c06:	4a30      	ldr	r2, [pc, #192]	@ (10002cc8 <prvYieldForTask+0xe8>)
10002c08:	6811      	ldr	r1, [r2, #0]
10002c0a:	2900      	cmp	r1, #0
10002c0c:	d1f4      	bne.n	10002bf8 <prvYieldForTask+0x18>
10002c0e:	6b37      	ldr	r7, [r6, #48]	@ 0x30
10002c10:	6bed      	ldr	r5, [r5, #60]	@ 0x3c
10002c12:	1b7d      	subs	r5, r7, r5
10002c14:	42ab      	cmp	r3, r5
10002c16:	dbef      	blt.n	10002bf8 <prvYieldForTask+0x18>
10002c18:	6846      	ldr	r6, [r0, #4]
10002c1a:	07f7      	lsls	r7, r6, #31
10002c1c:	d5ec      	bpl.n	10002bf8 <prvYieldForTask+0x18>
10002c1e:	6863      	ldr	r3, [r4, #4]
10002c20:	6860      	ldr	r0, [r4, #4]
10002c22:	469c      	mov	ip, r3
10002c24:	6863      	ldr	r3, [r4, #4]
10002c26:	6b9b      	ldr	r3, [r3, #56]	@ 0x38
10002c28:	2b01      	cmp	r3, #1
10002c2a:	d93c      	bls.n	10002ca6 <prvYieldForTask+0xc6>
10002c2c:	2000      	movs	r0, #0
10002c2e:	e016      	b.n	10002c5e <prvYieldForTask+0x7e>
10002c30:	4a25      	ldr	r2, [pc, #148]	@ (10002cc8 <prvYieldForTask+0xe8>)
10002c32:	6856      	ldr	r6, [r2, #4]
10002c34:	2e00      	cmp	r6, #0
10002c36:	d1e5      	bne.n	10002c04 <prvYieldForTask+0x24>
10002c38:	6b2d      	ldr	r5, [r5, #48]	@ 0x30
10002c3a:	6bc9      	ldr	r1, [r1, #60]	@ 0x3c
10002c3c:	1a69      	subs	r1, r5, r1
10002c3e:	428b      	cmp	r3, r1
10002c40:	dbe0      	blt.n	10002c04 <prvYieldForTask+0x24>
10002c42:	2701      	movs	r7, #1
10002c44:	6846      	ldr	r6, [r0, #4]
10002c46:	427f      	negs	r7, r7
10002c48:	2302      	movs	r3, #2
10002c4a:	0030      	movs	r0, r6
10002c4c:	4018      	ands	r0, r3
10002c4e:	421e      	tst	r6, r3
10002c50:	d103      	bne.n	10002c5a <prvYieldForTask+0x7a>
10002c52:	2f01      	cmp	r7, #1
10002c54:	d8d6      	bhi.n	10002c04 <prvYieldForTask+0x24>
10002c56:	2100      	movs	r1, #0
10002c58:	e001      	b.n	10002c5e <prvYieldForTask+0x7e>
10002c5a:	2101      	movs	r1, #1
10002c5c:	2001      	movs	r0, #1
10002c5e:	f3ef 8305 	mrs	r3, IPSR
10002c62:	b2db      	uxtb	r3, r3
10002c64:	2b00      	cmp	r3, #0
10002c66:	d011      	beq.n	10002c8c <prvYieldForTask+0xac>
10002c68:	23d0      	movs	r3, #208	@ 0xd0
10002c6a:	061b      	lsls	r3, r3, #24
10002c6c:	681b      	ldr	r3, [r3, #0]
10002c6e:	4283      	cmp	r3, r0
10002c70:	d024      	beq.n	10002cbc <prvYieldForTask+0xdc>
10002c72:	008d      	lsls	r5, r1, #2
10002c74:	5963      	ldr	r3, [r4, r5]
10002c76:	6b9b      	ldr	r3, [r3, #56]	@ 0x38
10002c78:	3302      	adds	r3, #2
10002c7a:	d0c3      	beq.n	10002c04 <prvYieldForTask+0x24>
10002c7c:	0008      	movs	r0, r1
10002c7e:	f7fe ffa9 	bl	10001bd4 <vYieldCore>
10002c82:	2202      	movs	r2, #2
10002c84:	5963      	ldr	r3, [r4, r5]
10002c86:	4252      	negs	r2, r2
10002c88:	639a      	str	r2, [r3, #56]	@ 0x38
10002c8a:	e7bb      	b.n	10002c04 <prvYieldForTask+0x24>
10002c8c:	008d      	lsls	r5, r1, #2
10002c8e:	5963      	ldr	r3, [r4, r5]
10002c90:	6b9b      	ldr	r3, [r3, #56]	@ 0x38
10002c92:	3302      	adds	r3, #2
10002c94:	d0b6      	beq.n	10002c04 <prvYieldForTask+0x24>
10002c96:	23d0      	movs	r3, #208	@ 0xd0
10002c98:	061b      	lsls	r3, r3, #24
10002c9a:	681b      	ldr	r3, [r3, #0]
10002c9c:	4283      	cmp	r3, r0
10002c9e:	d1ed      	bne.n	10002c7c <prvYieldForTask+0x9c>
10002ca0:	2301      	movs	r3, #1
10002ca2:	5153      	str	r3, [r2, r5]
10002ca4:	e7ae      	b.n	10002c04 <prvYieldForTask+0x24>
10002ca6:	6857      	ldr	r7, [r2, #4]
10002ca8:	2f00      	cmp	r7, #0
10002caa:	d1bf      	bne.n	10002c2c <prvYieldForTask+0x4c>
10002cac:	4663      	mov	r3, ip
10002cae:	6bc0      	ldr	r0, [r0, #60]	@ 0x3c
10002cb0:	6b1b      	ldr	r3, [r3, #48]	@ 0x30
10002cb2:	1a1b      	subs	r3, r3, r0
10002cb4:	429d      	cmp	r5, r3
10002cb6:	dac7      	bge.n	10002c48 <prvYieldForTask+0x68>
10002cb8:	2000      	movs	r0, #0
10002cba:	e7d0      	b.n	10002c5e <prvYieldForTask+0x7e>
10002cbc:	2301      	movs	r3, #1
10002cbe:	0089      	lsls	r1, r1, #2
10002cc0:	5053      	str	r3, [r2, r1]
10002cc2:	e79f      	b.n	10002c04 <prvYieldForTask+0x24>
10002cc4:	200007d8 	.word	0x200007d8
10002cc8:	20020b7c 	.word	0x20020b7c

10002ccc <vTaskSuspendAll>:
10002ccc:	4b38      	ldr	r3, [pc, #224]	@ (10002db0 <vTaskSuspendAll+0xe4>)
10002cce:	b570      	push	{r4, r5, r6, lr}
10002cd0:	681b      	ldr	r3, [r3, #0]
10002cd2:	2b00      	cmp	r3, #0
10002cd4:	d100      	bne.n	10002cd8 <vTaskSuspendAll+0xc>
10002cd6:	bd70      	pop	{r4, r5, r6, pc}
10002cd8:	f3ef 8410 	mrs	r4, PRIMASK
10002cdc:	b672      	cpsid	i
10002cde:	23d0      	movs	r3, #208	@ 0xd0
10002ce0:	4a34      	ldr	r2, [pc, #208]	@ (10002db4 <vTaskSuspendAll+0xe8>)
10002ce2:	061b      	lsls	r3, r3, #24
10002ce4:	6819      	ldr	r1, [r3, #0]
10002ce6:	6813      	ldr	r3, [r2, #0]
10002ce8:	2b00      	cmp	r3, #0
10002cea:	d043      	beq.n	10002d74 <vTaskSuspendAll+0xa8>
10002cec:	4b32      	ldr	r3, [pc, #200]	@ (10002db8 <vTaskSuspendAll+0xec>)
10002cee:	f3bf 8f5f 	dmb	sy
10002cf2:	2201      	movs	r2, #1
10002cf4:	2502      	movs	r5, #2
10002cf6:	4831      	ldr	r0, [pc, #196]	@ (10002dbc <vTaskSuspendAll+0xf0>)
10002cf8:	7042      	strb	r2, [r0, #1]
10002cfa:	5c5a      	ldrb	r2, [r3, r1]
10002cfc:	432a      	orrs	r2, r5
10002cfe:	545a      	strb	r2, [r3, r1]
10002d00:	25d0      	movs	r5, #208	@ 0xd0
10002d02:	4a2f      	ldr	r2, [pc, #188]	@ (10002dc0 <vTaskSuspendAll+0xf4>)
10002d04:	062d      	lsls	r5, r5, #24
10002d06:	6816      	ldr	r6, [r2, #0]
10002d08:	6829      	ldr	r1, [r5, #0]
10002d0a:	2e00      	cmp	r6, #0
10002d0c:	d03a      	beq.n	10002d84 <vTaskSuspendAll+0xb8>
10002d0e:	f3bf 8f5f 	dmb	sy
10002d12:	2501      	movs	r5, #1
10002d14:	5c5a      	ldrb	r2, [r3, r1]
10002d16:	432a      	orrs	r2, r5
10002d18:	545a      	strb	r2, [r3, r1]
10002d1a:	4a2a      	ldr	r2, [pc, #168]	@ (10002dc4 <vTaskSuspendAll+0xf8>)
10002d1c:	6811      	ldr	r1, [r2, #0]
10002d1e:	3101      	adds	r1, #1
10002d20:	6011      	str	r1, [r2, #0]
10002d22:	21d0      	movs	r1, #208	@ 0xd0
10002d24:	0609      	lsls	r1, r1, #24
10002d26:	680d      	ldr	r5, [r1, #0]
10002d28:	2100      	movs	r1, #0
10002d2a:	7001      	strb	r1, [r0, #0]
10002d2c:	2001      	movs	r0, #1
10002d2e:	5d59      	ldrb	r1, [r3, r5]
10002d30:	4381      	bics	r1, r0
10002d32:	5559      	strb	r1, [r3, r5]
10002d34:	f3bf 8f5f 	dmb	sy
10002d38:	4b21      	ldr	r3, [pc, #132]	@ (10002dc0 <vTaskSuspendAll+0xf4>)
10002d3a:	6018      	str	r0, [r3, #0]
10002d3c:	6813      	ldr	r3, [r2, #0]
10002d3e:	2b01      	cmp	r3, #1
10002d40:	d002      	beq.n	10002d48 <vTaskSuspendAll+0x7c>
10002d42:	f384 8810 	msr	PRIMASK, r4
10002d46:	e7c6      	b.n	10002cd6 <vTaskSuspendAll+0xa>
10002d48:	f3ef 8110 	mrs	r1, PRIMASK
10002d4c:	b672      	cpsid	i
10002d4e:	23d0      	movs	r3, #208	@ 0xd0
10002d50:	061b      	lsls	r3, r3, #24
10002d52:	681a      	ldr	r2, [r3, #0]
10002d54:	4b1c      	ldr	r3, [pc, #112]	@ (10002dc8 <vTaskSuspendAll+0xfc>)
10002d56:	0092      	lsls	r2, r2, #2
10002d58:	58d3      	ldr	r3, [r2, r3]
10002d5a:	f381 8810 	msr	PRIMASK, r1
10002d5e:	6d1b      	ldr	r3, [r3, #80]	@ 0x50
10002d60:	2b00      	cmp	r3, #0
10002d62:	d1ee      	bne.n	10002d42 <vTaskSuspendAll+0x76>
10002d64:	f3ef 8305 	mrs	r3, IPSR
10002d68:	b2db      	uxtb	r3, r3
10002d6a:	2b00      	cmp	r3, #0
10002d6c:	d1e9      	bne.n	10002d42 <vTaskSuspendAll+0x76>
10002d6e:	f7ff fdf5 	bl	1000295c <prvCheckForRunStateChange.part.0>
10002d72:	e7e6      	b.n	10002d42 <vTaskSuspendAll+0x76>
10002d74:	4b10      	ldr	r3, [pc, #64]	@ (10002db8 <vTaskSuspendAll+0xec>)
10002d76:	5c58      	ldrb	r0, [r3, r1]
10002d78:	0780      	lsls	r0, r0, #30
10002d7a:	d40a      	bmi.n	10002d92 <vTaskSuspendAll+0xc6>
10002d7c:	6810      	ldr	r0, [r2, #0]
10002d7e:	2800      	cmp	r0, #0
10002d80:	d1b5      	bne.n	10002cee <vTaskSuspendAll+0x22>
10002d82:	e7fb      	b.n	10002d7c <vTaskSuspendAll+0xb0>
10002d84:	5c5e      	ldrb	r6, [r3, r1]
10002d86:	07f6      	lsls	r6, r6, #31
10002d88:	d408      	bmi.n	10002d9c <vTaskSuspendAll+0xd0>
10002d8a:	6815      	ldr	r5, [r2, #0]
10002d8c:	2d00      	cmp	r5, #0
10002d8e:	d1be      	bne.n	10002d0e <vTaskSuspendAll+0x42>
10002d90:	e7fb      	b.n	10002d8a <vTaskSuspendAll+0xbe>
10002d92:	480a      	ldr	r0, [pc, #40]	@ (10002dbc <vTaskSuspendAll+0xf0>)
10002d94:	7842      	ldrb	r2, [r0, #1]
10002d96:	3201      	adds	r2, #1
10002d98:	7042      	strb	r2, [r0, #1]
10002d9a:	e7b1      	b.n	10002d00 <vTaskSuspendAll+0x34>
10002d9c:	4a09      	ldr	r2, [pc, #36]	@ (10002dc4 <vTaskSuspendAll+0xf8>)
10002d9e:	7800      	ldrb	r0, [r0, #0]
10002da0:	6811      	ldr	r1, [r2, #0]
10002da2:	3101      	adds	r1, #1
10002da4:	6011      	str	r1, [r2, #0]
10002da6:	2800      	cmp	r0, #0
10002da8:	d1c8      	bne.n	10002d3c <vTaskSuspendAll+0x70>
10002daa:	682d      	ldr	r5, [r5, #0]
10002dac:	e7be      	b.n	10002d2c <vTaskSuspendAll+0x60>
10002dae:	46c0      	nop			@ (mov r8, r8)
10002db0:	20020b3c 	.word	0x20020b3c
10002db4:	d000013c 	.word	0xd000013c
10002db8:	20020a84 	.word	0x20020a84
10002dbc:	20020a88 	.word	0x20020a88
10002dc0:	d0000138 	.word	0xd0000138
10002dc4:	20020a9c 	.word	0x20020a9c
10002dc8:	200007d8 	.word	0x200007d8

10002dcc <xTaskGetTickCount>:
10002dcc:	4b01      	ldr	r3, [pc, #4]	@ (10002dd4 <xTaskGetTickCount+0x8>)
10002dce:	6818      	ldr	r0, [r3, #0]
10002dd0:	4770      	bx	lr
10002dd2:	46c0      	nop			@ (mov r8, r8)
10002dd4:	20020b70 	.word	0x20020b70

10002dd8 <vTaskSwitchContext>:
10002dd8:	b5f0      	push	{r4, r5, r6, r7, lr}
10002dda:	23d0      	movs	r3, #208	@ 0xd0
10002ddc:	46de      	mov	lr, fp
10002dde:	4657      	mov	r7, sl
10002de0:	464e      	mov	r6, r9
10002de2:	4645      	mov	r5, r8
10002de4:	061b      	lsls	r3, r3, #24
10002de6:	b5e0      	push	{r5, r6, r7, lr}
10002de8:	681a      	ldr	r2, [r3, #0]
10002dea:	4bc6      	ldr	r3, [pc, #792]	@ (10003104 <vTaskSwitchContext+0x32c>)
10002dec:	b087      	sub	sp, #28
10002dee:	6819      	ldr	r1, [r3, #0]
10002df0:	2900      	cmp	r1, #0
10002df2:	d100      	bne.n	10002df6 <vTaskSwitchContext+0x1e>
10002df4:	e129      	b.n	1000304a <vTaskSwitchContext+0x272>
10002df6:	4bc4      	ldr	r3, [pc, #784]	@ (10003108 <vTaskSwitchContext+0x330>)
10002df8:	4699      	mov	r9, r3
10002dfa:	f3bf 8f5f 	dmb	sy
10002dfe:	4bc3      	ldr	r3, [pc, #780]	@ (1000310c <vTaskSwitchContext+0x334>)
10002e00:	469b      	mov	fp, r3
10002e02:	2301      	movs	r3, #1
10002e04:	4659      	mov	r1, fp
10002e06:	704b      	strb	r3, [r1, #1]
10002e08:	464b      	mov	r3, r9
10002e0a:	2102      	movs	r1, #2
10002e0c:	5c9b      	ldrb	r3, [r3, r2]
10002e0e:	430b      	orrs	r3, r1
10002e10:	4649      	mov	r1, r9
10002e12:	548b      	strb	r3, [r1, r2]
10002e14:	21d0      	movs	r1, #208	@ 0xd0
10002e16:	4bbe      	ldr	r3, [pc, #760]	@ (10003110 <vTaskSwitchContext+0x338>)
10002e18:	0609      	lsls	r1, r1, #24
10002e1a:	681c      	ldr	r4, [r3, #0]
10002e1c:	680a      	ldr	r2, [r1, #0]
10002e1e:	2c00      	cmp	r4, #0
10002e20:	d100      	bne.n	10002e24 <vTaskSwitchContext+0x4c>
10002e22:	e11c      	b.n	1000305e <vTaskSwitchContext+0x286>
10002e24:	f3bf 8f5f 	dmb	sy
10002e28:	2101      	movs	r1, #1
10002e2a:	465b      	mov	r3, fp
10002e2c:	7019      	strb	r1, [r3, #0]
10002e2e:	464b      	mov	r3, r9
10002e30:	2401      	movs	r4, #1
10002e32:	5c9b      	ldrb	r3, [r3, r2]
10002e34:	4323      	orrs	r3, r4
10002e36:	464c      	mov	r4, r9
10002e38:	54a3      	strb	r3, [r4, r2]
10002e3a:	4bb6      	ldr	r3, [pc, #728]	@ (10003114 <vTaskSwitchContext+0x33c>)
10002e3c:	681b      	ldr	r3, [r3, #0]
10002e3e:	2b00      	cmp	r3, #0
10002e40:	d02f      	beq.n	10002ea2 <vTaskSwitchContext+0xca>
10002e42:	4bb5      	ldr	r3, [pc, #724]	@ (10003118 <vTaskSwitchContext+0x340>)
10002e44:	0080      	lsls	r0, r0, #2
10002e46:	50c1      	str	r1, [r0, r3]
10002e48:	23d0      	movs	r3, #208	@ 0xd0
10002e4a:	061b      	lsls	r3, r3, #24
10002e4c:	681a      	ldr	r2, [r3, #0]
10002e4e:	4659      	mov	r1, fp
10002e50:	2300      	movs	r3, #0
10002e52:	700b      	strb	r3, [r1, #0]
10002e54:	464b      	mov	r3, r9
10002e56:	2101      	movs	r1, #1
10002e58:	4648      	mov	r0, r9
10002e5a:	5c9b      	ldrb	r3, [r3, r2]
10002e5c:	438b      	bics	r3, r1
10002e5e:	5483      	strb	r3, [r0, r2]
10002e60:	f3bf 8f5f 	dmb	sy
10002e64:	4baa      	ldr	r3, [pc, #680]	@ (10003110 <vTaskSwitchContext+0x338>)
10002e66:	6019      	str	r1, [r3, #0]
10002e68:	23d0      	movs	r3, #208	@ 0xd0
10002e6a:	061b      	lsls	r3, r3, #24
10002e6c:	681a      	ldr	r2, [r3, #0]
10002e6e:	465b      	mov	r3, fp
10002e70:	4659      	mov	r1, fp
10002e72:	785b      	ldrb	r3, [r3, #1]
10002e74:	3b01      	subs	r3, #1
10002e76:	b2db      	uxtb	r3, r3
10002e78:	704b      	strb	r3, [r1, #1]
10002e7a:	2b00      	cmp	r3, #0
10002e7c:	d10a      	bne.n	10002e94 <vTaskSwitchContext+0xbc>
10002e7e:	464b      	mov	r3, r9
10002e80:	2102      	movs	r1, #2
10002e82:	5c9b      	ldrb	r3, [r3, r2]
10002e84:	438b      	bics	r3, r1
10002e86:	4649      	mov	r1, r9
10002e88:	548b      	strb	r3, [r1, r2]
10002e8a:	f3bf 8f5f 	dmb	sy
10002e8e:	2201      	movs	r2, #1
10002e90:	4b9c      	ldr	r3, [pc, #624]	@ (10003104 <vTaskSwitchContext+0x32c>)
10002e92:	601a      	str	r2, [r3, #0]
10002e94:	b007      	add	sp, #28
10002e96:	bcf0      	pop	{r4, r5, r6, r7}
10002e98:	46bb      	mov	fp, r7
10002e9a:	46b2      	mov	sl, r6
10002e9c:	46a9      	mov	r9, r5
10002e9e:	46a0      	mov	r8, r4
10002ea0:	bdf0      	pop	{r4, r5, r6, r7, pc}
10002ea2:	4b9d      	ldr	r3, [pc, #628]	@ (10003118 <vTaskSwitchContext+0x340>)
10002ea4:	0087      	lsls	r7, r0, #2
10002ea6:	001a      	movs	r2, r3
10002ea8:	9305      	str	r3, [sp, #20]
10002eaa:	2300      	movs	r3, #0
10002eac:	51d3      	str	r3, [r2, r7]
10002eae:	3301      	adds	r3, #1
10002eb0:	4083      	lsls	r3, r0
10002eb2:	4c9a      	ldr	r4, [pc, #616]	@ (1000311c <vTaskSwitchContext+0x344>)
10002eb4:	4698      	mov	r8, r3
10002eb6:	6821      	ldr	r1, [r4, #0]
10002eb8:	008b      	lsls	r3, r1, #2
10002eba:	185b      	adds	r3, r3, r1
10002ebc:	009b      	lsls	r3, r3, #2
10002ebe:	469a      	mov	sl, r3
10002ec0:	001a      	movs	r2, r3
10002ec2:	4655      	mov	r5, sl
10002ec4:	4b96      	ldr	r3, [pc, #600]	@ (10003120 <vTaskSwitchContext+0x348>)
10002ec6:	3208      	adds	r2, #8
10002ec8:	469c      	mov	ip, r3
10002eca:	9302      	str	r3, [sp, #8]
10002ecc:	595b      	ldr	r3, [r3, r5]
10002ece:	4462      	add	r2, ip
10002ed0:	2b00      	cmp	r3, #0
10002ed2:	d10d      	bne.n	10002ef0 <vTaskSwitchContext+0x118>
10002ed4:	6823      	ldr	r3, [r4, #0]
10002ed6:	3901      	subs	r1, #1
10002ed8:	3b01      	subs	r3, #1
10002eda:	6023      	str	r3, [r4, #0]
10002edc:	008b      	lsls	r3, r1, #2
10002ede:	9e02      	ldr	r6, [sp, #8]
10002ee0:	185b      	adds	r3, r3, r1
10002ee2:	009b      	lsls	r3, r3, #2
10002ee4:	58f3      	ldr	r3, [r6, r3]
10002ee6:	3d14      	subs	r5, #20
10002ee8:	3a14      	subs	r2, #20
10002eea:	2b00      	cmp	r3, #0
10002eec:	d0f2      	beq.n	10002ed4 <vTaskSwitchContext+0xfc>
10002eee:	46aa      	mov	sl, r5
10002ef0:	468c      	mov	ip, r1
10002ef2:	4651      	mov	r1, sl
10002ef4:	4b8b      	ldr	r3, [pc, #556]	@ (10003124 <vTaskSwitchContext+0x34c>)
10002ef6:	9004      	str	r0, [sp, #16]
10002ef8:	9303      	str	r3, [sp, #12]
10002efa:	9b03      	ldr	r3, [sp, #12]
10002efc:	4e8a      	ldr	r6, [pc, #552]	@ (10003128 <vTaskSwitchContext+0x350>)
10002efe:	585b      	ldr	r3, [r3, r1]
10002f00:	689c      	ldr	r4, [r3, #8]
10002f02:	0020      	movs	r0, r4
10002f04:	4294      	cmp	r4, r2
10002f06:	d067      	beq.n	10002fd8 <vTaskSwitchContext+0x200>
10002f08:	9601      	str	r6, [sp, #4]
10002f0a:	e005      	b.n	10002f18 <vTaskSwitchContext+0x140>
10002f0c:	9901      	ldr	r1, [sp, #4]
10002f0e:	59c9      	ldr	r1, [r1, r7]
10002f10:	428b      	cmp	r3, r1
10002f12:	d039      	beq.n	10002f88 <vTaskSwitchContext+0x1b0>
10002f14:	4284      	cmp	r4, r0
10002f16:	d049      	beq.n	10002fac <vTaskSwitchContext+0x1d4>
10002f18:	6864      	ldr	r4, [r4, #4]
10002f1a:	4294      	cmp	r4, r2
10002f1c:	d032      	beq.n	10002f84 <vTaskSwitchContext+0x1ac>
10002f1e:	68e3      	ldr	r3, [r4, #12]
10002f20:	6b9d      	ldr	r5, [r3, #56]	@ 0x38
10002f22:	1c69      	adds	r1, r5, #1
10002f24:	d1f2      	bne.n	10002f0c <vTaskSwitchContext+0x134>
10002f26:	4646      	mov	r6, r8
10002f28:	6859      	ldr	r1, [r3, #4]
10002f2a:	4231      	tst	r1, r6
10002f2c:	d0f2      	beq.n	10002f14 <vTaskSwitchContext+0x13c>
10002f2e:	9e01      	ldr	r6, [sp, #4]
10002f30:	9804      	ldr	r0, [sp, #16]
10002f32:	59f2      	ldr	r2, [r6, r7]
10002f34:	6395      	str	r5, [r2, #56]	@ 0x38
10002f36:	59f2      	ldr	r2, [r6, r7]
10002f38:	6398      	str	r0, [r3, #56]	@ 0x38
10002f3a:	0020      	movs	r0, r4
10002f3c:	9201      	str	r2, [sp, #4]
10002f3e:	51f3      	str	r3, [r6, r7]
10002f40:	f7ff f8e2 	bl	10002108 <uxListRemove>
10002f44:	9802      	ldr	r0, [sp, #8]
10002f46:	0021      	movs	r1, r4
10002f48:	4450      	add	r0, sl
10002f4a:	f7ff f8b9 	bl	100020c0 <vListInsertEnd>
10002f4e:	23d0      	movs	r3, #208	@ 0xd0
10002f50:	061b      	lsls	r3, r3, #24
10002f52:	681a      	ldr	r2, [r3, #0]
10002f54:	9b01      	ldr	r3, [sp, #4]
10002f56:	2b00      	cmp	r3, #0
10002f58:	d00a      	beq.n	10002f70 <vTaskSwitchContext+0x198>
10002f5a:	9c02      	ldr	r4, [sp, #8]
10002f5c:	0018      	movs	r0, r3
10002f5e:	46a4      	mov	ip, r4
10002f60:	6b19      	ldr	r1, [r3, #48]	@ 0x30
10002f62:	6980      	ldr	r0, [r0, #24]
10002f64:	008b      	lsls	r3, r1, #2
10002f66:	185b      	adds	r3, r3, r1
10002f68:	009b      	lsls	r3, r3, #2
10002f6a:	4463      	add	r3, ip
10002f6c:	4298      	cmp	r0, r3
10002f6e:	d036      	beq.n	10002fde <vTaskSwitchContext+0x206>
10002f70:	465b      	mov	r3, fp
10002f72:	781b      	ldrb	r3, [r3, #0]
10002f74:	3b01      	subs	r3, #1
10002f76:	b2db      	uxtb	r3, r3
10002f78:	4659      	mov	r1, fp
10002f7a:	700b      	strb	r3, [r1, #0]
10002f7c:	2b00      	cmp	r3, #0
10002f7e:	d000      	beq.n	10002f82 <vTaskSwitchContext+0x1aa>
10002f80:	e772      	b.n	10002e68 <vTaskSwitchContext+0x90>
10002f82:	e767      	b.n	10002e54 <vTaskSwitchContext+0x7c>
10002f84:	6864      	ldr	r4, [r4, #4]
10002f86:	e7ca      	b.n	10002f1e <vTaskSwitchContext+0x146>
10002f88:	4645      	mov	r5, r8
10002f8a:	6859      	ldr	r1, [r3, #4]
10002f8c:	4229      	tst	r1, r5
10002f8e:	d0c1      	beq.n	10002f14 <vTaskSwitchContext+0x13c>
10002f90:	9804      	ldr	r0, [sp, #16]
10002f92:	6398      	str	r0, [r3, #56]	@ 0x38
10002f94:	0020      	movs	r0, r4
10002f96:	f7ff f8b7 	bl	10002108 <uxListRemove>
10002f9a:	9802      	ldr	r0, [sp, #8]
10002f9c:	0021      	movs	r1, r4
10002f9e:	4450      	add	r0, sl
10002fa0:	f7ff f88e 	bl	100020c0 <vListInsertEnd>
10002fa4:	23d0      	movs	r3, #208	@ 0xd0
10002fa6:	061b      	lsls	r3, r3, #24
10002fa8:	681a      	ldr	r2, [r3, #0]
10002faa:	e7e1      	b.n	10002f70 <vTaskSwitchContext+0x198>
10002fac:	4650      	mov	r0, sl
10002fae:	4661      	mov	r1, ip
10002fb0:	9e01      	ldr	r6, [sp, #4]
10002fb2:	3901      	subs	r1, #1
10002fb4:	008b      	lsls	r3, r1, #2
10002fb6:	9c02      	ldr	r4, [sp, #8]
10002fb8:	185b      	adds	r3, r3, r1
10002fba:	009b      	lsls	r3, r3, #2
10002fbc:	58e3      	ldr	r3, [r4, r3]
10002fbe:	3814      	subs	r0, #20
10002fc0:	3a14      	subs	r2, #20
10002fc2:	2b00      	cmp	r3, #0
10002fc4:	d0f5      	beq.n	10002fb2 <vTaskSwitchContext+0x1da>
10002fc6:	4682      	mov	sl, r0
10002fc8:	468c      	mov	ip, r1
10002fca:	4651      	mov	r1, sl
10002fcc:	9b03      	ldr	r3, [sp, #12]
10002fce:	585b      	ldr	r3, [r3, r1]
10002fd0:	689c      	ldr	r4, [r3, #8]
10002fd2:	0020      	movs	r0, r4
10002fd4:	4294      	cmp	r4, r2
10002fd6:	d197      	bne.n	10002f08 <vTaskSwitchContext+0x130>
10002fd8:	6890      	ldr	r0, [r2, #8]
10002fda:	9601      	str	r6, [sp, #4]
10002fdc:	e79c      	b.n	10002f18 <vTaskSwitchContext+0x140>
10002fde:	9801      	ldr	r0, [sp, #4]
10002fe0:	6843      	ldr	r3, [r0, #4]
10002fe2:	6bc0      	ldr	r0, [r0, #60]	@ 0x3c
10002fe4:	1a09      	subs	r1, r1, r0
10002fe6:	468a      	mov	sl, r1
10002fe8:	4641      	mov	r1, r8
10002fea:	4219      	tst	r1, r3
10002fec:	d15e      	bne.n	100030ac <vTaskSwitchContext+0x2d4>
10002fee:	2103      	movs	r1, #3
10002ff0:	201f      	movs	r0, #31
10002ff2:	000c      	movs	r4, r1
10002ff4:	4680      	mov	r8, r0
10002ff6:	2701      	movs	r7, #1
10002ff8:	401c      	ands	r4, r3
10002ffa:	4219      	tst	r1, r3
10002ffc:	d0b8      	beq.n	10002f70 <vTaskSwitchContext+0x198>
10002ffe:	002b      	movs	r3, r5
10003000:	9201      	str	r2, [sp, #4]
10003002:	4655      	mov	r5, sl
10003004:	469a      	mov	sl, r3
10003006:	e001      	b.n	1000300c <vTaskSwitchContext+0x234>
10003008:	2c00      	cmp	r4, #0
1000300a:	d032      	beq.n	10003072 <vTaskSwitchContext+0x29a>
1000300c:	0020      	movs	r0, r4
1000300e:	f7fe f893 	bl	10001138 <__wrap___clz>
10003012:	4643      	mov	r3, r8
10003014:	1a18      	subs	r0, r3, r0
10003016:	003b      	movs	r3, r7
10003018:	4083      	lsls	r3, r0
1000301a:	0081      	lsls	r1, r0, #2
1000301c:	439c      	bics	r4, r3
1000301e:	5873      	ldr	r3, [r6, r1]
10003020:	5872      	ldr	r2, [r6, r1]
10003022:	6b1b      	ldr	r3, [r3, #48]	@ 0x30
10003024:	6bd2      	ldr	r2, [r2, #60]	@ 0x3c
10003026:	1a9b      	subs	r3, r3, r2
10003028:	429d      	cmp	r5, r3
1000302a:	dded      	ble.n	10003008 <vTaskSwitchContext+0x230>
1000302c:	5872      	ldr	r2, [r6, r1]
1000302e:	6b92      	ldr	r2, [r2, #56]	@ 0x38
10003030:	2a00      	cmp	r2, #0
10003032:	dbe9      	blt.n	10003008 <vTaskSwitchContext+0x230>
10003034:	5872      	ldr	r2, [r6, r1]
10003036:	6b92      	ldr	r2, [r2, #56]	@ 0x38
10003038:	2a01      	cmp	r2, #1
1000303a:	dce5      	bgt.n	10003008 <vTaskSwitchContext+0x230>
1000303c:	9a05      	ldr	r2, [sp, #20]
1000303e:	5852      	ldr	r2, [r2, r1]
10003040:	2a00      	cmp	r2, #0
10003042:	d1e1      	bne.n	10003008 <vTaskSwitchContext+0x230>
10003044:	4682      	mov	sl, r0
10003046:	001d      	movs	r5, r3
10003048:	e7de      	b.n	10003008 <vTaskSwitchContext+0x230>
1000304a:	492f      	ldr	r1, [pc, #188]	@ (10003108 <vTaskSwitchContext+0x330>)
1000304c:	4689      	mov	r9, r1
1000304e:	5c89      	ldrb	r1, [r1, r2]
10003050:	0789      	lsls	r1, r1, #30
10003052:	d42f      	bmi.n	100030b4 <vTaskSwitchContext+0x2dc>
10003054:	6819      	ldr	r1, [r3, #0]
10003056:	2900      	cmp	r1, #0
10003058:	d000      	beq.n	1000305c <vTaskSwitchContext+0x284>
1000305a:	e6ce      	b.n	10002dfa <vTaskSwitchContext+0x22>
1000305c:	e7fa      	b.n	10003054 <vTaskSwitchContext+0x27c>
1000305e:	464d      	mov	r5, r9
10003060:	5cad      	ldrb	r5, [r5, r2]
10003062:	3401      	adds	r4, #1
10003064:	422c      	tst	r4, r5
10003066:	d12c      	bne.n	100030c2 <vTaskSwitchContext+0x2ea>
10003068:	6819      	ldr	r1, [r3, #0]
1000306a:	2900      	cmp	r1, #0
1000306c:	d000      	beq.n	10003070 <vTaskSwitchContext+0x298>
1000306e:	e6d9      	b.n	10002e24 <vTaskSwitchContext+0x4c>
10003070:	e7fa      	b.n	10003068 <vTaskSwitchContext+0x290>
10003072:	4655      	mov	r5, sl
10003074:	9a01      	ldr	r2, [sp, #4]
10003076:	2d01      	cmp	r5, #1
10003078:	d900      	bls.n	1000307c <vTaskSwitchContext+0x2a4>
1000307a:	e779      	b.n	10002f70 <vTaskSwitchContext+0x198>
1000307c:	f3ef 8305 	mrs	r3, IPSR
10003080:	b2db      	uxtb	r3, r3
10003082:	2b00      	cmp	r3, #0
10003084:	d02c      	beq.n	100030e0 <vTaskSwitchContext+0x308>
10003086:	4295      	cmp	r5, r2
10003088:	d036      	beq.n	100030f8 <vTaskSwitchContext+0x320>
1000308a:	00ac      	lsls	r4, r5, #2
1000308c:	5933      	ldr	r3, [r6, r4]
1000308e:	6b9b      	ldr	r3, [r3, #56]	@ 0x38
10003090:	3302      	adds	r3, #2
10003092:	d100      	bne.n	10003096 <vTaskSwitchContext+0x2be>
10003094:	e76c      	b.n	10002f70 <vTaskSwitchContext+0x198>
10003096:	0028      	movs	r0, r5
10003098:	f7fe fd9c 	bl	10001bd4 <vYieldCore>
1000309c:	2202      	movs	r2, #2
1000309e:	5933      	ldr	r3, [r6, r4]
100030a0:	4252      	negs	r2, r2
100030a2:	639a      	str	r2, [r3, #56]	@ 0x38
100030a4:	23d0      	movs	r3, #208	@ 0xd0
100030a6:	061b      	lsls	r3, r3, #24
100030a8:	681a      	ldr	r2, [r3, #0]
100030aa:	e761      	b.n	10002f70 <vTaskSwitchContext+0x198>
100030ac:	59f1      	ldr	r1, [r6, r7]
100030ae:	6849      	ldr	r1, [r1, #4]
100030b0:	438b      	bics	r3, r1
100030b2:	e79c      	b.n	10002fee <vTaskSwitchContext+0x216>
100030b4:	4b15      	ldr	r3, [pc, #84]	@ (1000310c <vTaskSwitchContext+0x334>)
100030b6:	469b      	mov	fp, r3
100030b8:	465a      	mov	r2, fp
100030ba:	785b      	ldrb	r3, [r3, #1]
100030bc:	3301      	adds	r3, #1
100030be:	7053      	strb	r3, [r2, #1]
100030c0:	e6a8      	b.n	10002e14 <vTaskSwitchContext+0x3c>
100030c2:	465b      	mov	r3, fp
100030c4:	465d      	mov	r5, fp
100030c6:	781b      	ldrb	r3, [r3, #0]
100030c8:	1c5a      	adds	r2, r3, #1
100030ca:	702a      	strb	r2, [r5, #0]
100030cc:	4a11      	ldr	r2, [pc, #68]	@ (10003114 <vTaskSwitchContext+0x33c>)
100030ce:	6812      	ldr	r2, [r2, #0]
100030d0:	2a00      	cmp	r2, #0
100030d2:	d100      	bne.n	100030d6 <vTaskSwitchContext+0x2fe>
100030d4:	e6e5      	b.n	10002ea2 <vTaskSwitchContext+0xca>
100030d6:	4a10      	ldr	r2, [pc, #64]	@ (10003118 <vTaskSwitchContext+0x340>)
100030d8:	0080      	lsls	r0, r0, #2
100030da:	5084      	str	r4, [r0, r2]
100030dc:	680a      	ldr	r2, [r1, #0]
100030de:	e74b      	b.n	10002f78 <vTaskSwitchContext+0x1a0>
100030e0:	00ac      	lsls	r4, r5, #2
100030e2:	5933      	ldr	r3, [r6, r4]
100030e4:	6b9b      	ldr	r3, [r3, #56]	@ 0x38
100030e6:	3302      	adds	r3, #2
100030e8:	d100      	bne.n	100030ec <vTaskSwitchContext+0x314>
100030ea:	e741      	b.n	10002f70 <vTaskSwitchContext+0x198>
100030ec:	4295      	cmp	r5, r2
100030ee:	d1d2      	bne.n	10003096 <vTaskSwitchContext+0x2be>
100030f0:	2301      	movs	r3, #1
100030f2:	9a05      	ldr	r2, [sp, #20]
100030f4:	5113      	str	r3, [r2, r4]
100030f6:	e7d5      	b.n	100030a4 <vTaskSwitchContext+0x2cc>
100030f8:	2301      	movs	r3, #1
100030fa:	9905      	ldr	r1, [sp, #20]
100030fc:	0092      	lsls	r2, r2, #2
100030fe:	508b      	str	r3, [r1, r2]
10003100:	e7d0      	b.n	100030a4 <vTaskSwitchContext+0x2cc>
10003102:	46c0      	nop			@ (mov r8, r8)
10003104:	d000013c 	.word	0xd000013c
10003108:	20020a84 	.word	0x20020a84
1000310c:	20020a88 	.word	0x20020a88
10003110:	d0000138 	.word	0xd0000138
10003114:	20020a9c 	.word	0x20020a9c
10003118:	20020b7c 	.word	0x20020b7c
1000311c:	20020aa4 	.word	0x20020aa4
10003120:	200007f4 	.word	0x200007f4
10003124:	200007f8 	.word	0x200007f8
10003128:	200007d8 	.word	0x200007d8

1000312c <vTaskPlaceOnEventList>:
1000312c:	b5f8      	push	{r3, r4, r5, r6, r7, lr}
1000312e:	000c      	movs	r4, r1
10003130:	f3ef 8210 	mrs	r2, PRIMASK
10003134:	b672      	cpsid	i
10003136:	26d0      	movs	r6, #208	@ 0xd0
10003138:	0636      	lsls	r6, r6, #24
1000313a:	6833      	ldr	r3, [r6, #0]
1000313c:	4d2d      	ldr	r5, [pc, #180]	@ (100031f4 <vTaskPlaceOnEventList+0xc8>)
1000313e:	009b      	lsls	r3, r3, #2
10003140:	5959      	ldr	r1, [r3, r5]
10003142:	f382 8810 	msr	PRIMASK, r2
10003146:	311c      	adds	r1, #28
10003148:	f7fe ffc6 	bl	100020d8 <vListInsert>
1000314c:	4b2a      	ldr	r3, [pc, #168]	@ (100031f8 <vTaskPlaceOnEventList+0xcc>)
1000314e:	681f      	ldr	r7, [r3, #0]
10003150:	f3ef 8110 	mrs	r1, PRIMASK
10003154:	b672      	cpsid	i
10003156:	6833      	ldr	r3, [r6, #0]
10003158:	009b      	lsls	r3, r3, #2
1000315a:	595a      	ldr	r2, [r3, r5]
1000315c:	f381 8810 	msr	PRIMASK, r1
10003160:	237d      	movs	r3, #125	@ 0x7d
10003162:	2100      	movs	r1, #0
10003164:	54d1      	strb	r1, [r2, r3]
10003166:	f3ef 8210 	mrs	r2, PRIMASK
1000316a:	b672      	cpsid	i
1000316c:	6833      	ldr	r3, [r6, #0]
1000316e:	009b      	lsls	r3, r3, #2
10003170:	5958      	ldr	r0, [r3, r5]
10003172:	f382 8810 	msr	PRIMASK, r2
10003176:	3008      	adds	r0, #8
10003178:	f7fe ffc6 	bl	10002108 <uxListRemove>
1000317c:	1c63      	adds	r3, r4, #1
1000317e:	d02c      	beq.n	100031da <vTaskPlaceOnEventList+0xae>
10003180:	19e4      	adds	r4, r4, r7
10003182:	f3ef 8210 	mrs	r2, PRIMASK
10003186:	b672      	cpsid	i
10003188:	6833      	ldr	r3, [r6, #0]
1000318a:	009b      	lsls	r3, r3, #2
1000318c:	595b      	ldr	r3, [r3, r5]
1000318e:	f382 8810 	msr	PRIMASK, r2
10003192:	609c      	str	r4, [r3, #8]
10003194:	42a7      	cmp	r7, r4
10003196:	d90d      	bls.n	100031b4 <vTaskPlaceOnEventList+0x88>
10003198:	4b18      	ldr	r3, [pc, #96]	@ (100031fc <vTaskPlaceOnEventList+0xd0>)
1000319a:	6818      	ldr	r0, [r3, #0]
1000319c:	f3ef 8210 	mrs	r2, PRIMASK
100031a0:	b672      	cpsid	i
100031a2:	6833      	ldr	r3, [r6, #0]
100031a4:	009b      	lsls	r3, r3, #2
100031a6:	5959      	ldr	r1, [r3, r5]
100031a8:	f382 8810 	msr	PRIMASK, r2
100031ac:	3108      	adds	r1, #8
100031ae:	f7fe ff93 	bl	100020d8 <vListInsert>
100031b2:	bdf8      	pop	{r3, r4, r5, r6, r7, pc}
100031b4:	4b12      	ldr	r3, [pc, #72]	@ (10003200 <vTaskPlaceOnEventList+0xd4>)
100031b6:	6818      	ldr	r0, [r3, #0]
100031b8:	f3ef 8210 	mrs	r2, PRIMASK
100031bc:	b672      	cpsid	i
100031be:	6833      	ldr	r3, [r6, #0]
100031c0:	009b      	lsls	r3, r3, #2
100031c2:	5959      	ldr	r1, [r3, r5]
100031c4:	f382 8810 	msr	PRIMASK, r2
100031c8:	3108      	adds	r1, #8
100031ca:	f7fe ff85 	bl	100020d8 <vListInsert>
100031ce:	4b0d      	ldr	r3, [pc, #52]	@ (10003204 <vTaskPlaceOnEventList+0xd8>)
100031d0:	681a      	ldr	r2, [r3, #0]
100031d2:	4294      	cmp	r4, r2
100031d4:	d2ed      	bcs.n	100031b2 <vTaskPlaceOnEventList+0x86>
100031d6:	601c      	str	r4, [r3, #0]
100031d8:	e7eb      	b.n	100031b2 <vTaskPlaceOnEventList+0x86>
100031da:	f3ef 8210 	mrs	r2, PRIMASK
100031de:	b672      	cpsid	i
100031e0:	6833      	ldr	r3, [r6, #0]
100031e2:	009b      	lsls	r3, r3, #2
100031e4:	5959      	ldr	r1, [r3, r5]
100031e6:	f382 8810 	msr	PRIMASK, r2
100031ea:	4807      	ldr	r0, [pc, #28]	@ (10003208 <vTaskPlaceOnEventList+0xdc>)
100031ec:	3108      	adds	r1, #8
100031ee:	f7fe ff67 	bl	100020c0 <vListInsertEnd>
100031f2:	e7de      	b.n	100031b2 <vTaskPlaceOnEventList+0x86>
100031f4:	200007d8 	.word	0x200007d8
100031f8:	20020b70 	.word	0x20020b70
100031fc:	200007ec 	.word	0x200007ec
10003200:	200007e4 	.word	0x200007e4
10003204:	20020b14 	.word	0x20020b14
10003208:	20020b48 	.word	0x20020b48

1000320c <vTaskPlaceOnUnorderedEventList>:
1000320c:	b570      	push	{r4, r5, r6, lr}
1000320e:	000d      	movs	r5, r1
10003210:	0014      	movs	r4, r2
10003212:	f3ef 8110 	mrs	r1, PRIMASK
10003216:	b672      	cpsid	i
10003218:	26d0      	movs	r6, #208	@ 0xd0
1000321a:	0636      	lsls	r6, r6, #24
1000321c:	6832      	ldr	r2, [r6, #0]
1000321e:	4b0c      	ldr	r3, [pc, #48]	@ (10003250 <vTaskPlaceOnUnorderedEventList+0x44>)
10003220:	0092      	lsls	r2, r2, #2
10003222:	58d2      	ldr	r2, [r2, r3]
10003224:	f381 8810 	msr	PRIMASK, r1
10003228:	2180      	movs	r1, #128	@ 0x80
1000322a:	0609      	lsls	r1, r1, #24
1000322c:	4329      	orrs	r1, r5
1000322e:	61d1      	str	r1, [r2, #28]
10003230:	f3ef 8510 	mrs	r5, PRIMASK
10003234:	b672      	cpsid	i
10003236:	6832      	ldr	r2, [r6, #0]
10003238:	0092      	lsls	r2, r2, #2
1000323a:	58d1      	ldr	r1, [r2, r3]
1000323c:	f385 8810 	msr	PRIMASK, r5
10003240:	311c      	adds	r1, #28
10003242:	f7fe ff3d 	bl	100020c0 <vListInsertEnd>
10003246:	2101      	movs	r1, #1
10003248:	0020      	movs	r0, r4
1000324a:	f7ff fb17 	bl	1000287c <prvAddCurrentTaskToDelayedList>
1000324e:	bd70      	pop	{r4, r5, r6, pc}
10003250:	200007d8 	.word	0x200007d8

10003254 <vTaskPlaceOnEventListRestricted>:
10003254:	b5f0      	push	{r4, r5, r6, r7, lr}
10003256:	46c6      	mov	lr, r8
10003258:	000c      	movs	r4, r1
1000325a:	b500      	push	{lr}
1000325c:	0016      	movs	r6, r2
1000325e:	f3ef 8210 	mrs	r2, PRIMASK
10003262:	b672      	cpsid	i
10003264:	23d0      	movs	r3, #208	@ 0xd0
10003266:	061b      	lsls	r3, r3, #24
10003268:	681b      	ldr	r3, [r3, #0]
1000326a:	4d34      	ldr	r5, [pc, #208]	@ (1000333c <vTaskPlaceOnEventListRestricted+0xe8>)
1000326c:	009b      	lsls	r3, r3, #2
1000326e:	58e9      	ldr	r1, [r5, r3]
10003270:	f382 8810 	msr	PRIMASK, r2
10003274:	311c      	adds	r1, #28
10003276:	f7fe ff23 	bl	100020c0 <vListInsertEnd>
1000327a:	2e00      	cmp	r6, #0
1000327c:	d001      	beq.n	10003282 <vTaskPlaceOnEventListRestricted+0x2e>
1000327e:	2401      	movs	r4, #1
10003280:	4264      	negs	r4, r4
10003282:	4b2f      	ldr	r3, [pc, #188]	@ (10003340 <vTaskPlaceOnEventListRestricted+0xec>)
10003284:	681b      	ldr	r3, [r3, #0]
10003286:	4698      	mov	r8, r3
10003288:	f3ef 8110 	mrs	r1, PRIMASK
1000328c:	b672      	cpsid	i
1000328e:	27d0      	movs	r7, #208	@ 0xd0
10003290:	063f      	lsls	r7, r7, #24
10003292:	683b      	ldr	r3, [r7, #0]
10003294:	009b      	lsls	r3, r3, #2
10003296:	58ea      	ldr	r2, [r5, r3]
10003298:	f381 8810 	msr	PRIMASK, r1
1000329c:	237d      	movs	r3, #125	@ 0x7d
1000329e:	2100      	movs	r1, #0
100032a0:	54d1      	strb	r1, [r2, r3]
100032a2:	f3ef 8210 	mrs	r2, PRIMASK
100032a6:	b672      	cpsid	i
100032a8:	683b      	ldr	r3, [r7, #0]
100032aa:	009b      	lsls	r3, r3, #2
100032ac:	58e8      	ldr	r0, [r5, r3]
100032ae:	f382 8810 	msr	PRIMASK, r2
100032b2:	3008      	adds	r0, #8
100032b4:	f7fe ff28 	bl	10002108 <uxListRemove>
100032b8:	1c63      	adds	r3, r4, #1
100032ba:	d030      	beq.n	1000331e <vTaskPlaceOnEventListRestricted+0xca>
100032bc:	4444      	add	r4, r8
100032be:	f3ef 8110 	mrs	r1, PRIMASK
100032c2:	b672      	cpsid	i
100032c4:	22d0      	movs	r2, #208	@ 0xd0
100032c6:	0612      	lsls	r2, r2, #24
100032c8:	6813      	ldr	r3, [r2, #0]
100032ca:	009b      	lsls	r3, r3, #2
100032cc:	58eb      	ldr	r3, [r5, r3]
100032ce:	f381 8810 	msr	PRIMASK, r1
100032d2:	609c      	str	r4, [r3, #8]
100032d4:	45a0      	cmp	r8, r4
100032d6:	d814      	bhi.n	10003302 <vTaskPlaceOnEventListRestricted+0xae>
100032d8:	4b1a      	ldr	r3, [pc, #104]	@ (10003344 <vTaskPlaceOnEventListRestricted+0xf0>)
100032da:	6818      	ldr	r0, [r3, #0]
100032dc:	f3ef 8610 	mrs	r6, PRIMASK
100032e0:	b672      	cpsid	i
100032e2:	6813      	ldr	r3, [r2, #0]
100032e4:	009b      	lsls	r3, r3, #2
100032e6:	58e9      	ldr	r1, [r5, r3]
100032e8:	f386 8810 	msr	PRIMASK, r6
100032ec:	3108      	adds	r1, #8
100032ee:	f7fe fef3 	bl	100020d8 <vListInsert>
100032f2:	4b15      	ldr	r3, [pc, #84]	@ (10003348 <vTaskPlaceOnEventListRestricted+0xf4>)
100032f4:	681a      	ldr	r2, [r3, #0]
100032f6:	4294      	cmp	r4, r2
100032f8:	d200      	bcs.n	100032fc <vTaskPlaceOnEventListRestricted+0xa8>
100032fa:	601c      	str	r4, [r3, #0]
100032fc:	bc80      	pop	{r7}
100032fe:	46b8      	mov	r8, r7
10003300:	bdf0      	pop	{r4, r5, r6, r7, pc}
10003302:	4b12      	ldr	r3, [pc, #72]	@ (1000334c <vTaskPlaceOnEventListRestricted+0xf8>)
10003304:	6818      	ldr	r0, [r3, #0]
10003306:	f3ef 8410 	mrs	r4, PRIMASK
1000330a:	b672      	cpsid	i
1000330c:	6813      	ldr	r3, [r2, #0]
1000330e:	009b      	lsls	r3, r3, #2
10003310:	58e9      	ldr	r1, [r5, r3]
10003312:	f384 8810 	msr	PRIMASK, r4
10003316:	3108      	adds	r1, #8
10003318:	f7fe fede 	bl	100020d8 <vListInsert>
1000331c:	e7ee      	b.n	100032fc <vTaskPlaceOnEventListRestricted+0xa8>
1000331e:	2e00      	cmp	r6, #0
10003320:	d0cc      	beq.n	100032bc <vTaskPlaceOnEventListRestricted+0x68>
10003322:	f3ef 8210 	mrs	r2, PRIMASK
10003326:	b672      	cpsid	i
10003328:	683b      	ldr	r3, [r7, #0]
1000332a:	009b      	lsls	r3, r3, #2
1000332c:	58e9      	ldr	r1, [r5, r3]
1000332e:	f382 8810 	msr	PRIMASK, r2
10003332:	4807      	ldr	r0, [pc, #28]	@ (10003350 <vTaskPlaceOnEventListRestricted+0xfc>)
10003334:	3108      	adds	r1, #8
10003336:	f7fe fec3 	bl	100020c0 <vListInsertEnd>
1000333a:	e7df      	b.n	100032fc <vTaskPlaceOnEventListRestricted+0xa8>
1000333c:	200007d8 	.word	0x200007d8
10003340:	20020b70 	.word	0x20020b70
10003344:	200007e4 	.word	0x200007e4
10003348:	20020b14 	.word	0x20020b14
1000334c:	200007ec 	.word	0x200007ec
10003350:	20020b48 	.word	0x20020b48

10003354 <xTaskRemoveFromEventList>:
10003354:	b5f8      	push	{r3, r4, r5, r6, r7, lr}
10003356:	68c3      	ldr	r3, [r0, #12]
10003358:	68dd      	ldr	r5, [r3, #12]
1000335a:	002c      	movs	r4, r5
1000335c:	341c      	adds	r4, #28
1000335e:	0020      	movs	r0, r4
10003360:	f7fe fed2 	bl	10002108 <uxListRemove>
10003364:	4b4a      	ldr	r3, [pc, #296]	@ (10003490 <xTaskRemoveFromEventList+0x13c>)
10003366:	681b      	ldr	r3, [r3, #0]
10003368:	2b00      	cmp	r3, #0
1000336a:	d128      	bne.n	100033be <xTaskRemoveFromEventList+0x6a>
1000336c:	3c14      	subs	r4, #20
1000336e:	0020      	movs	r0, r4
10003370:	f7fe feca 	bl	10002108 <uxListRemove>
10003374:	4a47      	ldr	r2, [pc, #284]	@ (10003494 <xTaskRemoveFromEventList+0x140>)
10003376:	6b2b      	ldr	r3, [r5, #48]	@ 0x30
10003378:	6811      	ldr	r1, [r2, #0]
1000337a:	428b      	cmp	r3, r1
1000337c:	d824      	bhi.n	100033c8 <xTaskRemoveFromEventList+0x74>
1000337e:	0098      	lsls	r0, r3, #2
10003380:	18c0      	adds	r0, r0, r3
10003382:	4b45      	ldr	r3, [pc, #276]	@ (10003498 <xTaskRemoveFromEventList+0x144>)
10003384:	0080      	lsls	r0, r0, #2
10003386:	0021      	movs	r1, r4
10003388:	18c0      	adds	r0, r0, r3
1000338a:	f7fe fe99 	bl	100020c0 <vListInsertEnd>
1000338e:	4c43      	ldr	r4, [pc, #268]	@ (1000349c <xTaskRemoveFromEventList+0x148>)
10003390:	6b2a      	ldr	r2, [r5, #48]	@ 0x30
10003392:	6827      	ldr	r7, [r4, #0]
10003394:	6821      	ldr	r1, [r4, #0]
10003396:	6823      	ldr	r3, [r4, #0]
10003398:	4e41      	ldr	r6, [pc, #260]	@ (100034a0 <xTaskRemoveFromEventList+0x14c>)
1000339a:	6b9b      	ldr	r3, [r3, #56]	@ 0x38
1000339c:	3a01      	subs	r2, #1
1000339e:	2b01      	cmp	r3, #1
100033a0:	d914      	bls.n	100033cc <xTaskRemoveFromEventList+0x78>
100033a2:	6861      	ldr	r1, [r4, #4]
100033a4:	6860      	ldr	r0, [r4, #4]
100033a6:	6863      	ldr	r3, [r4, #4]
100033a8:	6b9b      	ldr	r3, [r3, #56]	@ 0x38
100033aa:	2b01      	cmp	r3, #1
100033ac:	d924      	bls.n	100033f8 <xTaskRemoveFromEventList+0xa4>
100033ae:	23d0      	movs	r3, #208	@ 0xd0
100033b0:	061b      	lsls	r3, r3, #24
100033b2:	681b      	ldr	r3, [r3, #0]
100033b4:	009b      	lsls	r3, r3, #2
100033b6:	58f0      	ldr	r0, [r6, r3]
100033b8:	1e43      	subs	r3, r0, #1
100033ba:	4198      	sbcs	r0, r3
100033bc:	bdf8      	pop	{r3, r4, r5, r6, r7, pc}
100033be:	0021      	movs	r1, r4
100033c0:	4838      	ldr	r0, [pc, #224]	@ (100034a4 <xTaskRemoveFromEventList+0x150>)
100033c2:	f7fe fe7d 	bl	100020c0 <vListInsertEnd>
100033c6:	e7e2      	b.n	1000338e <xTaskRemoveFromEventList+0x3a>
100033c8:	6013      	str	r3, [r2, #0]
100033ca:	e7d8      	b.n	1000337e <xTaskRemoveFromEventList+0x2a>
100033cc:	6830      	ldr	r0, [r6, #0]
100033ce:	2800      	cmp	r0, #0
100033d0:	d1e7      	bne.n	100033a2 <xTaskRemoveFromEventList+0x4e>
100033d2:	6b3b      	ldr	r3, [r7, #48]	@ 0x30
100033d4:	6bc9      	ldr	r1, [r1, #60]	@ 0x3c
100033d6:	1a5b      	subs	r3, r3, r1
100033d8:	429a      	cmp	r2, r3
100033da:	dbe2      	blt.n	100033a2 <xTaskRemoveFromEventList+0x4e>
100033dc:	6869      	ldr	r1, [r5, #4]
100033de:	07cf      	lsls	r7, r1, #31
100033e0:	d5df      	bpl.n	100033a2 <xTaskRemoveFromEventList+0x4e>
100033e2:	6865      	ldr	r5, [r4, #4]
100033e4:	6867      	ldr	r7, [r4, #4]
100033e6:	6862      	ldr	r2, [r4, #4]
100033e8:	6b92      	ldr	r2, [r2, #56]	@ 0x38
100033ea:	2a01      	cmp	r2, #1
100033ec:	d943      	bls.n	10003476 <xTaskRemoveFromEventList+0x122>
100033ee:	23d0      	movs	r3, #208	@ 0xd0
100033f0:	061b      	lsls	r3, r3, #24
100033f2:	2700      	movs	r7, #0
100033f4:	681b      	ldr	r3, [r3, #0]
100033f6:	e014      	b.n	10003422 <xTaskRemoveFromEventList+0xce>
100033f8:	6873      	ldr	r3, [r6, #4]
100033fa:	2b00      	cmp	r3, #0
100033fc:	d1d7      	bne.n	100033ae <xTaskRemoveFromEventList+0x5a>
100033fe:	6b0b      	ldr	r3, [r1, #48]	@ 0x30
10003400:	6bc1      	ldr	r1, [r0, #60]	@ 0x3c
10003402:	1a5b      	subs	r3, r3, r1
10003404:	429a      	cmp	r2, r3
10003406:	dbd2      	blt.n	100033ae <xTaskRemoveFromEventList+0x5a>
10003408:	2201      	movs	r2, #1
1000340a:	6869      	ldr	r1, [r5, #4]
1000340c:	4252      	negs	r2, r2
1000340e:	2302      	movs	r3, #2
10003410:	000f      	movs	r7, r1
10003412:	401f      	ands	r7, r3
10003414:	4219      	tst	r1, r3
10003416:	d027      	beq.n	10003468 <xTaskRemoveFromEventList+0x114>
10003418:	23d0      	movs	r3, #208	@ 0xd0
1000341a:	2001      	movs	r0, #1
1000341c:	2701      	movs	r7, #1
1000341e:	061b      	lsls	r3, r3, #24
10003420:	681b      	ldr	r3, [r3, #0]
10003422:	f3ef 8205 	mrs	r2, IPSR
10003426:	b2d2      	uxtb	r2, r2
10003428:	2a00      	cmp	r2, #0
1000342a:	d010      	beq.n	1000344e <xTaskRemoveFromEventList+0xfa>
1000342c:	42bb      	cmp	r3, r7
1000342e:	d02b      	beq.n	10003488 <xTaskRemoveFromEventList+0x134>
10003430:	0085      	lsls	r5, r0, #2
10003432:	5962      	ldr	r2, [r4, r5]
10003434:	6b92      	ldr	r2, [r2, #56]	@ 0x38
10003436:	3202      	adds	r2, #2
10003438:	d0bc      	beq.n	100033b4 <xTaskRemoveFromEventList+0x60>
1000343a:	f7fe fbcb 	bl	10001bd4 <vYieldCore>
1000343e:	2202      	movs	r2, #2
10003440:	5963      	ldr	r3, [r4, r5]
10003442:	4252      	negs	r2, r2
10003444:	639a      	str	r2, [r3, #56]	@ 0x38
10003446:	23d0      	movs	r3, #208	@ 0xd0
10003448:	061b      	lsls	r3, r3, #24
1000344a:	681b      	ldr	r3, [r3, #0]
1000344c:	e7b2      	b.n	100033b4 <xTaskRemoveFromEventList+0x60>
1000344e:	0085      	lsls	r5, r0, #2
10003450:	5962      	ldr	r2, [r4, r5]
10003452:	6b92      	ldr	r2, [r2, #56]	@ 0x38
10003454:	3202      	adds	r2, #2
10003456:	d0ad      	beq.n	100033b4 <xTaskRemoveFromEventList+0x60>
10003458:	42bb      	cmp	r3, r7
1000345a:	d1ee      	bne.n	1000343a <xTaskRemoveFromEventList+0xe6>
1000345c:	2301      	movs	r3, #1
1000345e:	5173      	str	r3, [r6, r5]
10003460:	23d0      	movs	r3, #208	@ 0xd0
10003462:	061b      	lsls	r3, r3, #24
10003464:	681b      	ldr	r3, [r3, #0]
10003466:	e7a5      	b.n	100033b4 <xTaskRemoveFromEventList+0x60>
10003468:	23d0      	movs	r3, #208	@ 0xd0
1000346a:	061b      	lsls	r3, r3, #24
1000346c:	2000      	movs	r0, #0
1000346e:	681b      	ldr	r3, [r3, #0]
10003470:	2a01      	cmp	r2, #1
10003472:	d9d6      	bls.n	10003422 <xTaskRemoveFromEventList+0xce>
10003474:	e79e      	b.n	100033b4 <xTaskRemoveFromEventList+0x60>
10003476:	6872      	ldr	r2, [r6, #4]
10003478:	2a00      	cmp	r2, #0
1000347a:	d1b8      	bne.n	100033ee <xTaskRemoveFromEventList+0x9a>
1000347c:	6b2d      	ldr	r5, [r5, #48]	@ 0x30
1000347e:	6bff      	ldr	r7, [r7, #60]	@ 0x3c
10003480:	1bed      	subs	r5, r5, r7
10003482:	429d      	cmp	r5, r3
10003484:	ddc3      	ble.n	1000340e <xTaskRemoveFromEventList+0xba>
10003486:	e7b2      	b.n	100033ee <xTaskRemoveFromEventList+0x9a>
10003488:	2301      	movs	r3, #1
1000348a:	0080      	lsls	r0, r0, #2
1000348c:	5033      	str	r3, [r6, r0]
1000348e:	e78e      	b.n	100033ae <xTaskRemoveFromEventList+0x5a>
10003490:	20020a9c 	.word	0x20020a9c
10003494:	20020aa4 	.word	0x20020aa4
10003498:	200007f4 	.word	0x200007f4
1000349c:	200007d8 	.word	0x200007d8
100034a0:	20020b7c 	.word	0x20020b7c
100034a4:	20020b28 	.word	0x20020b28

100034a8 <vTaskInternalSetTimeOutState>:
100034a8:	4b03      	ldr	r3, [pc, #12]	@ (100034b8 <vTaskInternalSetTimeOutState+0x10>)
100034aa:	681b      	ldr	r3, [r3, #0]
100034ac:	6003      	str	r3, [r0, #0]
100034ae:	4b03      	ldr	r3, [pc, #12]	@ (100034bc <vTaskInternalSetTimeOutState+0x14>)
100034b0:	681b      	ldr	r3, [r3, #0]
100034b2:	6043      	str	r3, [r0, #4]
100034b4:	4770      	bx	lr
100034b6:	46c0      	nop			@ (mov r8, r8)
100034b8:	20020b18 	.word	0x20020b18
100034bc:	20020b70 	.word	0x20020b70

100034c0 <xTaskCheckForTimeOut>:
100034c0:	b5f0      	push	{r4, r5, r6, r7, lr}
100034c2:	46d6      	mov	lr, sl
100034c4:	464f      	mov	r7, r9
100034c6:	4646      	mov	r6, r8
100034c8:	0004      	movs	r4, r0
100034ca:	468a      	mov	sl, r1
100034cc:	b5c0      	push	{r6, r7, lr}
100034ce:	f3ef 8310 	mrs	r3, PRIMASK
100034d2:	b672      	cpsid	i
100034d4:	4f90      	ldr	r7, [pc, #576]	@ (10003718 <xTaskCheckForTimeOut+0x258>)
100034d6:	683b      	ldr	r3, [r7, #0]
100034d8:	2b00      	cmp	r3, #0
100034da:	d15b      	bne.n	10003594 <xTaskCheckForTimeOut+0xd4>
100034dc:	4d8f      	ldr	r5, [pc, #572]	@ (1000371c <xTaskCheckForTimeOut+0x25c>)
100034de:	4990      	ldr	r1, [pc, #576]	@ (10003720 <xTaskCheckForTimeOut+0x260>)
100034e0:	680b      	ldr	r3, [r1, #0]
100034e2:	469c      	mov	ip, r3
100034e4:	6863      	ldr	r3, [r4, #4]
100034e6:	4698      	mov	r8, r3
100034e8:	f3ef 8910 	mrs	r9, PRIMASK
100034ec:	b672      	cpsid	i
100034ee:	22d0      	movs	r2, #208	@ 0xd0
100034f0:	0612      	lsls	r2, r2, #24
100034f2:	6813      	ldr	r3, [r2, #0]
100034f4:	009b      	lsls	r3, r3, #2
100034f6:	58e8      	ldr	r0, [r5, r3]
100034f8:	f389 8810 	msr	PRIMASK, r9
100034fc:	237d      	movs	r3, #125	@ 0x7d
100034fe:	5cc0      	ldrb	r0, [r0, r3]
10003500:	2800      	cmp	r0, #0
10003502:	d037      	beq.n	10003574 <xTaskCheckForTimeOut+0xb4>
10003504:	f3ef 8110 	mrs	r1, PRIMASK
10003508:	b672      	cpsid	i
1000350a:	6812      	ldr	r2, [r2, #0]
1000350c:	0092      	lsls	r2, r2, #2
1000350e:	58aa      	ldr	r2, [r5, r2]
10003510:	f381 8810 	msr	PRIMASK, r1
10003514:	2100      	movs	r1, #0
10003516:	54d1      	strb	r1, [r2, r3]
10003518:	2401      	movs	r4, #1
1000351a:	683b      	ldr	r3, [r7, #0]
1000351c:	2b00      	cmp	r3, #0
1000351e:	d023      	beq.n	10003568 <xTaskCheckForTimeOut+0xa8>
10003520:	f3ef 8110 	mrs	r1, PRIMASK
10003524:	b672      	cpsid	i
10003526:	22d0      	movs	r2, #208	@ 0xd0
10003528:	0612      	lsls	r2, r2, #24
1000352a:	6813      	ldr	r3, [r2, #0]
1000352c:	009b      	lsls	r3, r3, #2
1000352e:	58eb      	ldr	r3, [r5, r3]
10003530:	f381 8810 	msr	PRIMASK, r1
10003534:	6d1b      	ldr	r3, [r3, #80]	@ 0x50
10003536:	2b00      	cmp	r3, #0
10003538:	d016      	beq.n	10003568 <xTaskCheckForTimeOut+0xa8>
1000353a:	f3ef 8010 	mrs	r0, PRIMASK
1000353e:	b672      	cpsid	i
10003540:	6813      	ldr	r3, [r2, #0]
10003542:	009b      	lsls	r3, r3, #2
10003544:	58e9      	ldr	r1, [r5, r3]
10003546:	f380 8810 	msr	PRIMASK, r0
1000354a:	6d0b      	ldr	r3, [r1, #80]	@ 0x50
1000354c:	3b01      	subs	r3, #1
1000354e:	650b      	str	r3, [r1, #80]	@ 0x50
10003550:	f3ef 8110 	mrs	r1, PRIMASK
10003554:	b672      	cpsid	i
10003556:	6813      	ldr	r3, [r2, #0]
10003558:	009a      	lsls	r2, r3, #2
1000355a:	58aa      	ldr	r2, [r5, r2]
1000355c:	f381 8810 	msr	PRIMASK, r1
10003560:	6d12      	ldr	r2, [r2, #80]	@ 0x50
10003562:	2a00      	cmp	r2, #0
10003564:	d100      	bne.n	10003568 <xTaskCheckForTimeOut+0xa8>
10003566:	e06e      	b.n	10003646 <xTaskCheckForTimeOut+0x186>
10003568:	0020      	movs	r0, r4
1000356a:	bce0      	pop	{r5, r6, r7}
1000356c:	46ba      	mov	sl, r7
1000356e:	46b1      	mov	r9, r6
10003570:	46a8      	mov	r8, r5
10003572:	bdf0      	pop	{r4, r5, r6, r7, pc}
10003574:	4653      	mov	r3, sl
10003576:	681b      	ldr	r3, [r3, #0]
10003578:	1c5a      	adds	r2, r3, #1
1000357a:	d062      	beq.n	10003642 <xTaskCheckForTimeOut+0x182>
1000357c:	4a69      	ldr	r2, [pc, #420]	@ (10003724 <xTaskCheckForTimeOut+0x264>)
1000357e:	6826      	ldr	r6, [r4, #0]
10003580:	6810      	ldr	r0, [r2, #0]
10003582:	4286      	cmp	r6, r0
10003584:	d04f      	beq.n	10003626 <xTaskCheckForTimeOut+0x166>
10003586:	6860      	ldr	r0, [r4, #4]
10003588:	4560      	cmp	r0, ip
1000358a:	d84c      	bhi.n	10003626 <xTaskCheckForTimeOut+0x166>
1000358c:	2300      	movs	r3, #0
1000358e:	4652      	mov	r2, sl
10003590:	6013      	str	r3, [r2, #0]
10003592:	e7c1      	b.n	10003518 <xTaskCheckForTimeOut+0x58>
10003594:	f3ef 8110 	mrs	r1, PRIMASK
10003598:	b672      	cpsid	i
1000359a:	23d0      	movs	r3, #208	@ 0xd0
1000359c:	061b      	lsls	r3, r3, #24
1000359e:	681b      	ldr	r3, [r3, #0]
100035a0:	4d5e      	ldr	r5, [pc, #376]	@ (1000371c <xTaskCheckForTimeOut+0x25c>)
100035a2:	009a      	lsls	r2, r3, #2
100035a4:	58aa      	ldr	r2, [r5, r2]
100035a6:	f381 8810 	msr	PRIMASK, r1
100035aa:	6d12      	ldr	r2, [r2, #80]	@ 0x50
100035ac:	2a00      	cmp	r2, #0
100035ae:	d113      	bne.n	100035d8 <xTaskCheckForTimeOut+0x118>
100035b0:	f3ef 8205 	mrs	r2, IPSR
100035b4:	b2d2      	uxtb	r2, r2
100035b6:	2a00      	cmp	r2, #0
100035b8:	d100      	bne.n	100035bc <xTaskCheckForTimeOut+0xfc>
100035ba:	e080      	b.n	100036be <xTaskCheckForTimeOut+0x1fe>
100035bc:	495a      	ldr	r1, [pc, #360]	@ (10003728 <xTaskCheckForTimeOut+0x268>)
100035be:	4a5b      	ldr	r2, [pc, #364]	@ (1000372c <xTaskCheckForTimeOut+0x26c>)
100035c0:	485b      	ldr	r0, [pc, #364]	@ (10003730 <xTaskCheckForTimeOut+0x270>)
100035c2:	6806      	ldr	r6, [r0, #0]
100035c4:	2e00      	cmp	r6, #0
100035c6:	d100      	bne.n	100035ca <xTaskCheckForTimeOut+0x10a>
100035c8:	e08d      	b.n	100036e6 <xTaskCheckForTimeOut+0x226>
100035ca:	f3bf 8f5f 	dmb	sy
100035ce:	2001      	movs	r0, #1
100035d0:	7010      	strb	r0, [r2, #0]
100035d2:	5cca      	ldrb	r2, [r1, r3]
100035d4:	4302      	orrs	r2, r0
100035d6:	54ca      	strb	r2, [r1, r3]
100035d8:	f3ef 8010 	mrs	r0, PRIMASK
100035dc:	b672      	cpsid	i
100035de:	21d0      	movs	r1, #208	@ 0xd0
100035e0:	0609      	lsls	r1, r1, #24
100035e2:	680b      	ldr	r3, [r1, #0]
100035e4:	009b      	lsls	r3, r3, #2
100035e6:	58ea      	ldr	r2, [r5, r3]
100035e8:	f380 8810 	msr	PRIMASK, r0
100035ec:	6d13      	ldr	r3, [r2, #80]	@ 0x50
100035ee:	3301      	adds	r3, #1
100035f0:	6513      	str	r3, [r2, #80]	@ 0x50
100035f2:	4b50      	ldr	r3, [pc, #320]	@ (10003734 <xTaskCheckForTimeOut+0x274>)
100035f4:	681b      	ldr	r3, [r3, #0]
100035f6:	2b00      	cmp	r3, #0
100035f8:	d000      	beq.n	100035fc <xTaskCheckForTimeOut+0x13c>
100035fa:	e770      	b.n	100034de <xTaskCheckForTimeOut+0x1e>
100035fc:	f3ef 8210 	mrs	r2, PRIMASK
10003600:	b672      	cpsid	i
10003602:	680b      	ldr	r3, [r1, #0]
10003604:	009b      	lsls	r3, r3, #2
10003606:	58eb      	ldr	r3, [r5, r3]
10003608:	f382 8810 	msr	PRIMASK, r2
1000360c:	6d1b      	ldr	r3, [r3, #80]	@ 0x50
1000360e:	2b01      	cmp	r3, #1
10003610:	d000      	beq.n	10003614 <xTaskCheckForTimeOut+0x154>
10003612:	e764      	b.n	100034de <xTaskCheckForTimeOut+0x1e>
10003614:	f3ef 8305 	mrs	r3, IPSR
10003618:	b2db      	uxtb	r3, r3
1000361a:	2b00      	cmp	r3, #0
1000361c:	d000      	beq.n	10003620 <xTaskCheckForTimeOut+0x160>
1000361e:	e75e      	b.n	100034de <xTaskCheckForTimeOut+0x1e>
10003620:	f7ff f99c 	bl	1000295c <prvCheckForRunStateChange.part.0>
10003624:	e75b      	b.n	100034de <xTaskCheckForTimeOut+0x1e>
10003626:	4660      	mov	r0, ip
10003628:	4646      	mov	r6, r8
1000362a:	1b80      	subs	r0, r0, r6
1000362c:	4283      	cmp	r3, r0
1000362e:	d9ad      	bls.n	1000358c <xTaskCheckForTimeOut+0xcc>
10003630:	4660      	mov	r0, ip
10003632:	1a1b      	subs	r3, r3, r0
10003634:	4650      	mov	r0, sl
10003636:	4443      	add	r3, r8
10003638:	6003      	str	r3, [r0, #0]
1000363a:	6813      	ldr	r3, [r2, #0]
1000363c:	6023      	str	r3, [r4, #0]
1000363e:	680b      	ldr	r3, [r1, #0]
10003640:	6063      	str	r3, [r4, #4]
10003642:	2400      	movs	r4, #0
10003644:	e769      	b.n	1000351a <xTaskCheckForTimeOut+0x5a>
10003646:	4a39      	ldr	r2, [pc, #228]	@ (1000372c <xTaskCheckForTimeOut+0x26c>)
10003648:	7811      	ldrb	r1, [r2, #0]
1000364a:	3901      	subs	r1, #1
1000364c:	b2c9      	uxtb	r1, r1
1000364e:	7011      	strb	r1, [r2, #0]
10003650:	2900      	cmp	r1, #0
10003652:	d108      	bne.n	10003666 <xTaskCheckForTimeOut+0x1a6>
10003654:	2001      	movs	r0, #1
10003656:	4d34      	ldr	r5, [pc, #208]	@ (10003728 <xTaskCheckForTimeOut+0x268>)
10003658:	5ce9      	ldrb	r1, [r5, r3]
1000365a:	4381      	bics	r1, r0
1000365c:	54e9      	strb	r1, [r5, r3]
1000365e:	f3bf 8f5f 	dmb	sy
10003662:	4b33      	ldr	r3, [pc, #204]	@ (10003730 <xTaskCheckForTimeOut+0x270>)
10003664:	6018      	str	r0, [r3, #0]
10003666:	f3ef 8305 	mrs	r3, IPSR
1000366a:	b2db      	uxtb	r3, r3
1000366c:	2b00      	cmp	r3, #0
1000366e:	d000      	beq.n	10003672 <xTaskCheckForTimeOut+0x1b2>
10003670:	e77a      	b.n	10003568 <xTaskCheckForTimeOut+0xa8>
10003672:	23d0      	movs	r3, #208	@ 0xd0
10003674:	061b      	lsls	r3, r3, #24
10003676:	6819      	ldr	r1, [r3, #0]
10003678:	7853      	ldrb	r3, [r2, #1]
1000367a:	3b01      	subs	r3, #1
1000367c:	b2db      	uxtb	r3, r3
1000367e:	7053      	strb	r3, [r2, #1]
10003680:	2b00      	cmp	r3, #0
10003682:	d109      	bne.n	10003698 <xTaskCheckForTimeOut+0x1d8>
10003684:	2002      	movs	r0, #2
10003686:	4a28      	ldr	r2, [pc, #160]	@ (10003728 <xTaskCheckForTimeOut+0x268>)
10003688:	5c53      	ldrb	r3, [r2, r1]
1000368a:	4383      	bics	r3, r0
1000368c:	5453      	strb	r3, [r2, r1]
1000368e:	f3bf 8f5f 	dmb	sy
10003692:	2201      	movs	r2, #1
10003694:	4b28      	ldr	r3, [pc, #160]	@ (10003738 <xTaskCheckForTimeOut+0x278>)
10003696:	601a      	str	r2, [r3, #0]
10003698:	f7fe fa84 	bl	10001ba4 <vPortEnableInterrupts>
1000369c:	f3ef 8110 	mrs	r1, PRIMASK
100036a0:	b672      	cpsid	i
100036a2:	23d0      	movs	r3, #208	@ 0xd0
100036a4:	061b      	lsls	r3, r3, #24
100036a6:	681a      	ldr	r2, [r3, #0]
100036a8:	4b24      	ldr	r3, [pc, #144]	@ (1000373c <xTaskCheckForTimeOut+0x27c>)
100036aa:	0092      	lsls	r2, r2, #2
100036ac:	58d3      	ldr	r3, [r2, r3]
100036ae:	f381 8810 	msr	PRIMASK, r1
100036b2:	2b00      	cmp	r3, #0
100036b4:	d100      	bne.n	100036b8 <xTaskCheckForTimeOut+0x1f8>
100036b6:	e757      	b.n	10003568 <xTaskCheckForTimeOut+0xa8>
100036b8:	f7fe fa68 	bl	10001b8c <vPortYield>
100036bc:	e754      	b.n	10003568 <xTaskCheckForTimeOut+0xa8>
100036be:	4a1e      	ldr	r2, [pc, #120]	@ (10003738 <xTaskCheckForTimeOut+0x278>)
100036c0:	6811      	ldr	r1, [r2, #0]
100036c2:	2900      	cmp	r1, #0
100036c4:	d01b      	beq.n	100036fe <xTaskCheckForTimeOut+0x23e>
100036c6:	4918      	ldr	r1, [pc, #96]	@ (10003728 <xTaskCheckForTimeOut+0x268>)
100036c8:	f3bf 8f5f 	dmb	sy
100036cc:	2602      	movs	r6, #2
100036ce:	46b4      	mov	ip, r6
100036d0:	2001      	movs	r0, #1
100036d2:	4666      	mov	r6, ip
100036d4:	4a15      	ldr	r2, [pc, #84]	@ (1000372c <xTaskCheckForTimeOut+0x26c>)
100036d6:	7050      	strb	r0, [r2, #1]
100036d8:	5cc8      	ldrb	r0, [r1, r3]
100036da:	4330      	orrs	r0, r6
100036dc:	54c8      	strb	r0, [r1, r3]
100036de:	23d0      	movs	r3, #208	@ 0xd0
100036e0:	061b      	lsls	r3, r3, #24
100036e2:	681b      	ldr	r3, [r3, #0]
100036e4:	e76c      	b.n	100035c0 <xTaskCheckForTimeOut+0x100>
100036e6:	5cce      	ldrb	r6, [r1, r3]
100036e8:	07f6      	lsls	r6, r6, #31
100036ea:	d404      	bmi.n	100036f6 <xTaskCheckForTimeOut+0x236>
100036ec:	6806      	ldr	r6, [r0, #0]
100036ee:	2e00      	cmp	r6, #0
100036f0:	d000      	beq.n	100036f4 <xTaskCheckForTimeOut+0x234>
100036f2:	e76a      	b.n	100035ca <xTaskCheckForTimeOut+0x10a>
100036f4:	e7fa      	b.n	100036ec <xTaskCheckForTimeOut+0x22c>
100036f6:	7813      	ldrb	r3, [r2, #0]
100036f8:	3301      	adds	r3, #1
100036fa:	7013      	strb	r3, [r2, #0]
100036fc:	e76c      	b.n	100035d8 <xTaskCheckForTimeOut+0x118>
100036fe:	490a      	ldr	r1, [pc, #40]	@ (10003728 <xTaskCheckForTimeOut+0x268>)
10003700:	5cc8      	ldrb	r0, [r1, r3]
10003702:	0780      	lsls	r0, r0, #30
10003704:	d403      	bmi.n	1000370e <xTaskCheckForTimeOut+0x24e>
10003706:	6810      	ldr	r0, [r2, #0]
10003708:	2800      	cmp	r0, #0
1000370a:	d1dd      	bne.n	100036c8 <xTaskCheckForTimeOut+0x208>
1000370c:	e7fb      	b.n	10003706 <xTaskCheckForTimeOut+0x246>
1000370e:	4a07      	ldr	r2, [pc, #28]	@ (1000372c <xTaskCheckForTimeOut+0x26c>)
10003710:	7850      	ldrb	r0, [r2, #1]
10003712:	3001      	adds	r0, #1
10003714:	7050      	strb	r0, [r2, #1]
10003716:	e753      	b.n	100035c0 <xTaskCheckForTimeOut+0x100>
10003718:	20020b3c 	.word	0x20020b3c
1000371c:	200007d8 	.word	0x200007d8
10003720:	20020b70 	.word	0x20020b70
10003724:	20020b18 	.word	0x20020b18
10003728:	20020a84 	.word	0x20020a84
1000372c:	20020a88 	.word	0x20020a88
10003730:	d0000138 	.word	0xd0000138
10003734:	20020a9c 	.word	0x20020a9c
10003738:	d000013c 	.word	0xd000013c
1000373c:	20020b7c 	.word	0x20020b7c

10003740 <vTaskMissedYield>:
10003740:	23d0      	movs	r3, #208	@ 0xd0
10003742:	2101      	movs	r1, #1
10003744:	061b      	lsls	r3, r3, #24
10003746:	681a      	ldr	r2, [r3, #0]
10003748:	4b01      	ldr	r3, [pc, #4]	@ (10003750 <vTaskMissedYield+0x10>)
1000374a:	0092      	lsls	r2, r2, #2
1000374c:	50d1      	str	r1, [r2, r3]
1000374e:	4770      	bx	lr
10003750:	20020b7c 	.word	0x20020b7c

10003754 <xTaskGetCurrentTaskHandle>:
10003754:	f3ef 8110 	mrs	r1, PRIMASK
10003758:	b672      	cpsid	i
1000375a:	23d0      	movs	r3, #208	@ 0xd0
1000375c:	061b      	lsls	r3, r3, #24
1000375e:	681a      	ldr	r2, [r3, #0]
10003760:	4b02      	ldr	r3, [pc, #8]	@ (1000376c <xTaskGetCurrentTaskHandle+0x18>)
10003762:	0092      	lsls	r2, r2, #2
10003764:	58d0      	ldr	r0, [r2, r3]
10003766:	f381 8810 	msr	PRIMASK, r1
1000376a:	4770      	bx	lr
1000376c:	200007d8 	.word	0x200007d8

10003770 <xTaskGetSchedulerState>:
10003770:	b570      	push	{r4, r5, r6, lr}
10003772:	4d74      	ldr	r5, [pc, #464]	@ (10003944 <xTaskGetSchedulerState+0x1d4>)
10003774:	2401      	movs	r4, #1
10003776:	682b      	ldr	r3, [r5, #0]
10003778:	2b00      	cmp	r3, #0
1000377a:	d101      	bne.n	10003780 <xTaskGetSchedulerState+0x10>
1000377c:	0020      	movs	r0, r4
1000377e:	bd70      	pop	{r4, r5, r6, pc}
10003780:	f3ef 8310 	mrs	r3, PRIMASK
10003784:	b672      	cpsid	i
10003786:	682b      	ldr	r3, [r5, #0]
10003788:	2b00      	cmp	r3, #0
1000378a:	d045      	beq.n	10003818 <xTaskGetSchedulerState+0xa8>
1000378c:	f3ef 8010 	mrs	r0, PRIMASK
10003790:	b672      	cpsid	i
10003792:	23d0      	movs	r3, #208	@ 0xd0
10003794:	061b      	lsls	r3, r3, #24
10003796:	681b      	ldr	r3, [r3, #0]
10003798:	4a6b      	ldr	r2, [pc, #428]	@ (10003948 <xTaskGetSchedulerState+0x1d8>)
1000379a:	0099      	lsls	r1, r3, #2
1000379c:	5851      	ldr	r1, [r2, r1]
1000379e:	f380 8810 	msr	PRIMASK, r0
100037a2:	6d09      	ldr	r1, [r1, #80]	@ 0x50
100037a4:	2900      	cmp	r1, #0
100037a6:	d113      	bne.n	100037d0 <xTaskGetSchedulerState+0x60>
100037a8:	f3ef 8105 	mrs	r1, IPSR
100037ac:	b2c9      	uxtb	r1, r1
100037ae:	2900      	cmp	r1, #0
100037b0:	d100      	bne.n	100037b4 <xTaskGetSchedulerState+0x44>
100037b2:	e09b      	b.n	100038ec <xTaskGetSchedulerState+0x17c>
100037b4:	4865      	ldr	r0, [pc, #404]	@ (1000394c <xTaskGetSchedulerState+0x1dc>)
100037b6:	4966      	ldr	r1, [pc, #408]	@ (10003950 <xTaskGetSchedulerState+0x1e0>)
100037b8:	4c66      	ldr	r4, [pc, #408]	@ (10003954 <xTaskGetSchedulerState+0x1e4>)
100037ba:	6826      	ldr	r6, [r4, #0]
100037bc:	2e00      	cmp	r6, #0
100037be:	d100      	bne.n	100037c2 <xTaskGetSchedulerState+0x52>
100037c0:	e0a6      	b.n	10003910 <xTaskGetSchedulerState+0x1a0>
100037c2:	f3bf 8f5f 	dmb	sy
100037c6:	2401      	movs	r4, #1
100037c8:	700c      	strb	r4, [r1, #0]
100037ca:	5cc1      	ldrb	r1, [r0, r3]
100037cc:	4321      	orrs	r1, r4
100037ce:	54c1      	strb	r1, [r0, r3]
100037d0:	f3ef 8410 	mrs	r4, PRIMASK
100037d4:	b672      	cpsid	i
100037d6:	20d0      	movs	r0, #208	@ 0xd0
100037d8:	0600      	lsls	r0, r0, #24
100037da:	6803      	ldr	r3, [r0, #0]
100037dc:	009b      	lsls	r3, r3, #2
100037de:	58d1      	ldr	r1, [r2, r3]
100037e0:	f384 8810 	msr	PRIMASK, r4
100037e4:	6d0b      	ldr	r3, [r1, #80]	@ 0x50
100037e6:	4c5c      	ldr	r4, [pc, #368]	@ (10003958 <xTaskGetSchedulerState+0x1e8>)
100037e8:	3301      	adds	r3, #1
100037ea:	650b      	str	r3, [r1, #80]	@ 0x50
100037ec:	6823      	ldr	r3, [r4, #0]
100037ee:	2b00      	cmp	r3, #0
100037f0:	d113      	bne.n	1000381a <xTaskGetSchedulerState+0xaa>
100037f2:	f3ef 8110 	mrs	r1, PRIMASK
100037f6:	b672      	cpsid	i
100037f8:	6803      	ldr	r3, [r0, #0]
100037fa:	009b      	lsls	r3, r3, #2
100037fc:	58d3      	ldr	r3, [r2, r3]
100037fe:	f381 8810 	msr	PRIMASK, r1
10003802:	6d1b      	ldr	r3, [r3, #80]	@ 0x50
10003804:	2b01      	cmp	r3, #1
10003806:	d108      	bne.n	1000381a <xTaskGetSchedulerState+0xaa>
10003808:	f3ef 8305 	mrs	r3, IPSR
1000380c:	b2db      	uxtb	r3, r3
1000380e:	2b00      	cmp	r3, #0
10003810:	d103      	bne.n	1000381a <xTaskGetSchedulerState+0xaa>
10003812:	f7ff f8a3 	bl	1000295c <prvCheckForRunStateChange.part.0>
10003816:	e000      	b.n	1000381a <xTaskGetSchedulerState+0xaa>
10003818:	4c4f      	ldr	r4, [pc, #316]	@ (10003958 <xTaskGetSchedulerState+0x1e8>)
1000381a:	6824      	ldr	r4, [r4, #0]
1000381c:	4263      	negs	r3, r4
1000381e:	415c      	adcs	r4, r3
10003820:	682b      	ldr	r3, [r5, #0]
10003822:	0064      	lsls	r4, r4, #1
10003824:	2b00      	cmp	r3, #0
10003826:	d0a9      	beq.n	1000377c <xTaskGetSchedulerState+0xc>
10003828:	f3ef 8010 	mrs	r0, PRIMASK
1000382c:	b672      	cpsid	i
1000382e:	21d0      	movs	r1, #208	@ 0xd0
10003830:	0609      	lsls	r1, r1, #24
10003832:	680b      	ldr	r3, [r1, #0]
10003834:	4a44      	ldr	r2, [pc, #272]	@ (10003948 <xTaskGetSchedulerState+0x1d8>)
10003836:	009b      	lsls	r3, r3, #2
10003838:	589b      	ldr	r3, [r3, r2]
1000383a:	f380 8810 	msr	PRIMASK, r0
1000383e:	6d1b      	ldr	r3, [r3, #80]	@ 0x50
10003840:	2b00      	cmp	r3, #0
10003842:	d100      	bne.n	10003846 <xTaskGetSchedulerState+0xd6>
10003844:	e79a      	b.n	1000377c <xTaskGetSchedulerState+0xc>
10003846:	f3ef 8510 	mrs	r5, PRIMASK
1000384a:	b672      	cpsid	i
1000384c:	680b      	ldr	r3, [r1, #0]
1000384e:	009b      	lsls	r3, r3, #2
10003850:	5898      	ldr	r0, [r3, r2]
10003852:	f385 8810 	msr	PRIMASK, r5
10003856:	6d03      	ldr	r3, [r0, #80]	@ 0x50
10003858:	3b01      	subs	r3, #1
1000385a:	6503      	str	r3, [r0, #80]	@ 0x50
1000385c:	f3ef 8010 	mrs	r0, PRIMASK
10003860:	b672      	cpsid	i
10003862:	680b      	ldr	r3, [r1, #0]
10003864:	0099      	lsls	r1, r3, #2
10003866:	588a      	ldr	r2, [r1, r2]
10003868:	f380 8810 	msr	PRIMASK, r0
1000386c:	6d12      	ldr	r2, [r2, #80]	@ 0x50
1000386e:	2a00      	cmp	r2, #0
10003870:	d000      	beq.n	10003874 <xTaskGetSchedulerState+0x104>
10003872:	e783      	b.n	1000377c <xTaskGetSchedulerState+0xc>
10003874:	4936      	ldr	r1, [pc, #216]	@ (10003950 <xTaskGetSchedulerState+0x1e0>)
10003876:	780a      	ldrb	r2, [r1, #0]
10003878:	3a01      	subs	r2, #1
1000387a:	b2d2      	uxtb	r2, r2
1000387c:	700a      	strb	r2, [r1, #0]
1000387e:	2a00      	cmp	r2, #0
10003880:	d108      	bne.n	10003894 <xTaskGetSchedulerState+0x124>
10003882:	2001      	movs	r0, #1
10003884:	4d31      	ldr	r5, [pc, #196]	@ (1000394c <xTaskGetSchedulerState+0x1dc>)
10003886:	5cea      	ldrb	r2, [r5, r3]
10003888:	4382      	bics	r2, r0
1000388a:	54ea      	strb	r2, [r5, r3]
1000388c:	f3bf 8f5f 	dmb	sy
10003890:	4b30      	ldr	r3, [pc, #192]	@ (10003954 <xTaskGetSchedulerState+0x1e4>)
10003892:	6018      	str	r0, [r3, #0]
10003894:	f3ef 8305 	mrs	r3, IPSR
10003898:	b2db      	uxtb	r3, r3
1000389a:	2b00      	cmp	r3, #0
1000389c:	d000      	beq.n	100038a0 <xTaskGetSchedulerState+0x130>
1000389e:	e76d      	b.n	1000377c <xTaskGetSchedulerState+0xc>
100038a0:	23d0      	movs	r3, #208	@ 0xd0
100038a2:	061b      	lsls	r3, r3, #24
100038a4:	681a      	ldr	r2, [r3, #0]
100038a6:	784b      	ldrb	r3, [r1, #1]
100038a8:	3b01      	subs	r3, #1
100038aa:	b2db      	uxtb	r3, r3
100038ac:	704b      	strb	r3, [r1, #1]
100038ae:	2b00      	cmp	r3, #0
100038b0:	d109      	bne.n	100038c6 <xTaskGetSchedulerState+0x156>
100038b2:	2002      	movs	r0, #2
100038b4:	4925      	ldr	r1, [pc, #148]	@ (1000394c <xTaskGetSchedulerState+0x1dc>)
100038b6:	5c8b      	ldrb	r3, [r1, r2]
100038b8:	4383      	bics	r3, r0
100038ba:	548b      	strb	r3, [r1, r2]
100038bc:	f3bf 8f5f 	dmb	sy
100038c0:	2201      	movs	r2, #1
100038c2:	4b26      	ldr	r3, [pc, #152]	@ (1000395c <xTaskGetSchedulerState+0x1ec>)
100038c4:	601a      	str	r2, [r3, #0]
100038c6:	f7fe f96d 	bl	10001ba4 <vPortEnableInterrupts>
100038ca:	f3ef 8110 	mrs	r1, PRIMASK
100038ce:	b672      	cpsid	i
100038d0:	23d0      	movs	r3, #208	@ 0xd0
100038d2:	061b      	lsls	r3, r3, #24
100038d4:	681a      	ldr	r2, [r3, #0]
100038d6:	4b22      	ldr	r3, [pc, #136]	@ (10003960 <xTaskGetSchedulerState+0x1f0>)
100038d8:	0092      	lsls	r2, r2, #2
100038da:	58d3      	ldr	r3, [r2, r3]
100038dc:	f381 8810 	msr	PRIMASK, r1
100038e0:	2b00      	cmp	r3, #0
100038e2:	d100      	bne.n	100038e6 <xTaskGetSchedulerState+0x176>
100038e4:	e74a      	b.n	1000377c <xTaskGetSchedulerState+0xc>
100038e6:	f7fe f951 	bl	10001b8c <vPortYield>
100038ea:	e747      	b.n	1000377c <xTaskGetSchedulerState+0xc>
100038ec:	491b      	ldr	r1, [pc, #108]	@ (1000395c <xTaskGetSchedulerState+0x1ec>)
100038ee:	6808      	ldr	r0, [r1, #0]
100038f0:	2800      	cmp	r0, #0
100038f2:	d019      	beq.n	10003928 <xTaskGetSchedulerState+0x1b8>
100038f4:	4815      	ldr	r0, [pc, #84]	@ (1000394c <xTaskGetSchedulerState+0x1dc>)
100038f6:	f3bf 8f5f 	dmb	sy
100038fa:	2401      	movs	r4, #1
100038fc:	2602      	movs	r6, #2
100038fe:	4914      	ldr	r1, [pc, #80]	@ (10003950 <xTaskGetSchedulerState+0x1e0>)
10003900:	704c      	strb	r4, [r1, #1]
10003902:	5cc4      	ldrb	r4, [r0, r3]
10003904:	4334      	orrs	r4, r6
10003906:	54c4      	strb	r4, [r0, r3]
10003908:	23d0      	movs	r3, #208	@ 0xd0
1000390a:	061b      	lsls	r3, r3, #24
1000390c:	681b      	ldr	r3, [r3, #0]
1000390e:	e753      	b.n	100037b8 <xTaskGetSchedulerState+0x48>
10003910:	5cc6      	ldrb	r6, [r0, r3]
10003912:	07f6      	lsls	r6, r6, #31
10003914:	d404      	bmi.n	10003920 <xTaskGetSchedulerState+0x1b0>
10003916:	6826      	ldr	r6, [r4, #0]
10003918:	2e00      	cmp	r6, #0
1000391a:	d000      	beq.n	1000391e <xTaskGetSchedulerState+0x1ae>
1000391c:	e751      	b.n	100037c2 <xTaskGetSchedulerState+0x52>
1000391e:	e7fa      	b.n	10003916 <xTaskGetSchedulerState+0x1a6>
10003920:	780b      	ldrb	r3, [r1, #0]
10003922:	3301      	adds	r3, #1
10003924:	700b      	strb	r3, [r1, #0]
10003926:	e753      	b.n	100037d0 <xTaskGetSchedulerState+0x60>
10003928:	4808      	ldr	r0, [pc, #32]	@ (1000394c <xTaskGetSchedulerState+0x1dc>)
1000392a:	5cc4      	ldrb	r4, [r0, r3]
1000392c:	07a4      	lsls	r4, r4, #30
1000392e:	d403      	bmi.n	10003938 <xTaskGetSchedulerState+0x1c8>
10003930:	680c      	ldr	r4, [r1, #0]
10003932:	2c00      	cmp	r4, #0
10003934:	d1df      	bne.n	100038f6 <xTaskGetSchedulerState+0x186>
10003936:	e7fb      	b.n	10003930 <xTaskGetSchedulerState+0x1c0>
10003938:	4905      	ldr	r1, [pc, #20]	@ (10003950 <xTaskGetSchedulerState+0x1e0>)
1000393a:	784c      	ldrb	r4, [r1, #1]
1000393c:	3401      	adds	r4, #1
1000393e:	704c      	strb	r4, [r1, #1]
10003940:	e73a      	b.n	100037b8 <xTaskGetSchedulerState+0x48>
10003942:	46c0      	nop			@ (mov r8, r8)
10003944:	20020b3c 	.word	0x20020b3c
10003948:	200007d8 	.word	0x200007d8
1000394c:	20020a84 	.word	0x20020a84
10003950:	20020a88 	.word	0x20020a88
10003954:	d0000138 	.word	0xd0000138
10003958:	20020a9c 	.word	0x20020a9c
1000395c:	d000013c 	.word	0xd000013c
10003960:	20020b7c 	.word	0x20020b7c

10003964 <xTaskPriorityDisinherit>:
10003964:	b570      	push	{r4, r5, r6, lr}
10003966:	1e04      	subs	r4, r0, #0
10003968:	d008      	beq.n	1000397c <xTaskPriorityDisinherit+0x18>
1000396a:	6e03      	ldr	r3, [r0, #96]	@ 0x60
1000396c:	6b01      	ldr	r1, [r0, #48]	@ 0x30
1000396e:	6dc2      	ldr	r2, [r0, #92]	@ 0x5c
10003970:	3b01      	subs	r3, #1
10003972:	6603      	str	r3, [r0, #96]	@ 0x60
10003974:	4291      	cmp	r1, r2
10003976:	d001      	beq.n	1000397c <xTaskPriorityDisinherit+0x18>
10003978:	2b00      	cmp	r3, #0
1000397a:	d001      	beq.n	10003980 <xTaskPriorityDisinherit+0x1c>
1000397c:	2000      	movs	r0, #0
1000397e:	bd70      	pop	{r4, r5, r6, pc}
10003980:	0005      	movs	r5, r0
10003982:	3508      	adds	r5, #8
10003984:	0028      	movs	r0, r5
10003986:	f7fe fbbf 	bl	10002108 <uxListRemove>
1000398a:	2220      	movs	r2, #32
1000398c:	6de3      	ldr	r3, [r4, #92]	@ 0x5c
1000398e:	1ad2      	subs	r2, r2, r3
10003990:	61e2      	str	r2, [r4, #28]
10003992:	4a08      	ldr	r2, [pc, #32]	@ (100039b4 <xTaskPriorityDisinherit+0x50>)
10003994:	6323      	str	r3, [r4, #48]	@ 0x30
10003996:	6811      	ldr	r1, [r2, #0]
10003998:	428b      	cmp	r3, r1
1000399a:	d900      	bls.n	1000399e <xTaskPriorityDisinherit+0x3a>
1000399c:	6013      	str	r3, [r2, #0]
1000399e:	0098      	lsls	r0, r3, #2
100039a0:	18c0      	adds	r0, r0, r3
100039a2:	4b05      	ldr	r3, [pc, #20]	@ (100039b8 <xTaskPriorityDisinherit+0x54>)
100039a4:	0080      	lsls	r0, r0, #2
100039a6:	18c0      	adds	r0, r0, r3
100039a8:	0029      	movs	r1, r5
100039aa:	f7fe fb89 	bl	100020c0 <vListInsertEnd>
100039ae:	2001      	movs	r0, #1
100039b0:	e7e5      	b.n	1000397e <xTaskPriorityDisinherit+0x1a>
100039b2:	46c0      	nop			@ (mov r8, r8)
100039b4:	20020aa4 	.word	0x20020aa4
100039b8:	200007f4 	.word	0x200007f4

100039bc <vTaskYieldWithinAPI>:
100039bc:	b510      	push	{r4, lr}
100039be:	f3ef 8110 	mrs	r1, PRIMASK
100039c2:	b672      	cpsid	i
100039c4:	23d0      	movs	r3, #208	@ 0xd0
100039c6:	061b      	lsls	r3, r3, #24
100039c8:	681b      	ldr	r3, [r3, #0]
100039ca:	4a07      	ldr	r2, [pc, #28]	@ (100039e8 <vTaskYieldWithinAPI+0x2c>)
100039cc:	009b      	lsls	r3, r3, #2
100039ce:	589a      	ldr	r2, [r3, r2]
100039d0:	f381 8810 	msr	PRIMASK, r1
100039d4:	6d12      	ldr	r2, [r2, #80]	@ 0x50
100039d6:	2a00      	cmp	r2, #0
100039d8:	d003      	beq.n	100039e2 <vTaskYieldWithinAPI+0x26>
100039da:	2101      	movs	r1, #1
100039dc:	4a03      	ldr	r2, [pc, #12]	@ (100039ec <vTaskYieldWithinAPI+0x30>)
100039de:	5099      	str	r1, [r3, r2]
100039e0:	bd10      	pop	{r4, pc}
100039e2:	f7fe f8d3 	bl	10001b8c <vPortYield>
100039e6:	e7fb      	b.n	100039e0 <vTaskYieldWithinAPI+0x24>
100039e8:	200007d8 	.word	0x200007d8
100039ec:	20020b7c 	.word	0x20020b7c

100039f0 <vTaskEnterCritical>:
100039f0:	b570      	push	{r4, r5, r6, lr}
100039f2:	f3ef 8310 	mrs	r3, PRIMASK
100039f6:	b672      	cpsid	i
100039f8:	4b39      	ldr	r3, [pc, #228]	@ (10003ae0 <vTaskEnterCritical+0xf0>)
100039fa:	681b      	ldr	r3, [r3, #0]
100039fc:	2b00      	cmp	r3, #0
100039fe:	d03b      	beq.n	10003a78 <vTaskEnterCritical+0x88>
10003a00:	f3ef 8010 	mrs	r0, PRIMASK
10003a04:	b672      	cpsid	i
10003a06:	23d0      	movs	r3, #208	@ 0xd0
10003a08:	061b      	lsls	r3, r3, #24
10003a0a:	681b      	ldr	r3, [r3, #0]
10003a0c:	4a35      	ldr	r2, [pc, #212]	@ (10003ae4 <vTaskEnterCritical+0xf4>)
10003a0e:	0099      	lsls	r1, r3, #2
10003a10:	5851      	ldr	r1, [r2, r1]
10003a12:	f380 8810 	msr	PRIMASK, r0
10003a16:	6d09      	ldr	r1, [r1, #80]	@ 0x50
10003a18:	2900      	cmp	r1, #0
10003a1a:	d111      	bne.n	10003a40 <vTaskEnterCritical+0x50>
10003a1c:	f3ef 8105 	mrs	r1, IPSR
10003a20:	b2c9      	uxtb	r1, r1
10003a22:	2900      	cmp	r1, #0
10003a24:	d031      	beq.n	10003a8a <vTaskEnterCritical+0x9a>
10003a26:	4830      	ldr	r0, [pc, #192]	@ (10003ae8 <vTaskEnterCritical+0xf8>)
10003a28:	4930      	ldr	r1, [pc, #192]	@ (10003aec <vTaskEnterCritical+0xfc>)
10003a2a:	4c31      	ldr	r4, [pc, #196]	@ (10003af0 <vTaskEnterCritical+0x100>)
10003a2c:	6825      	ldr	r5, [r4, #0]
10003a2e:	2d00      	cmp	r5, #0
10003a30:	d03d      	beq.n	10003aae <vTaskEnterCritical+0xbe>
10003a32:	f3bf 8f5f 	dmb	sy
10003a36:	2401      	movs	r4, #1
10003a38:	700c      	strb	r4, [r1, #0]
10003a3a:	5cc1      	ldrb	r1, [r0, r3]
10003a3c:	4321      	orrs	r1, r4
10003a3e:	54c1      	strb	r1, [r0, r3]
10003a40:	f3ef 8c10 	mrs	ip, PRIMASK
10003a44:	b672      	cpsid	i
10003a46:	20d0      	movs	r0, #208	@ 0xd0
10003a48:	0600      	lsls	r0, r0, #24
10003a4a:	6803      	ldr	r3, [r0, #0]
10003a4c:	009b      	lsls	r3, r3, #2
10003a4e:	58d1      	ldr	r1, [r2, r3]
10003a50:	f38c 8810 	msr	PRIMASK, ip
10003a54:	6d0b      	ldr	r3, [r1, #80]	@ 0x50
10003a56:	3301      	adds	r3, #1
10003a58:	650b      	str	r3, [r1, #80]	@ 0x50
10003a5a:	4b26      	ldr	r3, [pc, #152]	@ (10003af4 <vTaskEnterCritical+0x104>)
10003a5c:	681b      	ldr	r3, [r3, #0]
10003a5e:	2b00      	cmp	r3, #0
10003a60:	d10a      	bne.n	10003a78 <vTaskEnterCritical+0x88>
10003a62:	f3ef 8110 	mrs	r1, PRIMASK
10003a66:	b672      	cpsid	i
10003a68:	6803      	ldr	r3, [r0, #0]
10003a6a:	009b      	lsls	r3, r3, #2
10003a6c:	58d3      	ldr	r3, [r2, r3]
10003a6e:	f381 8810 	msr	PRIMASK, r1
10003a72:	6d1b      	ldr	r3, [r3, #80]	@ 0x50
10003a74:	2b01      	cmp	r3, #1
10003a76:	d000      	beq.n	10003a7a <vTaskEnterCritical+0x8a>
10003a78:	bd70      	pop	{r4, r5, r6, pc}
10003a7a:	f3ef 8305 	mrs	r3, IPSR
10003a7e:	b2db      	uxtb	r3, r3
10003a80:	2b00      	cmp	r3, #0
10003a82:	d1f9      	bne.n	10003a78 <vTaskEnterCritical+0x88>
10003a84:	f7fe ff6a 	bl	1000295c <prvCheckForRunStateChange.part.0>
10003a88:	e7f6      	b.n	10003a78 <vTaskEnterCritical+0x88>
10003a8a:	491b      	ldr	r1, [pc, #108]	@ (10003af8 <vTaskEnterCritical+0x108>)
10003a8c:	6808      	ldr	r0, [r1, #0]
10003a8e:	2800      	cmp	r0, #0
10003a90:	d018      	beq.n	10003ac4 <vTaskEnterCritical+0xd4>
10003a92:	4815      	ldr	r0, [pc, #84]	@ (10003ae8 <vTaskEnterCritical+0xf8>)
10003a94:	f3bf 8f5f 	dmb	sy
10003a98:	2401      	movs	r4, #1
10003a9a:	2502      	movs	r5, #2
10003a9c:	4913      	ldr	r1, [pc, #76]	@ (10003aec <vTaskEnterCritical+0xfc>)
10003a9e:	704c      	strb	r4, [r1, #1]
10003aa0:	5cc4      	ldrb	r4, [r0, r3]
10003aa2:	432c      	orrs	r4, r5
10003aa4:	54c4      	strb	r4, [r0, r3]
10003aa6:	23d0      	movs	r3, #208	@ 0xd0
10003aa8:	061b      	lsls	r3, r3, #24
10003aaa:	681b      	ldr	r3, [r3, #0]
10003aac:	e7bd      	b.n	10003a2a <vTaskEnterCritical+0x3a>
10003aae:	5cc5      	ldrb	r5, [r0, r3]
10003ab0:	07ed      	lsls	r5, r5, #31
10003ab2:	d403      	bmi.n	10003abc <vTaskEnterCritical+0xcc>
10003ab4:	6825      	ldr	r5, [r4, #0]
10003ab6:	2d00      	cmp	r5, #0
10003ab8:	d1bb      	bne.n	10003a32 <vTaskEnterCritical+0x42>
10003aba:	e7fb      	b.n	10003ab4 <vTaskEnterCritical+0xc4>
10003abc:	780b      	ldrb	r3, [r1, #0]
10003abe:	3301      	adds	r3, #1
10003ac0:	700b      	strb	r3, [r1, #0]
10003ac2:	e7bd      	b.n	10003a40 <vTaskEnterCritical+0x50>
10003ac4:	4808      	ldr	r0, [pc, #32]	@ (10003ae8 <vTaskEnterCritical+0xf8>)
10003ac6:	5cc4      	ldrb	r4, [r0, r3]
10003ac8:	07a4      	lsls	r4, r4, #30
10003aca:	d403      	bmi.n	10003ad4 <vTaskEnterCritical+0xe4>
10003acc:	680c      	ldr	r4, [r1, #0]
10003ace:	2c00      	cmp	r4, #0
10003ad0:	d1e0      	bne.n	10003a94 <vTaskEnterCritical+0xa4>
10003ad2:	e7fb      	b.n	10003acc <vTaskEnterCritical+0xdc>
10003ad4:	4905      	ldr	r1, [pc, #20]	@ (10003aec <vTaskEnterCritical+0xfc>)
10003ad6:	784c      	ldrb	r4, [r1, #1]
10003ad8:	3401      	adds	r4, #1
10003ada:	704c      	strb	r4, [r1, #1]
10003adc:	e7a5      	b.n	10003a2a <vTaskEnterCritical+0x3a>
10003ade:	46c0      	nop			@ (mov r8, r8)
10003ae0:	20020b3c 	.word	0x20020b3c
10003ae4:	200007d8 	.word	0x200007d8
10003ae8:	20020a84 	.word	0x20020a84
10003aec:	20020a88 	.word	0x20020a88
10003af0:	d0000138 	.word	0xd0000138
10003af4:	20020a9c 	.word	0x20020a9c
10003af8:	d000013c 	.word	0xd000013c

10003afc <vTaskExitCritical>:
10003afc:	4b31      	ldr	r3, [pc, #196]	@ (10003bc4 <vTaskExitCritical+0xc8>)
10003afe:	b510      	push	{r4, lr}
10003b00:	681b      	ldr	r3, [r3, #0]
10003b02:	2b00      	cmp	r3, #0
10003b04:	d023      	beq.n	10003b4e <vTaskExitCritical+0x52>
10003b06:	f3ef 8010 	mrs	r0, PRIMASK
10003b0a:	b672      	cpsid	i
10003b0c:	21d0      	movs	r1, #208	@ 0xd0
10003b0e:	0609      	lsls	r1, r1, #24
10003b10:	680b      	ldr	r3, [r1, #0]
10003b12:	4a2d      	ldr	r2, [pc, #180]	@ (10003bc8 <vTaskExitCritical+0xcc>)
10003b14:	009b      	lsls	r3, r3, #2
10003b16:	589b      	ldr	r3, [r3, r2]
10003b18:	f380 8810 	msr	PRIMASK, r0
10003b1c:	6d1b      	ldr	r3, [r3, #80]	@ 0x50
10003b1e:	2b00      	cmp	r3, #0
10003b20:	d015      	beq.n	10003b4e <vTaskExitCritical+0x52>
10003b22:	f3ef 8c10 	mrs	ip, PRIMASK
10003b26:	b672      	cpsid	i
10003b28:	680b      	ldr	r3, [r1, #0]
10003b2a:	009b      	lsls	r3, r3, #2
10003b2c:	5898      	ldr	r0, [r3, r2]
10003b2e:	f38c 8810 	msr	PRIMASK, ip
10003b32:	6d03      	ldr	r3, [r0, #80]	@ 0x50
10003b34:	3b01      	subs	r3, #1
10003b36:	6503      	str	r3, [r0, #80]	@ 0x50
10003b38:	f3ef 8010 	mrs	r0, PRIMASK
10003b3c:	b672      	cpsid	i
10003b3e:	680b      	ldr	r3, [r1, #0]
10003b40:	0099      	lsls	r1, r3, #2
10003b42:	588a      	ldr	r2, [r1, r2]
10003b44:	f380 8810 	msr	PRIMASK, r0
10003b48:	6d12      	ldr	r2, [r2, #80]	@ 0x50
10003b4a:	2a00      	cmp	r2, #0
10003b4c:	d000      	beq.n	10003b50 <vTaskExitCritical+0x54>
10003b4e:	bd10      	pop	{r4, pc}
10003b50:	491e      	ldr	r1, [pc, #120]	@ (10003bcc <vTaskExitCritical+0xd0>)
10003b52:	780a      	ldrb	r2, [r1, #0]
10003b54:	3a01      	subs	r2, #1
10003b56:	b2d2      	uxtb	r2, r2
10003b58:	700a      	strb	r2, [r1, #0]
10003b5a:	2a00      	cmp	r2, #0
10003b5c:	d108      	bne.n	10003b70 <vTaskExitCritical+0x74>
10003b5e:	2001      	movs	r0, #1
10003b60:	4c1b      	ldr	r4, [pc, #108]	@ (10003bd0 <vTaskExitCritical+0xd4>)
10003b62:	5ce2      	ldrb	r2, [r4, r3]
10003b64:	4382      	bics	r2, r0
10003b66:	54e2      	strb	r2, [r4, r3]
10003b68:	f3bf 8f5f 	dmb	sy
10003b6c:	4b19      	ldr	r3, [pc, #100]	@ (10003bd4 <vTaskExitCritical+0xd8>)
10003b6e:	6018      	str	r0, [r3, #0]
10003b70:	f3ef 8305 	mrs	r3, IPSR
10003b74:	b2db      	uxtb	r3, r3
10003b76:	2b00      	cmp	r3, #0
10003b78:	d1e9      	bne.n	10003b4e <vTaskExitCritical+0x52>
10003b7a:	23d0      	movs	r3, #208	@ 0xd0
10003b7c:	061b      	lsls	r3, r3, #24
10003b7e:	681a      	ldr	r2, [r3, #0]
10003b80:	784b      	ldrb	r3, [r1, #1]
10003b82:	3b01      	subs	r3, #1
10003b84:	b2db      	uxtb	r3, r3
10003b86:	704b      	strb	r3, [r1, #1]
10003b88:	2b00      	cmp	r3, #0
10003b8a:	d109      	bne.n	10003ba0 <vTaskExitCritical+0xa4>
10003b8c:	2002      	movs	r0, #2
10003b8e:	4910      	ldr	r1, [pc, #64]	@ (10003bd0 <vTaskExitCritical+0xd4>)
10003b90:	5c8b      	ldrb	r3, [r1, r2]
10003b92:	4383      	bics	r3, r0
10003b94:	548b      	strb	r3, [r1, r2]
10003b96:	f3bf 8f5f 	dmb	sy
10003b9a:	2201      	movs	r2, #1
10003b9c:	4b0e      	ldr	r3, [pc, #56]	@ (10003bd8 <vTaskExitCritical+0xdc>)
10003b9e:	601a      	str	r2, [r3, #0]
10003ba0:	f7fe f800 	bl	10001ba4 <vPortEnableInterrupts>
10003ba4:	f3ef 8110 	mrs	r1, PRIMASK
10003ba8:	b672      	cpsid	i
10003baa:	23d0      	movs	r3, #208	@ 0xd0
10003bac:	061b      	lsls	r3, r3, #24
10003bae:	681a      	ldr	r2, [r3, #0]
10003bb0:	4b0a      	ldr	r3, [pc, #40]	@ (10003bdc <vTaskExitCritical+0xe0>)
10003bb2:	0092      	lsls	r2, r2, #2
10003bb4:	58d3      	ldr	r3, [r2, r3]
10003bb6:	f381 8810 	msr	PRIMASK, r1
10003bba:	2b00      	cmp	r3, #0
10003bbc:	d0c7      	beq.n	10003b4e <vTaskExitCritical+0x52>
10003bbe:	f7fd ffe5 	bl	10001b8c <vPortYield>
10003bc2:	e7c4      	b.n	10003b4e <vTaskExitCritical+0x52>
10003bc4:	20020b3c 	.word	0x20020b3c
10003bc8:	200007d8 	.word	0x200007d8
10003bcc:	20020a88 	.word	0x20020a88
10003bd0:	20020a84 	.word	0x20020a84
10003bd4:	d0000138 	.word	0xd0000138
10003bd8:	d000013c 	.word	0xd000013c
10003bdc:	20020b7c 	.word	0x20020b7c

10003be0 <prvIdleTask>:
10003be0:	b5f0      	push	{r4, r5, r6, r7, lr}
10003be2:	46de      	mov	lr, fp
10003be4:	4657      	mov	r7, sl
10003be6:	464e      	mov	r6, r9
10003be8:	4645      	mov	r5, r8
10003bea:	b5e0      	push	{r5, r6, r7, lr}
10003bec:	b085      	sub	sp, #20
10003bee:	f7fd ffcd 	bl	10001b8c <vPortYield>
10003bf2:	4b52      	ldr	r3, [pc, #328]	@ (10003d3c <prvIdleTask+0x15c>)
10003bf4:	27d0      	movs	r7, #208	@ 0xd0
10003bf6:	469b      	mov	fp, r3
10003bf8:	4b51      	ldr	r3, [pc, #324]	@ (10003d40 <prvIdleTask+0x160>)
10003bfa:	4e52      	ldr	r6, [pc, #328]	@ (10003d44 <prvIdleTask+0x164>)
10003bfc:	4699      	mov	r9, r3
10003bfe:	4b52      	ldr	r3, [pc, #328]	@ (10003d48 <prvIdleTask+0x168>)
10003c00:	4c52      	ldr	r4, [pc, #328]	@ (10003d4c <prvIdleTask+0x16c>)
10003c02:	469a      	mov	sl, r3
10003c04:	4b52      	ldr	r3, [pc, #328]	@ (10003d50 <prvIdleTask+0x170>)
10003c06:	063f      	lsls	r7, r7, #24
10003c08:	9301      	str	r3, [sp, #4]
10003c0a:	4b52      	ldr	r3, [pc, #328]	@ (10003d54 <prvIdleTask+0x174>)
10003c0c:	9302      	str	r3, [sp, #8]
10003c0e:	4b52      	ldr	r3, [pc, #328]	@ (10003d58 <prvIdleTask+0x178>)
10003c10:	9303      	str	r3, [sp, #12]
10003c12:	4b52      	ldr	r3, [pc, #328]	@ (10003d5c <prvIdleTask+0x17c>)
10003c14:	4698      	mov	r8, r3
10003c16:	6823      	ldr	r3, [r4, #0]
10003c18:	2b00      	cmp	r3, #0
10003c1a:	d100      	bne.n	10003c1e <prvIdleTask+0x3e>
10003c1c:	e07e      	b.n	10003d1c <prvIdleTask+0x13c>
10003c1e:	f7ff fee7 	bl	100039f0 <vTaskEnterCritical>
10003c22:	6823      	ldr	r3, [r4, #0]
10003c24:	2b00      	cmp	r3, #0
10003c26:	d016      	beq.n	10003c56 <prvIdleTask+0x76>
10003c28:	465b      	mov	r3, fp
10003c2a:	68db      	ldr	r3, [r3, #12]
10003c2c:	68dd      	ldr	r5, [r3, #12]
10003c2e:	6bab      	ldr	r3, [r5, #56]	@ 0x38
10003c30:	3301      	adds	r3, #1
10003c32:	d000      	beq.n	10003c36 <prvIdleTask+0x56>
10003c34:	e07a      	b.n	10003d2c <prvIdleTask+0x14c>
10003c36:	0028      	movs	r0, r5
10003c38:	3008      	adds	r0, #8
10003c3a:	f7fe fa65 	bl	10002108 <uxListRemove>
10003c3e:	6833      	ldr	r3, [r6, #0]
10003c40:	6b68      	ldr	r0, [r5, #52]	@ 0x34
10003c42:	3b01      	subs	r3, #1
10003c44:	6033      	str	r3, [r6, #0]
10003c46:	6823      	ldr	r3, [r4, #0]
10003c48:	3b01      	subs	r3, #1
10003c4a:	6023      	str	r3, [r4, #0]
10003c4c:	f000 ff9c 	bl	10004b88 <vPortFree>
10003c50:	0028      	movs	r0, r5
10003c52:	f000 ff99 	bl	10004b88 <vPortFree>
10003c56:	464b      	mov	r3, r9
10003c58:	681b      	ldr	r3, [r3, #0]
10003c5a:	2b00      	cmp	r3, #0
10003c5c:	d0db      	beq.n	10003c16 <prvIdleTask+0x36>
10003c5e:	f3ef 8210 	mrs	r2, PRIMASK
10003c62:	b672      	cpsid	i
10003c64:	4651      	mov	r1, sl
10003c66:	683b      	ldr	r3, [r7, #0]
10003c68:	009b      	lsls	r3, r3, #2
10003c6a:	58cb      	ldr	r3, [r1, r3]
10003c6c:	f382 8810 	msr	PRIMASK, r2
10003c70:	6d1b      	ldr	r3, [r3, #80]	@ 0x50
10003c72:	2b00      	cmp	r3, #0
10003c74:	d0cf      	beq.n	10003c16 <prvIdleTask+0x36>
10003c76:	f3ef 8110 	mrs	r1, PRIMASK
10003c7a:	b672      	cpsid	i
10003c7c:	4652      	mov	r2, sl
10003c7e:	683b      	ldr	r3, [r7, #0]
10003c80:	009b      	lsls	r3, r3, #2
10003c82:	58d2      	ldr	r2, [r2, r3]
10003c84:	f381 8810 	msr	PRIMASK, r1
10003c88:	6d13      	ldr	r3, [r2, #80]	@ 0x50
10003c8a:	3b01      	subs	r3, #1
10003c8c:	6513      	str	r3, [r2, #80]	@ 0x50
10003c8e:	f3ef 8110 	mrs	r1, PRIMASK
10003c92:	b672      	cpsid	i
10003c94:	4650      	mov	r0, sl
10003c96:	683b      	ldr	r3, [r7, #0]
10003c98:	009a      	lsls	r2, r3, #2
10003c9a:	5882      	ldr	r2, [r0, r2]
10003c9c:	f381 8810 	msr	PRIMASK, r1
10003ca0:	6d12      	ldr	r2, [r2, #80]	@ 0x50
10003ca2:	2a00      	cmp	r2, #0
10003ca4:	d1b7      	bne.n	10003c16 <prvIdleTask+0x36>
10003ca6:	9901      	ldr	r1, [sp, #4]
10003ca8:	780a      	ldrb	r2, [r1, #0]
10003caa:	3a01      	subs	r2, #1
10003cac:	b2d2      	uxtb	r2, r2
10003cae:	700a      	strb	r2, [r1, #0]
10003cb0:	2a00      	cmp	r2, #0
10003cb2:	d108      	bne.n	10003cc6 <prvIdleTask+0xe6>
10003cb4:	2001      	movs	r0, #1
10003cb6:	9902      	ldr	r1, [sp, #8]
10003cb8:	5cca      	ldrb	r2, [r1, r3]
10003cba:	4382      	bics	r2, r0
10003cbc:	54ca      	strb	r2, [r1, r3]
10003cbe:	f3bf 8f5f 	dmb	sy
10003cc2:	4b27      	ldr	r3, [pc, #156]	@ (10003d60 <prvIdleTask+0x180>)
10003cc4:	6018      	str	r0, [r3, #0]
10003cc6:	f3ef 8305 	mrs	r3, IPSR
10003cca:	b2db      	uxtb	r3, r3
10003ccc:	2b00      	cmp	r3, #0
10003cce:	d1a2      	bne.n	10003c16 <prvIdleTask+0x36>
10003cd0:	9901      	ldr	r1, [sp, #4]
10003cd2:	683a      	ldr	r2, [r7, #0]
10003cd4:	784b      	ldrb	r3, [r1, #1]
10003cd6:	3b01      	subs	r3, #1
10003cd8:	b2db      	uxtb	r3, r3
10003cda:	704b      	strb	r3, [r1, #1]
10003cdc:	2b00      	cmp	r3, #0
10003cde:	d109      	bne.n	10003cf4 <prvIdleTask+0x114>
10003ce0:	2102      	movs	r1, #2
10003ce2:	9802      	ldr	r0, [sp, #8]
10003ce4:	5c83      	ldrb	r3, [r0, r2]
10003ce6:	438b      	bics	r3, r1
10003ce8:	5483      	strb	r3, [r0, r2]
10003cea:	f3bf 8f5f 	dmb	sy
10003cee:	2201      	movs	r2, #1
10003cf0:	4b1c      	ldr	r3, [pc, #112]	@ (10003d64 <prvIdleTask+0x184>)
10003cf2:	601a      	str	r2, [r3, #0]
10003cf4:	f7fd ff56 	bl	10001ba4 <vPortEnableInterrupts>
10003cf8:	f3ef 8210 	mrs	r2, PRIMASK
10003cfc:	b672      	cpsid	i
10003cfe:	683b      	ldr	r3, [r7, #0]
10003d00:	9903      	ldr	r1, [sp, #12]
10003d02:	009b      	lsls	r3, r3, #2
10003d04:	58cb      	ldr	r3, [r1, r3]
10003d06:	f382 8810 	msr	PRIMASK, r2
10003d0a:	2b00      	cmp	r3, #0
10003d0c:	d100      	bne.n	10003d10 <prvIdleTask+0x130>
10003d0e:	e782      	b.n	10003c16 <prvIdleTask+0x36>
10003d10:	f7fd ff3c 	bl	10001b8c <vPortYield>
10003d14:	6823      	ldr	r3, [r4, #0]
10003d16:	2b00      	cmp	r3, #0
10003d18:	d000      	beq.n	10003d1c <prvIdleTask+0x13c>
10003d1a:	e780      	b.n	10003c1e <prvIdleTask+0x3e>
10003d1c:	4643      	mov	r3, r8
10003d1e:	681b      	ldr	r3, [r3, #0]
10003d20:	2b02      	cmp	r3, #2
10003d22:	d800      	bhi.n	10003d26 <prvIdleTask+0x146>
10003d24:	e777      	b.n	10003c16 <prvIdleTask+0x36>
10003d26:	f7fd ff31 	bl	10001b8c <vPortYield>
10003d2a:	e7f3      	b.n	10003d14 <prvIdleTask+0x134>
10003d2c:	f7ff fee6 	bl	10003afc <vTaskExitCritical>
10003d30:	4643      	mov	r3, r8
10003d32:	681b      	ldr	r3, [r3, #0]
10003d34:	2b02      	cmp	r3, #2
10003d36:	d800      	bhi.n	10003d3a <prvIdleTask+0x15a>
10003d38:	e76d      	b.n	10003c16 <prvIdleTask+0x36>
10003d3a:	e7f4      	b.n	10003d26 <prvIdleTask+0x146>
10003d3c:	20020b5c 	.word	0x20020b5c
10003d40:	20020b3c 	.word	0x20020b3c
10003d44:	20020a94 	.word	0x20020a94
10003d48:	200007d8 	.word	0x200007d8
10003d4c:	20020a98 	.word	0x20020a98
10003d50:	20020a88 	.word	0x20020a88
10003d54:	20020a84 	.word	0x20020a84
10003d58:	20020b7c 	.word	0x20020b7c
10003d5c:	200007f4 	.word	0x200007f4
10003d60:	d0000138 	.word	0xd0000138
10003d64:	d000013c 	.word	0xd000013c

10003d68 <xTaskCreateAffinitySet>:
10003d68:	b5f0      	push	{r4, r5, r6, r7, lr}
10003d6a:	464f      	mov	r7, r9
10003d6c:	4646      	mov	r6, r8
10003d6e:	46d6      	mov	lr, sl
10003d70:	b5c0      	push	{r6, r7, lr}
10003d72:	0096      	lsls	r6, r2, #2
10003d74:	0007      	movs	r7, r0
10003d76:	0030      	movs	r0, r6
10003d78:	000d      	movs	r5, r1
10003d7a:	4699      	mov	r9, r3
10003d7c:	f000 fe3c 	bl	100049f8 <pvPortMalloc>
10003d80:	4680      	mov	r8, r0
10003d82:	2800      	cmp	r0, #0
10003d84:	d100      	bne.n	10003d88 <xTaskCreateAffinitySet+0x20>
10003d86:	e0e9      	b.n	10003f5c <xTaskCreateAffinitySet+0x1f4>
10003d88:	2080      	movs	r0, #128	@ 0x80
10003d8a:	f000 fe35 	bl	100049f8 <pvPortMalloc>
10003d8e:	1e04      	subs	r4, r0, #0
10003d90:	d100      	bne.n	10003d94 <xTaskCreateAffinitySet+0x2c>
10003d92:	e0e0      	b.n	10003f56 <xTaskCreateAffinitySet+0x1ee>
10003d94:	4643      	mov	r3, r8
10003d96:	0032      	movs	r2, r6
10003d98:	6343      	str	r3, [r0, #52]	@ 0x34
10003d9a:	21a5      	movs	r1, #165	@ 0xa5
10003d9c:	4640      	mov	r0, r8
10003d9e:	f7fd fcc1 	bl	10001724 <__wrap_memset>
10003da2:	2207      	movs	r2, #7
10003da4:	6b63      	ldr	r3, [r4, #52]	@ 0x34
10003da6:	3e04      	subs	r6, #4
10003da8:	199b      	adds	r3, r3, r6
10003daa:	4393      	bics	r3, r2
10003dac:	4698      	mov	r8, r3
10003dae:	2d00      	cmp	r5, #0
10003db0:	d100      	bne.n	10003db4 <xTaskCreateAffinitySet+0x4c>
10003db2:	e0db      	b.n	10003f6c <xTaskCreateAffinitySet+0x204>
10003db4:	782b      	ldrb	r3, [r5, #0]
10003db6:	3239      	adds	r2, #57	@ 0x39
10003db8:	54a3      	strb	r3, [r4, r2]
10003dba:	2b00      	cmp	r3, #0
10003dbc:	d043      	beq.n	10003e46 <xTaskCreateAffinitySet+0xde>
10003dbe:	786b      	ldrb	r3, [r5, #1]
10003dc0:	3201      	adds	r2, #1
10003dc2:	54a3      	strb	r3, [r4, r2]
10003dc4:	2b00      	cmp	r3, #0
10003dc6:	d03e      	beq.n	10003e46 <xTaskCreateAffinitySet+0xde>
10003dc8:	78ab      	ldrb	r3, [r5, #2]
10003dca:	3201      	adds	r2, #1
10003dcc:	54a3      	strb	r3, [r4, r2]
10003dce:	2b00      	cmp	r3, #0
10003dd0:	d039      	beq.n	10003e46 <xTaskCreateAffinitySet+0xde>
10003dd2:	78eb      	ldrb	r3, [r5, #3]
10003dd4:	3201      	adds	r2, #1
10003dd6:	54a3      	strb	r3, [r4, r2]
10003dd8:	2b00      	cmp	r3, #0
10003dda:	d034      	beq.n	10003e46 <xTaskCreateAffinitySet+0xde>
10003ddc:	792b      	ldrb	r3, [r5, #4]
10003dde:	3201      	adds	r2, #1
10003de0:	54a3      	strb	r3, [r4, r2]
10003de2:	2b00      	cmp	r3, #0
10003de4:	d02f      	beq.n	10003e46 <xTaskCreateAffinitySet+0xde>
10003de6:	796b      	ldrb	r3, [r5, #5]
10003de8:	3201      	adds	r2, #1
10003dea:	54a3      	strb	r3, [r4, r2]
10003dec:	2b00      	cmp	r3, #0
10003dee:	d02a      	beq.n	10003e46 <xTaskCreateAffinitySet+0xde>
10003df0:	79ab      	ldrb	r3, [r5, #6]
10003df2:	3201      	adds	r2, #1
10003df4:	54a3      	strb	r3, [r4, r2]
10003df6:	2b00      	cmp	r3, #0
10003df8:	d025      	beq.n	10003e46 <xTaskCreateAffinitySet+0xde>
10003dfa:	79eb      	ldrb	r3, [r5, #7]
10003dfc:	3201      	adds	r2, #1
10003dfe:	54a3      	strb	r3, [r4, r2]
10003e00:	2b00      	cmp	r3, #0
10003e02:	d020      	beq.n	10003e46 <xTaskCreateAffinitySet+0xde>
10003e04:	7a2b      	ldrb	r3, [r5, #8]
10003e06:	3201      	adds	r2, #1
10003e08:	54a3      	strb	r3, [r4, r2]
10003e0a:	2b00      	cmp	r3, #0
10003e0c:	d01b      	beq.n	10003e46 <xTaskCreateAffinitySet+0xde>
10003e0e:	7a6b      	ldrb	r3, [r5, #9]
10003e10:	3201      	adds	r2, #1
10003e12:	54a3      	strb	r3, [r4, r2]
10003e14:	2b00      	cmp	r3, #0
10003e16:	d016      	beq.n	10003e46 <xTaskCreateAffinitySet+0xde>
10003e18:	7aab      	ldrb	r3, [r5, #10]
10003e1a:	3201      	adds	r2, #1
10003e1c:	54a3      	strb	r3, [r4, r2]
10003e1e:	2b00      	cmp	r3, #0
10003e20:	d011      	beq.n	10003e46 <xTaskCreateAffinitySet+0xde>
10003e22:	7aeb      	ldrb	r3, [r5, #11]
10003e24:	3201      	adds	r2, #1
10003e26:	54a3      	strb	r3, [r4, r2]
10003e28:	2b00      	cmp	r3, #0
10003e2a:	d00c      	beq.n	10003e46 <xTaskCreateAffinitySet+0xde>
10003e2c:	7b2b      	ldrb	r3, [r5, #12]
10003e2e:	3201      	adds	r2, #1
10003e30:	54a3      	strb	r3, [r4, r2]
10003e32:	2b00      	cmp	r3, #0
10003e34:	d007      	beq.n	10003e46 <xTaskCreateAffinitySet+0xde>
10003e36:	7b6b      	ldrb	r3, [r5, #13]
10003e38:	3201      	adds	r2, #1
10003e3a:	54a3      	strb	r3, [r4, r2]
10003e3c:	2b00      	cmp	r3, #0
10003e3e:	d002      	beq.n	10003e46 <xTaskCreateAffinitySet+0xde>
10003e40:	234e      	movs	r3, #78	@ 0x4e
10003e42:	7baa      	ldrb	r2, [r5, #14]
10003e44:	54e2      	strb	r2, [r4, r3]
10003e46:	234f      	movs	r3, #79	@ 0x4f
10003e48:	2200      	movs	r2, #0
10003e4a:	54e2      	strb	r2, [r4, r3]
10003e4c:	9d08      	ldr	r5, [sp, #32]
10003e4e:	2d1f      	cmp	r5, #31
10003e50:	d900      	bls.n	10003e54 <xTaskCreateAffinitySet+0xec>
10003e52:	e07e      	b.n	10003f52 <xTaskCreateAffinitySet+0x1ea>
10003e54:	0026      	movs	r6, r4
10003e56:	2300      	movs	r3, #0
10003e58:	3608      	adds	r6, #8
10003e5a:	6623      	str	r3, [r4, #96]	@ 0x60
10003e5c:	0030      	movs	r0, r6
10003e5e:	6325      	str	r5, [r4, #48]	@ 0x30
10003e60:	65e5      	str	r5, [r4, #92]	@ 0x5c
10003e62:	469a      	mov	sl, r3
10003e64:	f7fe f928 	bl	100020b8 <vListInitialiseItem>
10003e68:	0020      	movs	r0, r4
10003e6a:	301c      	adds	r0, #28
10003e6c:	f7fe f924 	bl	100020b8 <vListInitialiseItem>
10003e70:	2320      	movs	r3, #32
10003e72:	1b5b      	subs	r3, r3, r5
10003e74:	61e3      	str	r3, [r4, #28]
10003e76:	0020      	movs	r0, r4
10003e78:	4653      	mov	r3, sl
10003e7a:	2214      	movs	r2, #20
10003e7c:	6523      	str	r3, [r4, #80]	@ 0x50
10003e7e:	2100      	movs	r1, #0
10003e80:	6164      	str	r4, [r4, #20]
10003e82:	62a4      	str	r4, [r4, #40]	@ 0x28
10003e84:	3064      	adds	r0, #100	@ 0x64
10003e86:	f7fd fc4d 	bl	10001724 <__wrap_memset>
10003e8a:	0020      	movs	r0, r4
10003e8c:	2204      	movs	r2, #4
10003e8e:	2100      	movs	r1, #0
10003e90:	3078      	adds	r0, #120	@ 0x78
10003e92:	f7fd fc47 	bl	10001724 <__wrap_memset>
10003e96:	0023      	movs	r3, r4
10003e98:	4652      	mov	r2, sl
10003e9a:	337c      	adds	r3, #124	@ 0x7c
10003e9c:	2501      	movs	r5, #1
10003e9e:	701a      	strb	r2, [r3, #0]
10003ea0:	237d      	movs	r3, #125	@ 0x7d
10003ea2:	426d      	negs	r5, r5
10003ea4:	54e2      	strb	r2, [r4, r3]
10003ea6:	0039      	movs	r1, r7
10003ea8:	464a      	mov	r2, r9
10003eaa:	4640      	mov	r0, r8
10003eac:	6065      	str	r5, [r4, #4]
10003eae:	f7fd fe5d 	bl	10001b6c <pxPortInitialiseStack>
10003eb2:	4b42      	ldr	r3, [pc, #264]	@ (10003fbc <xTaskCreateAffinitySet+0x254>)
10003eb4:	6020      	str	r0, [r4, #0]
10003eb6:	63a5      	str	r5, [r4, #56]	@ 0x38
10003eb8:	429f      	cmp	r7, r3
10003eba:	d05a      	beq.n	10003f72 <xTaskCreateAffinitySet+0x20a>
10003ebc:	4b40      	ldr	r3, [pc, #256]	@ (10003fc0 <xTaskCreateAffinitySet+0x258>)
10003ebe:	1aff      	subs	r7, r7, r3
10003ec0:	427b      	negs	r3, r7
10003ec2:	415f      	adcs	r7, r3
10003ec4:	9b0a      	ldr	r3, [sp, #40]	@ 0x28
10003ec6:	63e7      	str	r7, [r4, #60]	@ 0x3c
10003ec8:	2b00      	cmp	r3, #0
10003eca:	d000      	beq.n	10003ece <xTaskCreateAffinitySet+0x166>
10003ecc:	601c      	str	r4, [r3, #0]
10003ece:	9b09      	ldr	r3, [sp, #36]	@ 0x24
10003ed0:	6063      	str	r3, [r4, #4]
10003ed2:	f7ff fd8d 	bl	100039f0 <vTaskEnterCritical>
10003ed6:	4a3b      	ldr	r2, [pc, #236]	@ (10003fc4 <xTaskCreateAffinitySet+0x25c>)
10003ed8:	6813      	ldr	r3, [r2, #0]
10003eda:	3301      	adds	r3, #1
10003edc:	6013      	str	r3, [r2, #0]
10003ede:	4b3a      	ldr	r3, [pc, #232]	@ (10003fc8 <xTaskCreateAffinitySet+0x260>)
10003ee0:	4698      	mov	r8, r3
10003ee2:	681b      	ldr	r3, [r3, #0]
10003ee4:	469a      	mov	sl, r3
10003ee6:	2b00      	cmp	r3, #0
10003ee8:	d01e      	beq.n	10003f28 <xTaskCreateAffinitySet+0x1c0>
10003eea:	4f38      	ldr	r7, [pc, #224]	@ (10003fcc <xTaskCreateAffinitySet+0x264>)
10003eec:	4a38      	ldr	r2, [pc, #224]	@ (10003fd0 <xTaskCreateAffinitySet+0x268>)
10003eee:	6813      	ldr	r3, [r2, #0]
10003ef0:	3301      	adds	r3, #1
10003ef2:	6013      	str	r3, [r2, #0]
10003ef4:	6563      	str	r3, [r4, #84]	@ 0x54
10003ef6:	4b37      	ldr	r3, [pc, #220]	@ (10003fd4 <xTaskCreateAffinitySet+0x26c>)
10003ef8:	6b22      	ldr	r2, [r4, #48]	@ 0x30
10003efa:	6819      	ldr	r1, [r3, #0]
10003efc:	428a      	cmp	r2, r1
10003efe:	d900      	bls.n	10003f02 <xTaskCreateAffinitySet+0x19a>
10003f00:	601a      	str	r2, [r3, #0]
10003f02:	0093      	lsls	r3, r2, #2
10003f04:	189b      	adds	r3, r3, r2
10003f06:	009b      	lsls	r3, r3, #2
10003f08:	18f8      	adds	r0, r7, r3
10003f0a:	0031      	movs	r1, r6
10003f0c:	f7fe f8d8 	bl	100020c0 <vListInsertEnd>
10003f10:	4643      	mov	r3, r8
10003f12:	681b      	ldr	r3, [r3, #0]
10003f14:	2b00      	cmp	r3, #0
10003f16:	d124      	bne.n	10003f62 <xTaskCreateAffinitySet+0x1fa>
10003f18:	f7ff fdf0 	bl	10003afc <vTaskExitCritical>
10003f1c:	2001      	movs	r0, #1
10003f1e:	bce0      	pop	{r5, r6, r7}
10003f20:	46ba      	mov	sl, r7
10003f22:	46b1      	mov	r9, r6
10003f24:	46a8      	mov	r8, r5
10003f26:	bdf0      	pop	{r4, r5, r6, r7, pc}
10003f28:	6813      	ldr	r3, [r2, #0]
10003f2a:	4f28      	ldr	r7, [pc, #160]	@ (10003fcc <xTaskCreateAffinitySet+0x264>)
10003f2c:	2b01      	cmp	r3, #1
10003f2e:	d022      	beq.n	10003f76 <xTaskCreateAffinitySet+0x20e>
10003f30:	6be3      	ldr	r3, [r4, #60]	@ 0x3c
10003f32:	2b00      	cmp	r3, #0
10003f34:	d0da      	beq.n	10003eec <xTaskCreateAffinitySet+0x184>
10003f36:	4a28      	ldr	r2, [pc, #160]	@ (10003fd8 <xTaskCreateAffinitySet+0x270>)
10003f38:	6813      	ldr	r3, [r2, #0]
10003f3a:	2b00      	cmp	r3, #0
10003f3c:	d004      	beq.n	10003f48 <xTaskCreateAffinitySet+0x1e0>
10003f3e:	6853      	ldr	r3, [r2, #4]
10003f40:	2b00      	cmp	r3, #0
10003f42:	d1d3      	bne.n	10003eec <xTaskCreateAffinitySet+0x184>
10003f44:	3301      	adds	r3, #1
10003f46:	469a      	mov	sl, r3
10003f48:	4653      	mov	r3, sl
10003f4a:	63a3      	str	r3, [r4, #56]	@ 0x38
10003f4c:	009b      	lsls	r3, r3, #2
10003f4e:	50d4      	str	r4, [r2, r3]
10003f50:	e7cc      	b.n	10003eec <xTaskCreateAffinitySet+0x184>
10003f52:	251f      	movs	r5, #31
10003f54:	e77e      	b.n	10003e54 <xTaskCreateAffinitySet+0xec>
10003f56:	4640      	mov	r0, r8
10003f58:	f000 fe16 	bl	10004b88 <vPortFree>
10003f5c:	2001      	movs	r0, #1
10003f5e:	4240      	negs	r0, r0
10003f60:	e7dd      	b.n	10003f1e <xTaskCreateAffinitySet+0x1b6>
10003f62:	2100      	movs	r1, #0
10003f64:	0020      	movs	r0, r4
10003f66:	f7fe fe3b 	bl	10002be0 <prvYieldForTask>
10003f6a:	e7d5      	b.n	10003f18 <xTaskCreateAffinitySet+0x1b0>
10003f6c:	2340      	movs	r3, #64	@ 0x40
10003f6e:	54e5      	strb	r5, [r4, r3]
10003f70:	e76c      	b.n	10003e4c <xTaskCreateAffinitySet+0xe4>
10003f72:	2701      	movs	r7, #1
10003f74:	e7a6      	b.n	10003ec4 <xTaskCreateAffinitySet+0x15c>
10003f76:	23a0      	movs	r3, #160	@ 0xa0
10003f78:	009b      	lsls	r3, r3, #2
10003f7a:	4699      	mov	r9, r3
10003f7c:	003d      	movs	r5, r7
10003f7e:	44b9      	add	r9, r7
10003f80:	0028      	movs	r0, r5
10003f82:	3514      	adds	r5, #20
10003f84:	f7fe f88c 	bl	100020a0 <vListInitialise>
10003f88:	45a9      	cmp	r9, r5
10003f8a:	d1f9      	bne.n	10003f80 <xTaskCreateAffinitySet+0x218>
10003f8c:	4b13      	ldr	r3, [pc, #76]	@ (10003fdc <xTaskCreateAffinitySet+0x274>)
10003f8e:	4699      	mov	r9, r3
10003f90:	0018      	movs	r0, r3
10003f92:	f7fe f885 	bl	100020a0 <vListInitialise>
10003f96:	4d12      	ldr	r5, [pc, #72]	@ (10003fe0 <xTaskCreateAffinitySet+0x278>)
10003f98:	0028      	movs	r0, r5
10003f9a:	f7fe f881 	bl	100020a0 <vListInitialise>
10003f9e:	4811      	ldr	r0, [pc, #68]	@ (10003fe4 <xTaskCreateAffinitySet+0x27c>)
10003fa0:	f7fe f87e 	bl	100020a0 <vListInitialise>
10003fa4:	4810      	ldr	r0, [pc, #64]	@ (10003fe8 <xTaskCreateAffinitySet+0x280>)
10003fa6:	f7fe f87b 	bl	100020a0 <vListInitialise>
10003faa:	4810      	ldr	r0, [pc, #64]	@ (10003fec <xTaskCreateAffinitySet+0x284>)
10003fac:	f7fe f878 	bl	100020a0 <vListInitialise>
10003fb0:	464a      	mov	r2, r9
10003fb2:	4b0f      	ldr	r3, [pc, #60]	@ (10003ff0 <xTaskCreateAffinitySet+0x288>)
10003fb4:	601a      	str	r2, [r3, #0]
10003fb6:	4b0f      	ldr	r3, [pc, #60]	@ (10003ff4 <xTaskCreateAffinitySet+0x28c>)
10003fb8:	601d      	str	r5, [r3, #0]
10003fba:	e7b9      	b.n	10003f30 <xTaskCreateAffinitySet+0x1c8>
10003fbc:	10003be1 	.word	0x10003be1
10003fc0:	10002865 	.word	0x10002865
10003fc4:	20020a94 	.word	0x20020a94
10003fc8:	20020b3c 	.word	0x20020b3c
10003fcc:	200007f4 	.word	0x200007f4
10003fd0:	20020aa0 	.word	0x20020aa0
10003fd4:	20020aa4 	.word	0x20020aa4
10003fd8:	200007d8 	.word	0x200007d8
10003fdc:	20020ad4 	.word	0x20020ad4
10003fe0:	20020ae8 	.word	0x20020ae8
10003fe4:	20020b28 	.word	0x20020b28
10003fe8:	20020b5c 	.word	0x20020b5c
10003fec:	20020b48 	.word	0x20020b48
10003ff0:	200007e4 	.word	0x200007e4
10003ff4:	200007ec 	.word	0x200007ec

10003ff8 <xTaskCreate>:
10003ff8:	b510      	push	{r4, lr}
10003ffa:	b084      	sub	sp, #16
10003ffc:	9c07      	ldr	r4, [sp, #28]
10003ffe:	9402      	str	r4, [sp, #8]
10004000:	2401      	movs	r4, #1
10004002:	4264      	negs	r4, r4
10004004:	9401      	str	r4, [sp, #4]
10004006:	9c06      	ldr	r4, [sp, #24]
10004008:	9400      	str	r4, [sp, #0]
1000400a:	f7ff fead 	bl	10003d68 <xTaskCreateAffinitySet>
1000400e:	b004      	add	sp, #16
10004010:	bd10      	pop	{r4, pc}
10004012:	46c0      	nop			@ (mov r8, r8)

10004014 <vTaskStartScheduler>:
10004014:	b570      	push	{r4, r5, r6, lr}
10004016:	b088      	sub	sp, #32
10004018:	f000 fbf4 	bl	10004804 <xTimerCreateTimerTask>
1000401c:	4b19      	ldr	r3, [pc, #100]	@ (10004084 <vTaskStartScheduler+0x70>)
1000401e:	466a      	mov	r2, sp
10004020:	9304      	str	r3, [sp, #16]
10004022:	2330      	movs	r3, #48	@ 0x30
10004024:	2601      	movs	r6, #1
10004026:	8293      	strh	r3, [r2, #20]
10004028:	2500      	movs	r5, #0
1000402a:	2280      	movs	r2, #128	@ 0x80
1000402c:	4c16      	ldr	r4, [pc, #88]	@ (10004088 <vTaskStartScheduler+0x74>)
1000402e:	4276      	negs	r6, r6
10004030:	2300      	movs	r3, #0
10004032:	9402      	str	r4, [sp, #8]
10004034:	0052      	lsls	r2, r2, #1
10004036:	a904      	add	r1, sp, #16
10004038:	4814      	ldr	r0, [pc, #80]	@ (1000408c <vTaskStartScheduler+0x78>)
1000403a:	9601      	str	r6, [sp, #4]
1000403c:	9500      	str	r5, [sp, #0]
1000403e:	f7ff fe93 	bl	10003d68 <xTaskCreateAffinitySet>
10004042:	2331      	movs	r3, #49	@ 0x31
10004044:	466a      	mov	r2, sp
10004046:	7513      	strb	r3, [r2, #20]
10004048:	2280      	movs	r2, #128	@ 0x80
1000404a:	3404      	adds	r4, #4
1000404c:	2300      	movs	r3, #0
1000404e:	4810      	ldr	r0, [pc, #64]	@ (10004090 <vTaskStartScheduler+0x7c>)
10004050:	9402      	str	r4, [sp, #8]
10004052:	9601      	str	r6, [sp, #4]
10004054:	9500      	str	r5, [sp, #0]
10004056:	0052      	lsls	r2, r2, #1
10004058:	a904      	add	r1, sp, #16
1000405a:	f7ff fe85 	bl	10003d68 <xTaskCreateAffinitySet>
1000405e:	2801      	cmp	r0, #1
10004060:	d003      	beq.n	1000406a <vTaskStartScheduler+0x56>
10004062:	4b0c      	ldr	r3, [pc, #48]	@ (10004094 <vTaskStartScheduler+0x80>)
10004064:	681b      	ldr	r3, [r3, #0]
10004066:	b008      	add	sp, #32
10004068:	bd70      	pop	{r4, r5, r6, pc}
1000406a:	f3ef 8310 	mrs	r3, PRIMASK
1000406e:	b672      	cpsid	i
10004070:	4b09      	ldr	r3, [pc, #36]	@ (10004098 <vTaskStartScheduler+0x84>)
10004072:	601e      	str	r6, [r3, #0]
10004074:	4b09      	ldr	r3, [pc, #36]	@ (1000409c <vTaskStartScheduler+0x88>)
10004076:	6018      	str	r0, [r3, #0]
10004078:	4b09      	ldr	r3, [pc, #36]	@ (100040a0 <vTaskStartScheduler+0x8c>)
1000407a:	601d      	str	r5, [r3, #0]
1000407c:	f7fd fe22 	bl	10001cc4 <xPortStartScheduler>
10004080:	e7ef      	b.n	10004062 <vTaskStartScheduler+0x4e>
10004082:	46c0      	nop			@ (mov r8, r8)
10004084:	454c4449 	.word	0x454c4449
10004088:	20020b04 	.word	0x20020b04
1000408c:	10003be1 	.word	0x10003be1
10004090:	10002865 	.word	0x10002865
10004094:	10004f34 	.word	0x10004f34
10004098:	20020b14 	.word	0x20020b14
1000409c:	20020b3c 	.word	0x20020b3c
100040a0:	20020b70 	.word	0x20020b70

100040a4 <xTaskIncrementTick>:
100040a4:	b5f0      	push	{r4, r5, r6, r7, lr}
100040a6:	46de      	mov	lr, fp
100040a8:	464e      	mov	r6, r9
100040aa:	4657      	mov	r7, sl
100040ac:	4645      	mov	r5, r8
100040ae:	b5e0      	push	{r5, r6, r7, lr}
100040b0:	b083      	sub	sp, #12
100040b2:	2208      	movs	r2, #8
100040b4:	2100      	movs	r1, #0
100040b6:	4668      	mov	r0, sp
100040b8:	f7fd fb34 	bl	10001724 <__wrap_memset>
100040bc:	f7ff fc98 	bl	100039f0 <vTaskEnterCritical>
100040c0:	4b79      	ldr	r3, [pc, #484]	@ (100042a8 <xTaskIncrementTick+0x204>)
100040c2:	681b      	ldr	r3, [r3, #0]
100040c4:	4699      	mov	r9, r3
100040c6:	2b00      	cmp	r3, #0
100040c8:	d177      	bne.n	100041ba <xTaskIncrementTick+0x116>
100040ca:	4b78      	ldr	r3, [pc, #480]	@ (100042ac <xTaskIncrementTick+0x208>)
100040cc:	681e      	ldr	r6, [r3, #0]
100040ce:	3601      	adds	r6, #1
100040d0:	601e      	str	r6, [r3, #0]
100040d2:	2e00      	cmp	r6, #0
100040d4:	d100      	bne.n	100040d8 <xTaskIncrementTick+0x34>
100040d6:	e07f      	b.n	100041d8 <xTaskIncrementTick+0x134>
100040d8:	4b75      	ldr	r3, [pc, #468]	@ (100042b0 <xTaskIncrementTick+0x20c>)
100040da:	469b      	mov	fp, r3
100040dc:	465b      	mov	r3, fp
100040de:	681b      	ldr	r3, [r3, #0]
100040e0:	42b3      	cmp	r3, r6
100040e2:	d800      	bhi.n	100040e6 <xTaskIncrementTick+0x42>
100040e4:	e091      	b.n	1000420a <xTaskIncrementTick+0x166>
100040e6:	4b73      	ldr	r3, [pc, #460]	@ (100042b4 <xTaskIncrementTick+0x210>)
100040e8:	4698      	mov	r8, r3
100040ea:	4d73      	ldr	r5, [pc, #460]	@ (100042b8 <xTaskIncrementTick+0x214>)
100040ec:	4e73      	ldr	r6, [pc, #460]	@ (100042bc <xTaskIncrementTick+0x218>)
100040ee:	682b      	ldr	r3, [r5, #0]
100040f0:	466f      	mov	r7, sp
100040f2:	6b1a      	ldr	r2, [r3, #48]	@ 0x30
100040f4:	0093      	lsls	r3, r2, #2
100040f6:	189b      	adds	r3, r3, r2
100040f8:	4642      	mov	r2, r8
100040fa:	009b      	lsls	r3, r3, #2
100040fc:	58d2      	ldr	r2, [r2, r3]
100040fe:	686b      	ldr	r3, [r5, #4]
10004100:	6b19      	ldr	r1, [r3, #48]	@ 0x30
10004102:	008b      	lsls	r3, r1, #2
10004104:	185b      	adds	r3, r3, r1
10004106:	4641      	mov	r1, r8
10004108:	009b      	lsls	r3, r3, #2
1000410a:	58c9      	ldr	r1, [r1, r3]
1000410c:	6834      	ldr	r4, [r6, #0]
1000410e:	1e63      	subs	r3, r4, #1
10004110:	419c      	sbcs	r4, r3
10004112:	2301      	movs	r3, #1
10004114:	4293      	cmp	r3, r2
10004116:	4192      	sbcs	r2, r2
10004118:	4252      	negs	r2, r2
1000411a:	4314      	orrs	r4, r2
1000411c:	6872      	ldr	r2, [r6, #4]
1000411e:	428b      	cmp	r3, r1
10004120:	419b      	sbcs	r3, r3
10004122:	1e50      	subs	r0, r2, #1
10004124:	4182      	sbcs	r2, r0
10004126:	425b      	negs	r3, r3
10004128:	4313      	orrs	r3, r2
1000412a:	9301      	str	r3, [sp, #4]
1000412c:	23d0      	movs	r3, #208	@ 0xd0
1000412e:	9400      	str	r4, [sp, #0]
10004130:	061b      	lsls	r3, r3, #24
10004132:	681b      	ldr	r3, [r3, #0]
10004134:	4698      	mov	r8, r3
10004136:	2c00      	cmp	r4, #0
10004138:	d017      	beq.n	1000416a <xTaskIncrementTick+0xc6>
1000413a:	2b00      	cmp	r3, #0
1000413c:	d100      	bne.n	10004140 <xTaskIncrementTick+0x9c>
1000413e:	e0a2      	b.n	10004286 <xTaskIncrementTick+0x1e2>
10004140:	2400      	movs	r4, #0
10004142:	f3ef 8305 	mrs	r3, IPSR
10004146:	b2db      	uxtb	r3, r3
10004148:	2b00      	cmp	r3, #0
1000414a:	d120      	bne.n	1000418e <xTaskIncrementTick+0xea>
1000414c:	464b      	mov	r3, r9
1000414e:	009b      	lsls	r3, r3, #2
10004150:	469a      	mov	sl, r3
10004152:	58eb      	ldr	r3, [r5, r3]
10004154:	6b9b      	ldr	r3, [r3, #56]	@ 0x38
10004156:	3302      	adds	r3, #2
10004158:	d007      	beq.n	1000416a <xTaskIncrementTick+0xc6>
1000415a:	23d0      	movs	r3, #208	@ 0xd0
1000415c:	061b      	lsls	r3, r3, #24
1000415e:	681b      	ldr	r3, [r3, #0]
10004160:	454b      	cmp	r3, r9
10004162:	d121      	bne.n	100041a8 <xTaskIncrementTick+0x104>
10004164:	2301      	movs	r3, #1
10004166:	4652      	mov	r2, sl
10004168:	50b3      	str	r3, [r6, r2]
1000416a:	464b      	mov	r3, r9
1000416c:	3704      	adds	r7, #4
1000416e:	2b01      	cmp	r3, #1
10004170:	d028      	beq.n	100041c4 <xTaskIncrementTick+0x120>
10004172:	683b      	ldr	r3, [r7, #0]
10004174:	2b00      	cmp	r3, #0
10004176:	d025      	beq.n	100041c4 <xTaskIncrementTick+0x120>
10004178:	4643      	mov	r3, r8
1000417a:	2b01      	cmp	r3, #1
1000417c:	d100      	bne.n	10004180 <xTaskIncrementTick+0xdc>
1000417e:	e080      	b.n	10004282 <xTaskIncrementTick+0x1de>
10004180:	2301      	movs	r3, #1
10004182:	4699      	mov	r9, r3
10004184:	f3ef 8305 	mrs	r3, IPSR
10004188:	b2db      	uxtb	r3, r3
1000418a:	2b00      	cmp	r3, #0
1000418c:	d0de      	beq.n	1000414c <xTaskIncrementTick+0xa8>
1000418e:	23d0      	movs	r3, #208	@ 0xd0
10004190:	061b      	lsls	r3, r3, #24
10004192:	681b      	ldr	r3, [r3, #0]
10004194:	454b      	cmp	r3, r9
10004196:	d100      	bne.n	1000419a <xTaskIncrementTick+0xf6>
10004198:	e080      	b.n	1000429c <xTaskIncrementTick+0x1f8>
1000419a:	464b      	mov	r3, r9
1000419c:	009b      	lsls	r3, r3, #2
1000419e:	469a      	mov	sl, r3
100041a0:	58eb      	ldr	r3, [r5, r3]
100041a2:	6b9b      	ldr	r3, [r3, #56]	@ 0x38
100041a4:	3302      	adds	r3, #2
100041a6:	d0e0      	beq.n	1000416a <xTaskIncrementTick+0xc6>
100041a8:	4648      	mov	r0, r9
100041aa:	f7fd fd13 	bl	10001bd4 <vYieldCore>
100041ae:	4653      	mov	r3, sl
100041b0:	2202      	movs	r2, #2
100041b2:	58eb      	ldr	r3, [r5, r3]
100041b4:	4252      	negs	r2, r2
100041b6:	639a      	str	r2, [r3, #56]	@ 0x38
100041b8:	e7d7      	b.n	1000416a <xTaskIncrementTick+0xc6>
100041ba:	2400      	movs	r4, #0
100041bc:	4a40      	ldr	r2, [pc, #256]	@ (100042c0 <xTaskIncrementTick+0x21c>)
100041be:	6813      	ldr	r3, [r2, #0]
100041c0:	3301      	adds	r3, #1
100041c2:	6013      	str	r3, [r2, #0]
100041c4:	f7ff fc9a 	bl	10003afc <vTaskExitCritical>
100041c8:	0020      	movs	r0, r4
100041ca:	b003      	add	sp, #12
100041cc:	bcf0      	pop	{r4, r5, r6, r7}
100041ce:	46bb      	mov	fp, r7
100041d0:	46b2      	mov	sl, r6
100041d2:	46a9      	mov	r9, r5
100041d4:	46a0      	mov	r8, r4
100041d6:	bdf0      	pop	{r4, r5, r6, r7, pc}
100041d8:	4b3a      	ldr	r3, [pc, #232]	@ (100042c4 <xTaskIncrementTick+0x220>)
100041da:	4a3b      	ldr	r2, [pc, #236]	@ (100042c8 <xTaskIncrementTick+0x224>)
100041dc:	6819      	ldr	r1, [r3, #0]
100041de:	6810      	ldr	r0, [r2, #0]
100041e0:	6018      	str	r0, [r3, #0]
100041e2:	6011      	str	r1, [r2, #0]
100041e4:	4939      	ldr	r1, [pc, #228]	@ (100042cc <xTaskIncrementTick+0x228>)
100041e6:	680a      	ldr	r2, [r1, #0]
100041e8:	3201      	adds	r2, #1
100041ea:	600a      	str	r2, [r1, #0]
100041ec:	681a      	ldr	r2, [r3, #0]
100041ee:	6812      	ldr	r2, [r2, #0]
100041f0:	2a00      	cmp	r2, #0
100041f2:	d13f      	bne.n	10004274 <xTaskIncrementTick+0x1d0>
100041f4:	4b2e      	ldr	r3, [pc, #184]	@ (100042b0 <xTaskIncrementTick+0x20c>)
100041f6:	469b      	mov	fp, r3
100041f8:	2301      	movs	r3, #1
100041fa:	465a      	mov	r2, fp
100041fc:	425b      	negs	r3, r3
100041fe:	6013      	str	r3, [r2, #0]
10004200:	465b      	mov	r3, fp
10004202:	681b      	ldr	r3, [r3, #0]
10004204:	42b3      	cmp	r3, r6
10004206:	d900      	bls.n	1000420a <xTaskIncrementTick+0x166>
10004208:	e76d      	b.n	100040e6 <xTaskIncrementTick+0x42>
1000420a:	4f2e      	ldr	r7, [pc, #184]	@ (100042c4 <xTaskIncrementTick+0x220>)
1000420c:	683b      	ldr	r3, [r7, #0]
1000420e:	681b      	ldr	r3, [r3, #0]
10004210:	2b00      	cmp	r3, #0
10004212:	d03c      	beq.n	1000428e <xTaskIncrementTick+0x1ea>
10004214:	4b27      	ldr	r3, [pc, #156]	@ (100042b4 <xTaskIncrementTick+0x210>)
10004216:	4698      	mov	r8, r3
10004218:	4b2d      	ldr	r3, [pc, #180]	@ (100042d0 <xTaskIncrementTick+0x22c>)
1000421a:	469a      	mov	sl, r3
1000421c:	e021      	b.n	10004262 <xTaskIncrementTick+0x1be>
1000421e:	0025      	movs	r5, r4
10004220:	3508      	adds	r5, #8
10004222:	0028      	movs	r0, r5
10004224:	f7fd ff70 	bl	10002108 <uxListRemove>
10004228:	6ae3      	ldr	r3, [r4, #44]	@ 0x2c
1000422a:	2b00      	cmp	r3, #0
1000422c:	d003      	beq.n	10004236 <xTaskIncrementTick+0x192>
1000422e:	0020      	movs	r0, r4
10004230:	301c      	adds	r0, #28
10004232:	f7fd ff69 	bl	10002108 <uxListRemove>
10004236:	4652      	mov	r2, sl
10004238:	6b23      	ldr	r3, [r4, #48]	@ 0x30
1000423a:	6812      	ldr	r2, [r2, #0]
1000423c:	4293      	cmp	r3, r2
1000423e:	d901      	bls.n	10004244 <xTaskIncrementTick+0x1a0>
10004240:	4652      	mov	r2, sl
10004242:	6013      	str	r3, [r2, #0]
10004244:	0098      	lsls	r0, r3, #2
10004246:	18c0      	adds	r0, r0, r3
10004248:	0080      	lsls	r0, r0, #2
1000424a:	0029      	movs	r1, r5
1000424c:	4440      	add	r0, r8
1000424e:	f7fd ff37 	bl	100020c0 <vListInsertEnd>
10004252:	2101      	movs	r1, #1
10004254:	0020      	movs	r0, r4
10004256:	f7fe fcc3 	bl	10002be0 <prvYieldForTask>
1000425a:	683b      	ldr	r3, [r7, #0]
1000425c:	681b      	ldr	r3, [r3, #0]
1000425e:	2b00      	cmp	r3, #0
10004260:	d017      	beq.n	10004292 <xTaskIncrementTick+0x1ee>
10004262:	683b      	ldr	r3, [r7, #0]
10004264:	68db      	ldr	r3, [r3, #12]
10004266:	68dc      	ldr	r4, [r3, #12]
10004268:	68a3      	ldr	r3, [r4, #8]
1000426a:	429e      	cmp	r6, r3
1000426c:	d2d7      	bcs.n	1000421e <xTaskIncrementTick+0x17a>
1000426e:	465a      	mov	r2, fp
10004270:	6013      	str	r3, [r2, #0]
10004272:	e73a      	b.n	100040ea <xTaskIncrementTick+0x46>
10004274:	681b      	ldr	r3, [r3, #0]
10004276:	4a0e      	ldr	r2, [pc, #56]	@ (100042b0 <xTaskIncrementTick+0x20c>)
10004278:	68db      	ldr	r3, [r3, #12]
1000427a:	4693      	mov	fp, r2
1000427c:	681b      	ldr	r3, [r3, #0]
1000427e:	6013      	str	r3, [r2, #0]
10004280:	e72c      	b.n	100040dc <xTaskIncrementTick+0x38>
10004282:	2401      	movs	r4, #1
10004284:	e79e      	b.n	100041c4 <xTaskIncrementTick+0x120>
10004286:	2300      	movs	r3, #0
10004288:	2401      	movs	r4, #1
1000428a:	4699      	mov	r9, r3
1000428c:	e76d      	b.n	1000416a <xTaskIncrementTick+0xc6>
1000428e:	4b09      	ldr	r3, [pc, #36]	@ (100042b4 <xTaskIncrementTick+0x210>)
10004290:	4698      	mov	r8, r3
10004292:	2301      	movs	r3, #1
10004294:	465a      	mov	r2, fp
10004296:	425b      	negs	r3, r3
10004298:	6013      	str	r3, [r2, #0]
1000429a:	e726      	b.n	100040ea <xTaskIncrementTick+0x46>
1000429c:	464b      	mov	r3, r9
1000429e:	2201      	movs	r2, #1
100042a0:	009b      	lsls	r3, r3, #2
100042a2:	50f2      	str	r2, [r6, r3]
100042a4:	e761      	b.n	1000416a <xTaskIncrementTick+0xc6>
100042a6:	46c0      	nop			@ (mov r8, r8)
100042a8:	20020a9c 	.word	0x20020a9c
100042ac:	20020b70 	.word	0x20020b70
100042b0:	20020b14 	.word	0x20020b14
100042b4:	200007f4 	.word	0x200007f4
100042b8:	200007d8 	.word	0x200007d8
100042bc:	20020b7c 	.word	0x20020b7c
100042c0:	20020b24 	.word	0x20020b24
100042c4:	200007e4 	.word	0x200007e4
100042c8:	200007ec 	.word	0x200007ec
100042cc:	20020b18 	.word	0x20020b18
100042d0:	20020aa4 	.word	0x20020aa4

100042d4 <xTaskResumeAll.part.0>:
100042d4:	b5f8      	push	{r3, r4, r5, r6, r7, lr}
100042d6:	46ce      	mov	lr, r9
100042d8:	4647      	mov	r7, r8
100042da:	b580      	push	{r7, lr}
100042dc:	f7ff fb88 	bl	100039f0 <vTaskEnterCritical>
100042e0:	21d0      	movs	r1, #208	@ 0xd0
100042e2:	0609      	lsls	r1, r1, #24
100042e4:	680b      	ldr	r3, [r1, #0]
100042e6:	4a35      	ldr	r2, [pc, #212]	@ (100043bc <xTaskResumeAll.part.0+0xe8>)
100042e8:	4699      	mov	r9, r3
100042ea:	6813      	ldr	r3, [r2, #0]
100042ec:	3b01      	subs	r3, #1
100042ee:	6013      	str	r3, [r2, #0]
100042f0:	6808      	ldr	r0, [r1, #0]
100042f2:	4933      	ldr	r1, [pc, #204]	@ (100043c0 <xTaskResumeAll.part.0+0xec>)
100042f4:	784b      	ldrb	r3, [r1, #1]
100042f6:	3b01      	subs	r3, #1
100042f8:	b2db      	uxtb	r3, r3
100042fa:	704b      	strb	r3, [r1, #1]
100042fc:	2b00      	cmp	r3, #0
100042fe:	d109      	bne.n	10004314 <xTaskResumeAll.part.0+0x40>
10004300:	2402      	movs	r4, #2
10004302:	4930      	ldr	r1, [pc, #192]	@ (100043c4 <xTaskResumeAll.part.0+0xf0>)
10004304:	5c0b      	ldrb	r3, [r1, r0]
10004306:	43a3      	bics	r3, r4
10004308:	540b      	strb	r3, [r1, r0]
1000430a:	f3bf 8f5f 	dmb	sy
1000430e:	2101      	movs	r1, #1
10004310:	4b2d      	ldr	r3, [pc, #180]	@ (100043c8 <xTaskResumeAll.part.0+0xf4>)
10004312:	6019      	str	r1, [r3, #0]
10004314:	6813      	ldr	r3, [r2, #0]
10004316:	2400      	movs	r4, #0
10004318:	2b00      	cmp	r3, #0
1000431a:	d142      	bne.n	100043a2 <xTaskResumeAll.part.0+0xce>
1000431c:	4b2b      	ldr	r3, [pc, #172]	@ (100043cc <xTaskResumeAll.part.0+0xf8>)
1000431e:	681b      	ldr	r3, [r3, #0]
10004320:	2b00      	cmp	r3, #0
10004322:	d03e      	beq.n	100043a2 <xTaskResumeAll.part.0+0xce>
10004324:	4d2a      	ldr	r5, [pc, #168]	@ (100043d0 <xTaskResumeAll.part.0+0xfc>)
10004326:	682b      	ldr	r3, [r5, #0]
10004328:	2b00      	cmp	r3, #0
1000432a:	d024      	beq.n	10004376 <xTaskResumeAll.part.0+0xa2>
1000432c:	4b29      	ldr	r3, [pc, #164]	@ (100043d4 <xTaskResumeAll.part.0+0x100>)
1000432e:	4e2a      	ldr	r6, [pc, #168]	@ (100043d8 <xTaskResumeAll.part.0+0x104>)
10004330:	4698      	mov	r8, r3
10004332:	68eb      	ldr	r3, [r5, #12]
10004334:	68df      	ldr	r7, [r3, #12]
10004336:	0038      	movs	r0, r7
10004338:	003c      	movs	r4, r7
1000433a:	301c      	adds	r0, #28
1000433c:	3408      	adds	r4, #8
1000433e:	f7fd fee3 	bl	10002108 <uxListRemove>
10004342:	0020      	movs	r0, r4
10004344:	f7fd fee0 	bl	10002108 <uxListRemove>
10004348:	6b3b      	ldr	r3, [r7, #48]	@ 0x30
1000434a:	6832      	ldr	r2, [r6, #0]
1000434c:	4293      	cmp	r3, r2
1000434e:	d900      	bls.n	10004352 <xTaskResumeAll.part.0+0x7e>
10004350:	6033      	str	r3, [r6, #0]
10004352:	0098      	lsls	r0, r3, #2
10004354:	18c0      	adds	r0, r0, r3
10004356:	0080      	lsls	r0, r0, #2
10004358:	0021      	movs	r1, r4
1000435a:	4440      	add	r0, r8
1000435c:	f7fd feb0 	bl	100020c0 <vListInsertEnd>
10004360:	682b      	ldr	r3, [r5, #0]
10004362:	2b00      	cmp	r3, #0
10004364:	d1e5      	bne.n	10004332 <xTaskResumeAll.part.0+0x5e>
10004366:	4b1d      	ldr	r3, [pc, #116]	@ (100043dc <xTaskResumeAll.part.0+0x108>)
10004368:	681a      	ldr	r2, [r3, #0]
1000436a:	6812      	ldr	r2, [r2, #0]
1000436c:	2a00      	cmp	r2, #0
1000436e:	d11f      	bne.n	100043b0 <xTaskResumeAll.part.0+0xdc>
10004370:	4b1b      	ldr	r3, [pc, #108]	@ (100043e0 <xTaskResumeAll.part.0+0x10c>)
10004372:	3a01      	subs	r2, #1
10004374:	601a      	str	r2, [r3, #0]
10004376:	4b1b      	ldr	r3, [pc, #108]	@ (100043e4 <xTaskResumeAll.part.0+0x110>)
10004378:	4d1b      	ldr	r5, [pc, #108]	@ (100043e8 <xTaskResumeAll.part.0+0x114>)
1000437a:	4698      	mov	r8, r3
1000437c:	681c      	ldr	r4, [r3, #0]
1000437e:	464b      	mov	r3, r9
10004380:	009f      	lsls	r7, r3, #2
10004382:	2c00      	cmp	r4, #0
10004384:	d00a      	beq.n	1000439c <xTaskResumeAll.part.0+0xc8>
10004386:	2601      	movs	r6, #1
10004388:	f7ff fe8c 	bl	100040a4 <xTaskIncrementTick>
1000438c:	2800      	cmp	r0, #0
1000438e:	d000      	beq.n	10004392 <xTaskResumeAll.part.0+0xbe>
10004390:	51ee      	str	r6, [r5, r7]
10004392:	3c01      	subs	r4, #1
10004394:	2c00      	cmp	r4, #0
10004396:	d1f7      	bne.n	10004388 <xTaskResumeAll.part.0+0xb4>
10004398:	4643      	mov	r3, r8
1000439a:	601c      	str	r4, [r3, #0]
1000439c:	59ec      	ldr	r4, [r5, r7]
1000439e:	1e63      	subs	r3, r4, #1
100043a0:	419c      	sbcs	r4, r3
100043a2:	f7ff fbab 	bl	10003afc <vTaskExitCritical>
100043a6:	0020      	movs	r0, r4
100043a8:	bcc0      	pop	{r6, r7}
100043aa:	46b9      	mov	r9, r7
100043ac:	46b0      	mov	r8, r6
100043ae:	bdf8      	pop	{r3, r4, r5, r6, r7, pc}
100043b0:	681b      	ldr	r3, [r3, #0]
100043b2:	68db      	ldr	r3, [r3, #12]
100043b4:	681a      	ldr	r2, [r3, #0]
100043b6:	4b0a      	ldr	r3, [pc, #40]	@ (100043e0 <xTaskResumeAll.part.0+0x10c>)
100043b8:	601a      	str	r2, [r3, #0]
100043ba:	e7dc      	b.n	10004376 <xTaskResumeAll.part.0+0xa2>
100043bc:	20020a9c 	.word	0x20020a9c
100043c0:	20020a88 	.word	0x20020a88
100043c4:	20020a84 	.word	0x20020a84
100043c8:	d000013c 	.word	0xd000013c
100043cc:	20020a94 	.word	0x20020a94
100043d0:	20020b28 	.word	0x20020b28
100043d4:	200007f4 	.word	0x200007f4
100043d8:	20020aa4 	.word	0x20020aa4
100043dc:	200007e4 	.word	0x200007e4
100043e0:	20020b14 	.word	0x20020b14
100043e4:	20020b24 	.word	0x20020b24
100043e8:	20020b7c 	.word	0x20020b7c

100043ec <xTaskResumeAll>:
100043ec:	4b04      	ldr	r3, [pc, #16]	@ (10004400 <xTaskResumeAll+0x14>)
100043ee:	b510      	push	{r4, lr}
100043f0:	6818      	ldr	r0, [r3, #0]
100043f2:	2800      	cmp	r0, #0
100043f4:	d100      	bne.n	100043f8 <xTaskResumeAll+0xc>
100043f6:	bd10      	pop	{r4, pc}
100043f8:	f7ff ff6c 	bl	100042d4 <xTaskResumeAll.part.0>
100043fc:	e7fb      	b.n	100043f6 <xTaskResumeAll+0xa>
100043fe:	46c0      	nop			@ (mov r8, r8)
10004400:	20020b3c 	.word	0x20020b3c

10004404 <vTaskDelay>:
10004404:	b570      	push	{r4, r5, r6, lr}
10004406:	1e04      	subs	r4, r0, #0
10004408:	d00a      	beq.n	10004420 <vTaskDelay+0x1c>
1000440a:	4d17      	ldr	r5, [pc, #92]	@ (10004468 <vTaskDelay+0x64>)
1000440c:	682b      	ldr	r3, [r5, #0]
1000440e:	2b00      	cmp	r3, #0
10004410:	d11d      	bne.n	1000444e <vTaskDelay+0x4a>
10004412:	2100      	movs	r1, #0
10004414:	0020      	movs	r0, r4
10004416:	f7fe fa31 	bl	1000287c <prvAddCurrentTaskToDelayedList>
1000441a:	682b      	ldr	r3, [r5, #0]
1000441c:	2b00      	cmp	r3, #0
1000441e:	d111      	bne.n	10004444 <vTaskDelay+0x40>
10004420:	f3ef 8110 	mrs	r1, PRIMASK
10004424:	b672      	cpsid	i
10004426:	23d0      	movs	r3, #208	@ 0xd0
10004428:	061b      	lsls	r3, r3, #24
1000442a:	681b      	ldr	r3, [r3, #0]
1000442c:	4a0f      	ldr	r2, [pc, #60]	@ (1000446c <vTaskDelay+0x68>)
1000442e:	009b      	lsls	r3, r3, #2
10004430:	589a      	ldr	r2, [r3, r2]
10004432:	f381 8810 	msr	PRIMASK, r1
10004436:	6d12      	ldr	r2, [r2, #80]	@ 0x50
10004438:	2a00      	cmp	r2, #0
1000443a:	d012      	beq.n	10004462 <vTaskDelay+0x5e>
1000443c:	2101      	movs	r1, #1
1000443e:	4a0c      	ldr	r2, [pc, #48]	@ (10004470 <vTaskDelay+0x6c>)
10004440:	5099      	str	r1, [r3, r2]
10004442:	bd70      	pop	{r4, r5, r6, pc}
10004444:	f7ff ff46 	bl	100042d4 <xTaskResumeAll.part.0>
10004448:	2800      	cmp	r0, #0
1000444a:	d0e9      	beq.n	10004420 <vTaskDelay+0x1c>
1000444c:	e7f9      	b.n	10004442 <vTaskDelay+0x3e>
1000444e:	f7fe fb4f 	bl	10002af0 <vTaskSuspendAll.part.0>
10004452:	2100      	movs	r1, #0
10004454:	0020      	movs	r0, r4
10004456:	f7fe fa11 	bl	1000287c <prvAddCurrentTaskToDelayedList>
1000445a:	682b      	ldr	r3, [r5, #0]
1000445c:	2b00      	cmp	r3, #0
1000445e:	d0df      	beq.n	10004420 <vTaskDelay+0x1c>
10004460:	e7f0      	b.n	10004444 <vTaskDelay+0x40>
10004462:	f7fd fb93 	bl	10001b8c <vPortYield>
10004466:	e7ec      	b.n	10004442 <vTaskDelay+0x3e>
10004468:	20020b3c 	.word	0x20020b3c
1000446c:	200007d8 	.word	0x200007d8
10004470:	20020b7c 	.word	0x20020b7c

10004474 <vTaskRemoveFromUnorderedEventList>:
10004474:	b570      	push	{r4, r5, r6, lr}
10004476:	2380      	movs	r3, #128	@ 0x80
10004478:	68c4      	ldr	r4, [r0, #12]
1000447a:	061b      	lsls	r3, r3, #24
1000447c:	0025      	movs	r5, r4
1000447e:	430b      	orrs	r3, r1
10004480:	6003      	str	r3, [r0, #0]
10004482:	3508      	adds	r5, #8
10004484:	f7fd fe40 	bl	10002108 <uxListRemove>
10004488:	0028      	movs	r0, r5
1000448a:	f7fd fe3d 	bl	10002108 <uxListRemove>
1000448e:	4a0b      	ldr	r2, [pc, #44]	@ (100044bc <vTaskRemoveFromUnorderedEventList+0x48>)
10004490:	6b23      	ldr	r3, [r4, #48]	@ 0x30
10004492:	6811      	ldr	r1, [r2, #0]
10004494:	428b      	cmp	r3, r1
10004496:	d900      	bls.n	1000449a <vTaskRemoveFromUnorderedEventList+0x26>
10004498:	6013      	str	r3, [r2, #0]
1000449a:	0098      	lsls	r0, r3, #2
1000449c:	18c0      	adds	r0, r0, r3
1000449e:	4b08      	ldr	r3, [pc, #32]	@ (100044c0 <vTaskRemoveFromUnorderedEventList+0x4c>)
100044a0:	0080      	lsls	r0, r0, #2
100044a2:	18c0      	adds	r0, r0, r3
100044a4:	0029      	movs	r1, r5
100044a6:	f7fd fe0b 	bl	100020c0 <vListInsertEnd>
100044aa:	f7ff faa1 	bl	100039f0 <vTaskEnterCritical>
100044ae:	2100      	movs	r1, #0
100044b0:	0020      	movs	r0, r4
100044b2:	f7fe fb95 	bl	10002be0 <prvYieldForTask>
100044b6:	f7ff fb21 	bl	10003afc <vTaskExitCritical>
100044ba:	bd70      	pop	{r4, r5, r6, pc}
100044bc:	20020aa4 	.word	0x20020aa4
100044c0:	200007f4 	.word	0x200007f4

100044c4 <uxTaskResetEventItemValue>:
100044c4:	f3ef 8010 	mrs	r0, PRIMASK
100044c8:	b672      	cpsid	i
100044ca:	22d0      	movs	r2, #208	@ 0xd0
100044cc:	0612      	lsls	r2, r2, #24
100044ce:	6811      	ldr	r1, [r2, #0]
100044d0:	4b0d      	ldr	r3, [pc, #52]	@ (10004508 <uxTaskResetEventItemValue+0x44>)
100044d2:	0089      	lsls	r1, r1, #2
100044d4:	58c9      	ldr	r1, [r1, r3]
100044d6:	f380 8810 	msr	PRIMASK, r0
100044da:	69c8      	ldr	r0, [r1, #28]
100044dc:	f3ef 8c10 	mrs	ip, PRIMASK
100044e0:	b672      	cpsid	i
100044e2:	6811      	ldr	r1, [r2, #0]
100044e4:	0089      	lsls	r1, r1, #2
100044e6:	58c9      	ldr	r1, [r1, r3]
100044e8:	f38c 8810 	msr	PRIMASK, ip
100044ec:	6b09      	ldr	r1, [r1, #48]	@ 0x30
100044ee:	f3ef 8c10 	mrs	ip, PRIMASK
100044f2:	b672      	cpsid	i
100044f4:	6812      	ldr	r2, [r2, #0]
100044f6:	0092      	lsls	r2, r2, #2
100044f8:	58d2      	ldr	r2, [r2, r3]
100044fa:	f38c 8810 	msr	PRIMASK, ip
100044fe:	2320      	movs	r3, #32
10004500:	1a5b      	subs	r3, r3, r1
10004502:	61d3      	str	r3, [r2, #28]
10004504:	4770      	bx	lr
10004506:	46c0      	nop			@ (mov r8, r8)
10004508:	200007d8 	.word	0x200007d8

1000450c <prvSwitchTimerLists>:
1000450c:	b5f0      	push	{r4, r5, r6, r7, lr}
1000450e:	4646      	mov	r6, r8
10004510:	464f      	mov	r7, r9
10004512:	46d6      	mov	lr, sl
10004514:	2328      	movs	r3, #40	@ 0x28
10004516:	b5c0      	push	{r6, r7, lr}
10004518:	4698      	mov	r8, r3
1000451a:	2704      	movs	r7, #4
1000451c:	4e1f      	ldr	r6, [pc, #124]	@ (1000459c <prvSwitchTimerLists+0x90>)
1000451e:	b084      	sub	sp, #16
10004520:	e00e      	b.n	10004540 <prvSwitchTimerLists+0x34>
10004522:	68db      	ldr	r3, [r3, #12]
10004524:	68dc      	ldr	r4, [r3, #12]
10004526:	681a      	ldr	r2, [r3, #0]
10004528:	1d25      	adds	r5, r4, #4
1000452a:	0028      	movs	r0, r5
1000452c:	4691      	mov	r9, r2
1000452e:	f7fd fdeb 	bl	10002108 <uxListRemove>
10004532:	6a23      	ldr	r3, [r4, #32]
10004534:	0020      	movs	r0, r4
10004536:	4798      	blx	r3
10004538:	4643      	mov	r3, r8
1000453a:	5ce3      	ldrb	r3, [r4, r3]
1000453c:	421f      	tst	r7, r3
1000453e:	d10d      	bne.n	1000455c <prvSwitchTimerLists+0x50>
10004540:	6833      	ldr	r3, [r6, #0]
10004542:	681a      	ldr	r2, [r3, #0]
10004544:	2a00      	cmp	r2, #0
10004546:	d1ec      	bne.n	10004522 <prvSwitchTimerLists+0x16>
10004548:	4a15      	ldr	r2, [pc, #84]	@ (100045a0 <prvSwitchTimerLists+0x94>)
1000454a:	6811      	ldr	r1, [r2, #0]
1000454c:	6013      	str	r3, [r2, #0]
1000454e:	6031      	str	r1, [r6, #0]
10004550:	b004      	add	sp, #16
10004552:	bce0      	pop	{r5, r6, r7}
10004554:	46ba      	mov	sl, r7
10004556:	46b1      	mov	r9, r6
10004558:	46a8      	mov	r8, r5
1000455a:	bdf0      	pop	{r4, r5, r6, r7, pc}
1000455c:	69a3      	ldr	r3, [r4, #24]
1000455e:	444b      	add	r3, r9
10004560:	4599      	cmp	r9, r3
10004562:	d313      	bcc.n	1000458c <prvSwitchTimerLists+0x80>
10004564:	4b0f      	ldr	r3, [pc, #60]	@ (100045a4 <prvSwitchTimerLists+0x98>)
10004566:	469a      	mov	sl, r3
10004568:	681b      	ldr	r3, [r3, #0]
1000456a:	2b00      	cmp	r3, #0
1000456c:	d0e8      	beq.n	10004540 <prvSwitchTimerLists+0x34>
1000456e:	2300      	movs	r3, #0
10004570:	9300      	str	r3, [sp, #0]
10004572:	464b      	mov	r3, r9
10004574:	9402      	str	r4, [sp, #8]
10004576:	9301      	str	r3, [sp, #4]
10004578:	f7ff f8fa 	bl	10003770 <xTaskGetSchedulerState>
1000457c:	4653      	mov	r3, sl
1000457e:	2200      	movs	r2, #0
10004580:	4669      	mov	r1, sp
10004582:	6818      	ldr	r0, [r3, #0]
10004584:	2300      	movs	r3, #0
10004586:	f7fd ff01 	bl	1000238c <xQueueGenericSend>
1000458a:	e7d9      	b.n	10004540 <prvSwitchTimerLists+0x34>
1000458c:	0029      	movs	r1, r5
1000458e:	6830      	ldr	r0, [r6, #0]
10004590:	6063      	str	r3, [r4, #4]
10004592:	6124      	str	r4, [r4, #16]
10004594:	f7fd fda0 	bl	100020d8 <vListInsert>
10004598:	e7d2      	b.n	10004540 <prvSwitchTimerLists+0x34>
1000459a:	46c0      	nop			@ (mov r8, r8)
1000459c:	200007e0 	.word	0x200007e0
100045a0:	200007f0 	.word	0x200007f0
100045a4:	20020b74 	.word	0x20020b74

100045a8 <prvTimerTask>:
100045a8:	b5f0      	push	{r4, r5, r6, r7, lr}
100045aa:	4645      	mov	r5, r8
100045ac:	46de      	mov	lr, fp
100045ae:	464e      	mov	r6, r9
100045b0:	4657      	mov	r7, sl
100045b2:	4b8f      	ldr	r3, [pc, #572]	@ (100047f0 <prvTimerTask+0x248>)
100045b4:	b5e0      	push	{r5, r6, r7, lr}
100045b6:	4699      	mov	r9, r3
100045b8:	4b8e      	ldr	r3, [pc, #568]	@ (100047f4 <prvTimerTask+0x24c>)
100045ba:	b08d      	sub	sp, #52	@ 0x34
100045bc:	4698      	mov	r8, r3
100045be:	4b8e      	ldr	r3, [pc, #568]	@ (100047f8 <prvTimerTask+0x250>)
100045c0:	4d8e      	ldr	r5, [pc, #568]	@ (100047fc <prvTimerTask+0x254>)
100045c2:	9302      	str	r3, [sp, #8]
100045c4:	4b8e      	ldr	r3, [pc, #568]	@ (10004800 <prvTimerTask+0x258>)
100045c6:	ac04      	add	r4, sp, #16
100045c8:	9301      	str	r3, [sp, #4]
100045ca:	2328      	movs	r3, #40	@ 0x28
100045cc:	469b      	mov	fp, r3
100045ce:	464b      	mov	r3, r9
100045d0:	681b      	ldr	r3, [r3, #0]
100045d2:	681f      	ldr	r7, [r3, #0]
100045d4:	2f00      	cmp	r7, #0
100045d6:	d000      	beq.n	100045da <prvTimerTask+0x32>
100045d8:	e093      	b.n	10004702 <prvTimerTask+0x15a>
100045da:	f7fe fb77 	bl	10002ccc <vTaskSuspendAll>
100045de:	f7fe fbf5 	bl	10002dcc <xTaskGetTickCount>
100045e2:	4643      	mov	r3, r8
100045e4:	681b      	ldr	r3, [r3, #0]
100045e6:	0006      	movs	r6, r0
100045e8:	4298      	cmp	r0, r3
100045ea:	d200      	bcs.n	100045ee <prvTimerTask+0x46>
100045ec:	e0a5      	b.n	1000473a <prvTimerTask+0x192>
100045ee:	4643      	mov	r3, r8
100045f0:	6018      	str	r0, [r3, #0]
100045f2:	9b02      	ldr	r3, [sp, #8]
100045f4:	6828      	ldr	r0, [r5, #0]
100045f6:	681b      	ldr	r3, [r3, #0]
100045f8:	1bb9      	subs	r1, r7, r6
100045fa:	681a      	ldr	r2, [r3, #0]
100045fc:	4253      	negs	r3, r2
100045fe:	415a      	adcs	r2, r3
10004600:	f7fe f90c 	bl	1000281c <vQueueWaitForMessageRestricted>
10004604:	f7ff fef2 	bl	100043ec <xTaskResumeAll>
10004608:	2800      	cmp	r0, #0
1000460a:	d100      	bne.n	1000460e <prvTimerTask+0x66>
1000460c:	e092      	b.n	10004734 <prvTimerTask+0x18c>
1000460e:	2200      	movs	r2, #0
10004610:	0021      	movs	r1, r4
10004612:	6828      	ldr	r0, [r5, #0]
10004614:	f7fe f844 	bl	100026a0 <xQueueReceive>
10004618:	2800      	cmp	r0, #0
1000461a:	d0d8      	beq.n	100045ce <prvTimerTask+0x26>
1000461c:	6823      	ldr	r3, [r4, #0]
1000461e:	68a0      	ldr	r0, [r4, #8]
10004620:	2b00      	cmp	r3, #0
10004622:	db67      	blt.n	100046f4 <prvTimerTask+0x14c>
10004624:	68a6      	ldr	r6, [r4, #8]
10004626:	6973      	ldr	r3, [r6, #20]
10004628:	2b00      	cmp	r3, #0
1000462a:	d002      	beq.n	10004632 <prvTimerTask+0x8a>
1000462c:	1d30      	adds	r0, r6, #4
1000462e:	f7fd fd6b 	bl	10002108 <uxListRemove>
10004632:	f7fe fbcb 	bl	10002dcc <xTaskGetTickCount>
10004636:	4643      	mov	r3, r8
10004638:	681b      	ldr	r3, [r3, #0]
1000463a:	0007      	movs	r7, r0
1000463c:	4298      	cmp	r0, r3
1000463e:	d200      	bcs.n	10004642 <prvTimerTask+0x9a>
10004640:	e082      	b.n	10004748 <prvTimerTask+0x1a0>
10004642:	4643      	mov	r3, r8
10004644:	601f      	str	r7, [r3, #0]
10004646:	6823      	ldr	r3, [r4, #0]
10004648:	2b09      	cmp	r3, #9
1000464a:	d8e0      	bhi.n	1000460e <prvTimerTask+0x66>
1000464c:	9a01      	ldr	r2, [sp, #4]
1000464e:	009b      	lsls	r3, r3, #2
10004650:	58d3      	ldr	r3, [r2, r3]
10004652:	469f      	mov	pc, r3
10004654:	465b      	mov	r3, fp
10004656:	2201      	movs	r2, #1
10004658:	5cf3      	ldrb	r3, [r6, r3]
1000465a:	4313      	orrs	r3, r2
1000465c:	465a      	mov	r2, fp
1000465e:	54b3      	strb	r3, [r6, r2]
10004660:	69b1      	ldr	r1, [r6, #24]
10004662:	6863      	ldr	r3, [r4, #4]
10004664:	6136      	str	r6, [r6, #16]
10004666:	185a      	adds	r2, r3, r1
10004668:	6072      	str	r2, [r6, #4]
1000466a:	42ba      	cmp	r2, r7
1000466c:	d86f      	bhi.n	1000474e <prvTimerTask+0x1a6>
1000466e:	1afb      	subs	r3, r7, r3
10004670:	4299      	cmp	r1, r3
10004672:	d829      	bhi.n	100046c8 <prvTimerTask+0x120>
10004674:	6a33      	ldr	r3, [r6, #32]
10004676:	0030      	movs	r0, r6
10004678:	4798      	blx	r3
1000467a:	465b      	mov	r3, fp
1000467c:	2204      	movs	r2, #4
1000467e:	5cf3      	ldrb	r3, [r6, r3]
10004680:	421a      	tst	r2, r3
10004682:	d0c4      	beq.n	1000460e <prvTimerTask+0x66>
10004684:	682b      	ldr	r3, [r5, #0]
10004686:	2b00      	cmp	r3, #0
10004688:	d0c1      	beq.n	1000460e <prvTimerTask+0x66>
1000468a:	2100      	movs	r1, #0
1000468c:	69b2      	ldr	r2, [r6, #24]
1000468e:	6863      	ldr	r3, [r4, #4]
10004690:	9108      	str	r1, [sp, #32]
10004692:	189b      	adds	r3, r3, r2
10004694:	9309      	str	r3, [sp, #36]	@ 0x24
10004696:	960a      	str	r6, [sp, #40]	@ 0x28
10004698:	f7ff f86a 	bl	10003770 <xTaskGetSchedulerState>
1000469c:	2300      	movs	r3, #0
1000469e:	2200      	movs	r2, #0
100046a0:	6828      	ldr	r0, [r5, #0]
100046a2:	a908      	add	r1, sp, #32
100046a4:	f7fd fe72 	bl	1000238c <xQueueGenericSend>
100046a8:	e7b1      	b.n	1000460e <prvTimerTask+0x66>
100046aa:	465b      	mov	r3, fp
100046ac:	2201      	movs	r2, #1
100046ae:	5cf3      	ldrb	r3, [r6, r3]
100046b0:	4313      	orrs	r3, r2
100046b2:	465a      	mov	r2, fp
100046b4:	54b3      	strb	r3, [r6, r2]
100046b6:	6863      	ldr	r3, [r4, #4]
100046b8:	6136      	str	r6, [r6, #16]
100046ba:	19da      	adds	r2, r3, r7
100046bc:	61b3      	str	r3, [r6, #24]
100046be:	6072      	str	r2, [r6, #4]
100046c0:	42ba      	cmp	r2, r7
100046c2:	d848      	bhi.n	10004756 <prvTimerTask+0x1ae>
100046c4:	2b00      	cmp	r3, #0
100046c6:	d0a2      	beq.n	1000460e <prvTimerTask+0x66>
100046c8:	9b02      	ldr	r3, [sp, #8]
100046ca:	1d31      	adds	r1, r6, #4
100046cc:	6818      	ldr	r0, [r3, #0]
100046ce:	f7fd fd03 	bl	100020d8 <vListInsert>
100046d2:	e79c      	b.n	1000460e <prvTimerTask+0x66>
100046d4:	465b      	mov	r3, fp
100046d6:	2201      	movs	r2, #1
100046d8:	5cf3      	ldrb	r3, [r6, r3]
100046da:	4393      	bics	r3, r2
100046dc:	465a      	mov	r2, fp
100046de:	54b3      	strb	r3, [r6, r2]
100046e0:	e795      	b.n	1000460e <prvTimerTask+0x66>
100046e2:	465b      	mov	r3, fp
100046e4:	5cf3      	ldrb	r3, [r6, r3]
100046e6:	079a      	lsls	r2, r3, #30
100046e8:	d557      	bpl.n	1000479a <prvTimerTask+0x1f2>
100046ea:	2201      	movs	r2, #1
100046ec:	4393      	bics	r3, r2
100046ee:	465a      	mov	r2, fp
100046f0:	54b3      	strb	r3, [r6, r2]
100046f2:	e78c      	b.n	1000460e <prvTimerTask+0x66>
100046f4:	6863      	ldr	r3, [r4, #4]
100046f6:	68e1      	ldr	r1, [r4, #12]
100046f8:	4798      	blx	r3
100046fa:	6823      	ldr	r3, [r4, #0]
100046fc:	2b00      	cmp	r3, #0
100046fe:	db86      	blt.n	1000460e <prvTimerTask+0x66>
10004700:	e790      	b.n	10004624 <prvTimerTask+0x7c>
10004702:	68db      	ldr	r3, [r3, #12]
10004704:	681f      	ldr	r7, [r3, #0]
10004706:	f7fe fae1 	bl	10002ccc <vTaskSuspendAll>
1000470a:	f7fe fb5f 	bl	10002dcc <xTaskGetTickCount>
1000470e:	4643      	mov	r3, r8
10004710:	681b      	ldr	r3, [r3, #0]
10004712:	0006      	movs	r6, r0
10004714:	4298      	cmp	r0, r3
10004716:	d310      	bcc.n	1000473a <prvTimerTask+0x192>
10004718:	4643      	mov	r3, r8
1000471a:	6018      	str	r0, [r3, #0]
1000471c:	4287      	cmp	r7, r0
1000471e:	d920      	bls.n	10004762 <prvTimerTask+0x1ba>
10004720:	2200      	movs	r2, #0
10004722:	6828      	ldr	r0, [r5, #0]
10004724:	1bb9      	subs	r1, r7, r6
10004726:	f7fe f879 	bl	1000281c <vQueueWaitForMessageRestricted>
1000472a:	f7ff fe5f 	bl	100043ec <xTaskResumeAll>
1000472e:	2800      	cmp	r0, #0
10004730:	d000      	beq.n	10004734 <prvTimerTask+0x18c>
10004732:	e76c      	b.n	1000460e <prvTimerTask+0x66>
10004734:	f7ff f942 	bl	100039bc <vTaskYieldWithinAPI>
10004738:	e769      	b.n	1000460e <prvTimerTask+0x66>
1000473a:	f7ff fee7 	bl	1000450c <prvSwitchTimerLists>
1000473e:	4643      	mov	r3, r8
10004740:	601e      	str	r6, [r3, #0]
10004742:	f7ff fe53 	bl	100043ec <xTaskResumeAll>
10004746:	e762      	b.n	1000460e <prvTimerTask+0x66>
10004748:	f7ff fee0 	bl	1000450c <prvSwitchTimerLists>
1000474c:	e779      	b.n	10004642 <prvTimerTask+0x9a>
1000474e:	42bb      	cmp	r3, r7
10004750:	d901      	bls.n	10004756 <prvTimerTask+0x1ae>
10004752:	4293      	cmp	r3, r2
10004754:	d98e      	bls.n	10004674 <prvTimerTask+0xcc>
10004756:	464b      	mov	r3, r9
10004758:	1d31      	adds	r1, r6, #4
1000475a:	6818      	ldr	r0, [r3, #0]
1000475c:	f7fd fcbc 	bl	100020d8 <vListInsert>
10004760:	e755      	b.n	1000460e <prvTimerTask+0x66>
10004762:	f7ff fe43 	bl	100043ec <xTaskResumeAll>
10004766:	464b      	mov	r3, r9
10004768:	681b      	ldr	r3, [r3, #0]
1000476a:	68db      	ldr	r3, [r3, #12]
1000476c:	68db      	ldr	r3, [r3, #12]
1000476e:	469a      	mov	sl, r3
10004770:	3304      	adds	r3, #4
10004772:	0018      	movs	r0, r3
10004774:	9303      	str	r3, [sp, #12]
10004776:	f7fd fcc7 	bl	10002108 <uxListRemove>
1000477a:	465a      	mov	r2, fp
1000477c:	4653      	mov	r3, sl
1000477e:	5c9b      	ldrb	r3, [r3, r2]
10004780:	2204      	movs	r2, #4
10004782:	421a      	tst	r2, r3
10004784:	d10d      	bne.n	100047a2 <prvTimerTask+0x1fa>
10004786:	2201      	movs	r2, #1
10004788:	4659      	mov	r1, fp
1000478a:	4393      	bics	r3, r2
1000478c:	4652      	mov	r2, sl
1000478e:	5453      	strb	r3, [r2, r1]
10004790:	4653      	mov	r3, sl
10004792:	4650      	mov	r0, sl
10004794:	6a1b      	ldr	r3, [r3, #32]
10004796:	4798      	blx	r3
10004798:	e739      	b.n	1000460e <prvTimerTask+0x66>
1000479a:	0030      	movs	r0, r6
1000479c:	f000 f9f4 	bl	10004b88 <vPortFree>
100047a0:	e735      	b.n	1000460e <prvTimerTask+0x66>
100047a2:	4653      	mov	r3, sl
100047a4:	4651      	mov	r1, sl
100047a6:	699a      	ldr	r2, [r3, #24]
100047a8:	6109      	str	r1, [r1, #16]
100047aa:	18bb      	adds	r3, r7, r2
100047ac:	604b      	str	r3, [r1, #4]
100047ae:	42b3      	cmp	r3, r6
100047b0:	d905      	bls.n	100047be <prvTimerTask+0x216>
100047b2:	464b      	mov	r3, r9
100047b4:	9903      	ldr	r1, [sp, #12]
100047b6:	6818      	ldr	r0, [r3, #0]
100047b8:	f7fd fc8e 	bl	100020d8 <vListInsert>
100047bc:	e7e8      	b.n	10004790 <prvTimerTask+0x1e8>
100047be:	1bf6      	subs	r6, r6, r7
100047c0:	42b2      	cmp	r2, r6
100047c2:	d80f      	bhi.n	100047e4 <prvTimerTask+0x23c>
100047c4:	682b      	ldr	r3, [r5, #0]
100047c6:	2b00      	cmp	r3, #0
100047c8:	d0e2      	beq.n	10004790 <prvTimerTask+0x1e8>
100047ca:	2300      	movs	r3, #0
100047cc:	910a      	str	r1, [sp, #40]	@ 0x28
100047ce:	9308      	str	r3, [sp, #32]
100047d0:	9709      	str	r7, [sp, #36]	@ 0x24
100047d2:	f7fe ffcd 	bl	10003770 <xTaskGetSchedulerState>
100047d6:	2300      	movs	r3, #0
100047d8:	2200      	movs	r2, #0
100047da:	6828      	ldr	r0, [r5, #0]
100047dc:	a908      	add	r1, sp, #32
100047de:	f7fd fdd5 	bl	1000238c <xQueueGenericSend>
100047e2:	e7d5      	b.n	10004790 <prvTimerTask+0x1e8>
100047e4:	9b02      	ldr	r3, [sp, #8]
100047e6:	9903      	ldr	r1, [sp, #12]
100047e8:	6818      	ldr	r0, [r3, #0]
100047ea:	f7fd fc75 	bl	100020d8 <vListInsert>
100047ee:	e7cf      	b.n	10004790 <prvTimerTask+0x1e8>
100047f0:	200007e0 	.word	0x200007e0
100047f4:	20020b0c 	.word	0x20020b0c
100047f8:	200007f0 	.word	0x200007f0
100047fc:	20020b74 	.word	0x20020b74
10004800:	10004f38 	.word	0x10004f38

10004804 <xTimerCreateTimerTask>:
10004804:	b570      	push	{r4, r5, r6, lr}
10004806:	b082      	sub	sp, #8
10004808:	f7ff f8f2 	bl	100039f0 <vTaskEnterCritical>
1000480c:	4c17      	ldr	r4, [pc, #92]	@ (1000486c <xTimerCreateTimerTask+0x68>)
1000480e:	6823      	ldr	r3, [r4, #0]
10004810:	2b00      	cmp	r3, #0
10004812:	d012      	beq.n	1000483a <xTimerCreateTimerTask+0x36>
10004814:	f7ff f972 	bl	10003afc <vTaskExitCritical>
10004818:	6823      	ldr	r3, [r4, #0]
1000481a:	2000      	movs	r0, #0
1000481c:	2b00      	cmp	r3, #0
1000481e:	d00a      	beq.n	10004836 <xTimerCreateTimerTask+0x32>
10004820:	4b13      	ldr	r3, [pc, #76]	@ (10004870 <xTimerCreateTimerTask+0x6c>)
10004822:	2280      	movs	r2, #128	@ 0x80
10004824:	9301      	str	r3, [sp, #4]
10004826:	231f      	movs	r3, #31
10004828:	4912      	ldr	r1, [pc, #72]	@ (10004874 <xTimerCreateTimerTask+0x70>)
1000482a:	9300      	str	r3, [sp, #0]
1000482c:	4812      	ldr	r0, [pc, #72]	@ (10004878 <xTimerCreateTimerTask+0x74>)
1000482e:	2300      	movs	r3, #0
10004830:	00d2      	lsls	r2, r2, #3
10004832:	f7ff fbe1 	bl	10003ff8 <xTaskCreate>
10004836:	b002      	add	sp, #8
10004838:	bd70      	pop	{r4, r5, r6, pc}
1000483a:	4e10      	ldr	r6, [pc, #64]	@ (1000487c <xTimerCreateTimerTask+0x78>)
1000483c:	0030      	movs	r0, r6
1000483e:	f7fd fc2f 	bl	100020a0 <vListInitialise>
10004842:	4d0f      	ldr	r5, [pc, #60]	@ (10004880 <xTimerCreateTimerTask+0x7c>)
10004844:	0028      	movs	r0, r5
10004846:	f7fd fc2b 	bl	100020a0 <vListInitialise>
1000484a:	4b0e      	ldr	r3, [pc, #56]	@ (10004884 <xTimerCreateTimerTask+0x80>)
1000484c:	2200      	movs	r2, #0
1000484e:	601e      	str	r6, [r3, #0]
10004850:	4b0d      	ldr	r3, [pc, #52]	@ (10004888 <xTimerCreateTimerTask+0x84>)
10004852:	2110      	movs	r1, #16
10004854:	200a      	movs	r0, #10
10004856:	601d      	str	r5, [r3, #0]
10004858:	f7fd fd62 	bl	10002320 <xQueueGenericCreate>
1000485c:	6020      	str	r0, [r4, #0]
1000485e:	2800      	cmp	r0, #0
10004860:	d0d8      	beq.n	10004814 <xTimerCreateTimerTask+0x10>
10004862:	490a      	ldr	r1, [pc, #40]	@ (1000488c <xTimerCreateTimerTask+0x88>)
10004864:	f7fd ffaa 	bl	100027bc <vQueueAddToRegistry>
10004868:	e7d4      	b.n	10004814 <xTimerCreateTimerTask+0x10>
1000486a:	46c0      	nop			@ (mov r8, r8)
1000486c:	20020b74 	.word	0x20020b74
10004870:	20020b78 	.word	0x20020b78
10004874:	10004ed4 	.word	0x10004ed4
10004878:	100045a9 	.word	0x100045a9
1000487c:	20020aa8 	.word	0x20020aa8
10004880:	20020abc 	.word	0x20020abc
10004884:	200007e0 	.word	0x200007e0
10004888:	200007f0 	.word	0x200007f0
1000488c:	10004ecc 	.word	0x10004ecc

10004890 <xTimerPendFunctionCallFromISR>:
10004890:	b530      	push	{r4, r5, lr}
10004892:	0014      	movs	r4, r2
10004894:	001a      	movs	r2, r3
10004896:	2302      	movs	r3, #2
10004898:	000d      	movs	r5, r1
1000489a:	b085      	sub	sp, #20
1000489c:	425b      	negs	r3, r3
1000489e:	9300      	str	r3, [sp, #0]
100048a0:	4b05      	ldr	r3, [pc, #20]	@ (100048b8 <xTimerPendFunctionCallFromISR+0x28>)
100048a2:	9001      	str	r0, [sp, #4]
100048a4:	4669      	mov	r1, sp
100048a6:	6818      	ldr	r0, [r3, #0]
100048a8:	2300      	movs	r3, #0
100048aa:	9502      	str	r5, [sp, #8]
100048ac:	9403      	str	r4, [sp, #12]
100048ae:	f7fd fe57 	bl	10002560 <xQueueGenericSendFromISR>
100048b2:	b005      	add	sp, #20
100048b4:	bd30      	pop	{r4, r5, pc}
100048b6:	46c0      	nop			@ (mov r8, r8)
100048b8:	20020b74 	.word	0x20020b74

100048bc <exception_set_exclusive_handler>:
100048bc:	b5f8      	push	{r3, r4, r5, r6, r7, lr}
100048be:	000e      	movs	r6, r1
100048c0:	f3ef 8710 	mrs	r7, PRIMASK
100048c4:	b672      	cpsid	i
100048c6:	4b0c      	ldr	r3, [pc, #48]	@ (100048f8 <exception_set_exclusive_handler+0x3c>)
100048c8:	0084      	lsls	r4, r0, #2
100048ca:	689b      	ldr	r3, [r3, #8]
100048cc:	591d      	ldr	r5, [r3, r4]
100048ce:	42a9      	cmp	r1, r5
100048d0:	d004      	beq.n	100048dc <exception_set_exclusive_handler+0x20>
100048d2:	4b0a      	ldr	r3, [pc, #40]	@ (100048fc <exception_set_exclusive_handler+0x40>)
100048d4:	429d      	cmp	r5, r3
100048d6:	d20a      	bcs.n	100048ee <exception_set_exclusive_handler+0x32>
100048d8:	f7fc fb3c 	bl	10000f54 <hard_assertion_failure>
100048dc:	4b06      	ldr	r3, [pc, #24]	@ (100048f8 <exception_set_exclusive_handler+0x3c>)
100048de:	689b      	ldr	r3, [r3, #8]
100048e0:	511e      	str	r6, [r3, r4]
100048e2:	f3bf 8f5f 	dmb	sy
100048e6:	f387 8810 	msr	PRIMASK, r7
100048ea:	0028      	movs	r0, r5
100048ec:	bdf8      	pop	{r3, r4, r5, r6, r7, pc}
100048ee:	4b04      	ldr	r3, [pc, #16]	@ (10004900 <exception_set_exclusive_handler+0x44>)
100048f0:	429d      	cmp	r5, r3
100048f2:	d3f3      	bcc.n	100048dc <exception_set_exclusive_handler+0x20>
100048f4:	e7f0      	b.n	100048d8 <exception_set_exclusive_handler+0x1c>
100048f6:	46c0      	nop			@ (mov r8, r8)
100048f8:	e000ed00 	.word	0xe000ed00
100048fc:	100001c0 	.word	0x100001c0
10004900:	100001cc 	.word	0x100001cc

10004904 <core1_trampoline>:
10004904:	bd03      	pop	{r0, r1, pc}
10004906:	46c0      	nop			@ (mov r8, r8)

10004908 <core1_wrapper>:
10004908:	b510      	push	{r4, lr}
1000490a:	0004      	movs	r4, r0
1000490c:	f7fc fb3c 	bl	10000f88 <runtime_run_per_core_initializers>
10004910:	47a0      	blx	r4
10004912:	bd10      	pop	{r4, pc}

10004914 <multicore_launch_core1_raw>:
10004914:	b5f0      	push	{r4, r5, r6, r7, lr}
10004916:	46c6      	mov	lr, r8
10004918:	b500      	push	{lr}
1000491a:	0004      	movs	r4, r0
1000491c:	b086      	sub	sp, #24
1000491e:	200f      	movs	r0, #15
10004920:	000e      	movs	r6, r1
10004922:	4690      	mov	r8, r2
10004924:	f7fb fdd0 	bl	100004c8 <irq_is_enabled>
10004928:	2100      	movs	r1, #0
1000492a:	0005      	movs	r5, r0
1000492c:	200f      	movs	r0, #15
1000492e:	f7fb fdb9 	bl	100004a4 <irq_set_enabled>
10004932:	2300      	movs	r3, #0
10004934:	2200      	movs	r2, #0
10004936:	9200      	str	r2, [sp, #0]
10004938:	9301      	str	r3, [sp, #4]
1000493a:	2301      	movs	r3, #1
1000493c:	9302      	str	r3, [sp, #8]
1000493e:	4643      	mov	r3, r8
10004940:	9303      	str	r3, [sp, #12]
10004942:	23d0      	movs	r3, #208	@ 0xd0
10004944:	9604      	str	r6, [sp, #16]
10004946:	9405      	str	r4, [sp, #20]
10004948:	466f      	mov	r7, sp
1000494a:	2400      	movs	r4, #0
1000494c:	2600      	movs	r6, #0
1000494e:	2101      	movs	r1, #1
10004950:	2002      	movs	r0, #2
10004952:	061b      	lsls	r3, r3, #24
10004954:	2c00      	cmp	r4, #0
10004956:	d013      	beq.n	10004980 <multicore_launch_core1_raw+0x6c>
10004958:	6d1a      	ldr	r2, [r3, #80]	@ 0x50
1000495a:	4210      	tst	r0, r2
1000495c:	d0fc      	beq.n	10004958 <multicore_launch_core1_raw+0x44>
1000495e:	655c      	str	r4, [r3, #84]	@ 0x54
10004960:	bf40      	sev
10004962:	6d1a      	ldr	r2, [r3, #80]	@ 0x50
10004964:	4211      	tst	r1, r2
10004966:	d103      	bne.n	10004970 <multicore_launch_core1_raw+0x5c>
10004968:	bf20      	wfe
1000496a:	6d1a      	ldr	r2, [r3, #80]	@ 0x50
1000496c:	4211      	tst	r1, r2
1000496e:	d0fb      	beq.n	10004968 <multicore_launch_core1_raw+0x54>
10004970:	6d9a      	ldr	r2, [r3, #88]	@ 0x58
10004972:	42a2      	cmp	r2, r4
10004974:	d009      	beq.n	1000498a <multicore_launch_core1_raw+0x76>
10004976:	2600      	movs	r6, #0
10004978:	00b2      	lsls	r2, r6, #2
1000497a:	58bc      	ldr	r4, [r7, r2]
1000497c:	e7ea      	b.n	10004954 <multicore_launch_core1_raw+0x40>
1000497e:	6d9a      	ldr	r2, [r3, #88]	@ 0x58
10004980:	6d1a      	ldr	r2, [r3, #80]	@ 0x50
10004982:	4211      	tst	r1, r2
10004984:	d1fb      	bne.n	1000497e <multicore_launch_core1_raw+0x6a>
10004986:	bf40      	sev
10004988:	e7e6      	b.n	10004958 <multicore_launch_core1_raw+0x44>
1000498a:	3601      	adds	r6, #1
1000498c:	2e06      	cmp	r6, #6
1000498e:	d1f3      	bne.n	10004978 <multicore_launch_core1_raw+0x64>
10004990:	0029      	movs	r1, r5
10004992:	200f      	movs	r0, #15
10004994:	f7fb fd86 	bl	100004a4 <irq_set_enabled>
10004998:	b006      	add	sp, #24
1000499a:	bc80      	pop	{r7}
1000499c:	46b8      	mov	r8, r7
1000499e:	bdf0      	pop	{r4, r5, r6, r7, pc}

100049a0 <multicore_launch_core1>:
100049a0:	4b0d      	ldr	r3, [pc, #52]	@ (100049d8 <multicore_launch_core1+0x38>)
100049a2:	4a0e      	ldr	r2, [pc, #56]	@ (100049dc <multicore_launch_core1+0x3c>)
100049a4:	b570      	push	{r4, r5, r6, lr}
100049a6:	4293      	cmp	r3, r2
100049a8:	d310      	bcc.n	100049cc <multicore_launch_core1+0x2c>
100049aa:	001c      	movs	r4, r3
100049ac:	4a0c      	ldr	r2, [pc, #48]	@ (100049e0 <multicore_launch_core1+0x40>)
100049ae:	1899      	adds	r1, r3, r2
100049b0:	4d0b      	ldr	r5, [pc, #44]	@ (100049e0 <multicore_launch_core1+0x40>)
100049b2:	4a0c      	ldr	r2, [pc, #48]	@ (100049e4 <multicore_launch_core1+0x44>)
100049b4:	6892      	ldr	r2, [r2, #8]
100049b6:	5160      	str	r0, [r4, r5]
100049b8:	20ff      	movs	r0, #255	@ 0xff
100049ba:	00c0      	lsls	r0, r0, #3
100049bc:	5023      	str	r3, [r4, r0]
100049be:	4b0a      	ldr	r3, [pc, #40]	@ (100049e8 <multicore_launch_core1+0x48>)
100049c0:	480a      	ldr	r0, [pc, #40]	@ (100049ec <multicore_launch_core1+0x4c>)
100049c2:	5023      	str	r3, [r4, r0]
100049c4:	480a      	ldr	r0, [pc, #40]	@ (100049f0 <multicore_launch_core1+0x50>)
100049c6:	f7ff ffa5 	bl	10004914 <multicore_launch_core1_raw>
100049ca:	bd70      	pop	{r4, r5, r6, pc}
100049cc:	2301      	movs	r3, #1
100049ce:	425b      	negs	r3, r3
100049d0:	001c      	movs	r4, r3
100049d2:	4908      	ldr	r1, [pc, #32]	@ (100049f4 <multicore_launch_core1+0x54>)
100049d4:	e7ec      	b.n	100049b0 <multicore_launch_core1+0x10>
100049d6:	46c0      	nop			@ (mov r8, r8)
100049d8:	20040800 	.word	0x20040800
100049dc:	20040000 	.word	0x20040000
100049e0:	000007f4 	.word	0x000007f4
100049e4:	e000ed00 	.word	0xe000ed00
100049e8:	10004909 	.word	0x10004909
100049ec:	000007fc 	.word	0x000007fc
100049f0:	10004905 	.word	0x10004905
100049f4:	000007f3 	.word	0x000007f3

100049f8 <pvPortMalloc>:
100049f8:	b5f0      	push	{r4, r5, r6, r7, lr}
100049fa:	46de      	mov	lr, fp
100049fc:	4645      	mov	r5, r8
100049fe:	4657      	mov	r7, sl
10004a00:	464e      	mov	r6, r9
10004a02:	b5e0      	push	{r5, r6, r7, lr}
10004a04:	b083      	sub	sp, #12
10004a06:	0004      	movs	r4, r0
10004a08:	f7fe f960 	bl	10002ccc <vTaskSuspendAll>
10004a0c:	4a56      	ldr	r2, [pc, #344]	@ (10004b68 <pvPortMalloc+0x170>)
10004a0e:	6815      	ldr	r5, [r2, #0]
10004a10:	2d00      	cmp	r5, #0
10004a12:	d04a      	beq.n	10004aaa <pvPortMalloc+0xb2>
10004a14:	4b55      	ldr	r3, [pc, #340]	@ (10004b6c <pvPortMalloc+0x174>)
10004a16:	681e      	ldr	r6, [r3, #0]
10004a18:	4226      	tst	r6, r4
10004a1a:	d13b      	bne.n	10004a94 <pvPortMalloc+0x9c>
10004a1c:	1e63      	subs	r3, r4, #1
10004a1e:	330a      	adds	r3, #10
10004a20:	d838      	bhi.n	10004a94 <pvPortMalloc+0x9c>
10004a22:	0020      	movs	r0, r4
10004a24:	2307      	movs	r3, #7
10004a26:	3008      	adds	r0, #8
10004a28:	4203      	tst	r3, r0
10004a2a:	d12d      	bne.n	10004a88 <pvPortMalloc+0x90>
10004a2c:	4b50      	ldr	r3, [pc, #320]	@ (10004b70 <pvPortMalloc+0x178>)
10004a2e:	4699      	mov	r9, r3
10004a30:	681b      	ldr	r3, [r3, #0]
10004a32:	4698      	mov	r8, r3
10004a34:	4283      	cmp	r3, r0
10004a36:	d32d      	bcc.n	10004a94 <pvPortMalloc+0x9c>
10004a38:	4b4e      	ldr	r3, [pc, #312]	@ (10004b74 <pvPortMalloc+0x17c>)
10004a3a:	469c      	mov	ip, r3
10004a3c:	681b      	ldr	r3, [r3, #0]
10004a3e:	4664      	mov	r4, ip
10004a40:	e004      	b.n	10004a4c <pvPortMalloc+0x54>
10004a42:	681a      	ldr	r2, [r3, #0]
10004a44:	2a00      	cmp	r2, #0
10004a46:	d004      	beq.n	10004a52 <pvPortMalloc+0x5a>
10004a48:	001c      	movs	r4, r3
10004a4a:	0013      	movs	r3, r2
10004a4c:	6859      	ldr	r1, [r3, #4]
10004a4e:	4281      	cmp	r1, r0
10004a50:	d3f7      	bcc.n	10004a42 <pvPortMalloc+0x4a>
10004a52:	42ab      	cmp	r3, r5
10004a54:	d01e      	beq.n	10004a94 <pvPortMalloc+0x9c>
10004a56:	001f      	movs	r7, r3
10004a58:	681a      	ldr	r2, [r3, #0]
10004a5a:	3708      	adds	r7, #8
10004a5c:	6022      	str	r2, [r4, #0]
10004a5e:	1a0a      	subs	r2, r1, r0
10004a60:	2a10      	cmp	r2, #16
10004a62:	d845      	bhi.n	10004af0 <pvPortMalloc+0xf8>
10004a64:	4642      	mov	r2, r8
10004a66:	4648      	mov	r0, r9
10004a68:	1a52      	subs	r2, r2, r1
10004a6a:	6002      	str	r2, [r0, #0]
10004a6c:	4842      	ldr	r0, [pc, #264]	@ (10004b78 <pvPortMalloc+0x180>)
10004a6e:	6804      	ldr	r4, [r0, #0]
10004a70:	42a2      	cmp	r2, r4
10004a72:	d200      	bcs.n	10004a76 <pvPortMalloc+0x7e>
10004a74:	6002      	str	r2, [r0, #0]
10004a76:	2200      	movs	r2, #0
10004a78:	601a      	str	r2, [r3, #0]
10004a7a:	4a40      	ldr	r2, [pc, #256]	@ (10004b7c <pvPortMalloc+0x184>)
10004a7c:	430e      	orrs	r6, r1
10004a7e:	605e      	str	r6, [r3, #4]
10004a80:	6813      	ldr	r3, [r2, #0]
10004a82:	3301      	adds	r3, #1
10004a84:	6013      	str	r3, [r2, #0]
10004a86:	e006      	b.n	10004a96 <pvPortMalloc+0x9e>
10004a88:	0002      	movs	r2, r0
10004a8a:	439a      	bics	r2, r3
10004a8c:	0013      	movs	r3, r2
10004a8e:	3308      	adds	r3, #8
10004a90:	4283      	cmp	r3, r0
10004a92:	d82b      	bhi.n	10004aec <pvPortMalloc+0xf4>
10004a94:	2700      	movs	r7, #0
10004a96:	f7ff fca9 	bl	100043ec <xTaskResumeAll>
10004a9a:	0038      	movs	r0, r7
10004a9c:	b003      	add	sp, #12
10004a9e:	bcf0      	pop	{r4, r5, r6, r7}
10004aa0:	46bb      	mov	fp, r7
10004aa2:	46b2      	mov	sl, r6
10004aa4:	46a9      	mov	r9, r5
10004aa6:	46a0      	mov	r8, r4
10004aa8:	bdf0      	pop	{r4, r5, r6, r7, pc}
10004aaa:	2007      	movs	r0, #7
10004aac:	4d34      	ldr	r5, [pc, #208]	@ (10004b80 <pvPortMalloc+0x188>)
10004aae:	002b      	movs	r3, r5
10004ab0:	0029      	movs	r1, r5
10004ab2:	4228      	tst	r0, r5
10004ab4:	d002      	beq.n	10004abc <pvPortMalloc+0xc4>
10004ab6:	1deb      	adds	r3, r5, #7
10004ab8:	4383      	bics	r3, r0
10004aba:	0019      	movs	r1, r3
10004abc:	2000      	movs	r0, #0
10004abe:	4e2d      	ldr	r6, [pc, #180]	@ (10004b74 <pvPortMalloc+0x17c>)
10004ac0:	6070      	str	r0, [r6, #4]
10004ac2:	6031      	str	r1, [r6, #0]
10004ac4:	4e2f      	ldr	r6, [pc, #188]	@ (10004b84 <pvPortMalloc+0x18c>)
10004ac6:	46b4      	mov	ip, r6
10004ac8:	2607      	movs	r6, #7
10004aca:	4465      	add	r5, ip
10004acc:	43b5      	bics	r5, r6
10004ace:	2680      	movs	r6, #128	@ 0x80
10004ad0:	6015      	str	r5, [r2, #0]
10004ad2:	4a29      	ldr	r2, [pc, #164]	@ (10004b78 <pvPortMalloc+0x180>)
10004ad4:	1aeb      	subs	r3, r5, r3
10004ad6:	6013      	str	r3, [r2, #0]
10004ad8:	4a25      	ldr	r2, [pc, #148]	@ (10004b70 <pvPortMalloc+0x178>)
10004ada:	6068      	str	r0, [r5, #4]
10004adc:	6028      	str	r0, [r5, #0]
10004ade:	6013      	str	r3, [r2, #0]
10004ae0:	604b      	str	r3, [r1, #4]
10004ae2:	4b22      	ldr	r3, [pc, #136]	@ (10004b6c <pvPortMalloc+0x174>)
10004ae4:	0636      	lsls	r6, r6, #24
10004ae6:	600d      	str	r5, [r1, #0]
10004ae8:	601e      	str	r6, [r3, #0]
10004aea:	e795      	b.n	10004a18 <pvPortMalloc+0x20>
10004aec:	0018      	movs	r0, r3
10004aee:	e79d      	b.n	10004a2c <pvPortMalloc+0x34>
10004af0:	1819      	adds	r1, r3, r0
10004af2:	604a      	str	r2, [r1, #4]
10004af4:	4662      	mov	r2, ip
10004af6:	9101      	str	r1, [sp, #4]
10004af8:	6058      	str	r0, [r3, #4]
10004afa:	0014      	movs	r4, r2
10004afc:	9901      	ldr	r1, [sp, #4]
10004afe:	6812      	ldr	r2, [r2, #0]
10004b00:	4291      	cmp	r1, r2
10004b02:	d8fa      	bhi.n	10004afa <pvPortMalloc+0x102>
10004b04:	6861      	ldr	r1, [r4, #4]
10004b06:	46a3      	mov	fp, r4
10004b08:	468c      	mov	ip, r1
10004b0a:	9901      	ldr	r1, [sp, #4]
10004b0c:	44e3      	add	fp, ip
10004b0e:	6849      	ldr	r1, [r1, #4]
10004b10:	468a      	mov	sl, r1
10004b12:	9901      	ldr	r1, [sp, #4]
10004b14:	4559      	cmp	r1, fp
10004b16:	d015      	beq.n	10004b44 <pvPortMalloc+0x14c>
10004b18:	4451      	add	r1, sl
10004b1a:	428a      	cmp	r2, r1
10004b1c:	d007      	beq.n	10004b2e <pvPortMalloc+0x136>
10004b1e:	9901      	ldr	r1, [sp, #4]
10004b20:	600a      	str	r2, [r1, #0]
10004b22:	000a      	movs	r2, r1
10004b24:	42a2      	cmp	r2, r4
10004b26:	d000      	beq.n	10004b2a <pvPortMalloc+0x132>
10004b28:	6022      	str	r2, [r4, #0]
10004b2a:	0001      	movs	r1, r0
10004b2c:	e79a      	b.n	10004a64 <pvPortMalloc+0x6c>
10004b2e:	42aa      	cmp	r2, r5
10004b30:	d0f5      	beq.n	10004b1e <pvPortMalloc+0x126>
10004b32:	6850      	ldr	r0, [r2, #4]
10004b34:	9901      	ldr	r1, [sp, #4]
10004b36:	6812      	ldr	r2, [r2, #0]
10004b38:	4450      	add	r0, sl
10004b3a:	6048      	str	r0, [r1, #4]
10004b3c:	600a      	str	r2, [r1, #0]
10004b3e:	6858      	ldr	r0, [r3, #4]
10004b40:	000a      	movs	r2, r1
10004b42:	e7ef      	b.n	10004b24 <pvPortMalloc+0x12c>
10004b44:	4661      	mov	r1, ip
10004b46:	4451      	add	r1, sl
10004b48:	1860      	adds	r0, r4, r1
10004b4a:	6061      	str	r1, [r4, #4]
10004b4c:	4282      	cmp	r2, r0
10004b4e:	d001      	beq.n	10004b54 <pvPortMalloc+0x15c>
10004b50:	6859      	ldr	r1, [r3, #4]
10004b52:	e787      	b.n	10004a64 <pvPortMalloc+0x6c>
10004b54:	42aa      	cmp	r2, r5
10004b56:	d0fb      	beq.n	10004b50 <pvPortMalloc+0x158>
10004b58:	6850      	ldr	r0, [r2, #4]
10004b5a:	6812      	ldr	r2, [r2, #0]
10004b5c:	1841      	adds	r1, r0, r1
10004b5e:	6061      	str	r1, [r4, #4]
10004b60:	6859      	ldr	r1, [r3, #4]
10004b62:	6022      	str	r2, [r4, #0]
10004b64:	e77e      	b.n	10004a64 <pvPortMalloc+0x6c>
10004b66:	46c0      	nop			@ (mov r8, r8)
10004b68:	200007e8 	.word	0x200007e8
10004b6c:	20020ad0 	.word	0x20020ad0
10004b70:	20020b00 	.word	0x20020b00
10004b74:	20020b40 	.word	0x20020b40
10004b78:	20020b10 	.word	0x20020b10
10004b7c:	20020b1c 	.word	0x20020b1c
10004b80:	20000a84 	.word	0x20000a84
10004b84:	0001fff8 	.word	0x0001fff8

10004b88 <vPortFree>:
10004b88:	b570      	push	{r4, r5, r6, lr}
10004b8a:	2800      	cmp	r0, #0
10004b8c:	d009      	beq.n	10004ba2 <vPortFree+0x1a>
10004b8e:	4a20      	ldr	r2, [pc, #128]	@ (10004c10 <vPortFree+0x88>)
10004b90:	3808      	subs	r0, #8
10004b92:	6843      	ldr	r3, [r0, #4]
10004b94:	6812      	ldr	r2, [r2, #0]
10004b96:	0004      	movs	r4, r0
10004b98:	421a      	tst	r2, r3
10004b9a:	d002      	beq.n	10004ba2 <vPortFree+0x1a>
10004b9c:	6801      	ldr	r1, [r0, #0]
10004b9e:	2900      	cmp	r1, #0
10004ba0:	d000      	beq.n	10004ba4 <vPortFree+0x1c>
10004ba2:	bd70      	pop	{r4, r5, r6, pc}
10004ba4:	4393      	bics	r3, r2
10004ba6:	6043      	str	r3, [r0, #4]
10004ba8:	0005      	movs	r5, r0
10004baa:	f7fe f88f 	bl	10002ccc <vTaskSuspendAll>
10004bae:	4a19      	ldr	r2, [pc, #100]	@ (10004c14 <vPortFree+0x8c>)
10004bb0:	6861      	ldr	r1, [r4, #4]
10004bb2:	6813      	ldr	r3, [r2, #0]
10004bb4:	185b      	adds	r3, r3, r1
10004bb6:	6013      	str	r3, [r2, #0]
10004bb8:	4b17      	ldr	r3, [pc, #92]	@ (10004c18 <vPortFree+0x90>)
10004bba:	001a      	movs	r2, r3
10004bbc:	681b      	ldr	r3, [r3, #0]
10004bbe:	429c      	cmp	r4, r3
10004bc0:	d8fb      	bhi.n	10004bba <vPortFree+0x32>
10004bc2:	6850      	ldr	r0, [r2, #4]
10004bc4:	1816      	adds	r6, r2, r0
10004bc6:	42b4      	cmp	r4, r6
10004bc8:	d00d      	beq.n	10004be6 <vPortFree+0x5e>
10004bca:	1860      	adds	r0, r4, r1
10004bcc:	4283      	cmp	r3, r0
10004bce:	d01a      	beq.n	10004c06 <vPortFree+0x7e>
10004bd0:	6023      	str	r3, [r4, #0]
10004bd2:	42aa      	cmp	r2, r5
10004bd4:	d000      	beq.n	10004bd8 <vPortFree+0x50>
10004bd6:	6015      	str	r5, [r2, #0]
10004bd8:	4a10      	ldr	r2, [pc, #64]	@ (10004c1c <vPortFree+0x94>)
10004bda:	6813      	ldr	r3, [r2, #0]
10004bdc:	3301      	adds	r3, #1
10004bde:	6013      	str	r3, [r2, #0]
10004be0:	f7ff fc04 	bl	100043ec <xTaskResumeAll>
10004be4:	e7dd      	b.n	10004ba2 <vPortFree+0x1a>
10004be6:	1809      	adds	r1, r1, r0
10004be8:	1850      	adds	r0, r2, r1
10004bea:	6051      	str	r1, [r2, #4]
10004bec:	4283      	cmp	r3, r0
10004bee:	d1f3      	bne.n	10004bd8 <vPortFree+0x50>
10004bf0:	480b      	ldr	r0, [pc, #44]	@ (10004c20 <vPortFree+0x98>)
10004bf2:	0015      	movs	r5, r2
10004bf4:	6800      	ldr	r0, [r0, #0]
10004bf6:	4298      	cmp	r0, r3
10004bf8:	d0ee      	beq.n	10004bd8 <vPortFree+0x50>
10004bfa:	6858      	ldr	r0, [r3, #4]
10004bfc:	681b      	ldr	r3, [r3, #0]
10004bfe:	1841      	adds	r1, r0, r1
10004c00:	6069      	str	r1, [r5, #4]
10004c02:	602b      	str	r3, [r5, #0]
10004c04:	e7e5      	b.n	10004bd2 <vPortFree+0x4a>
10004c06:	4806      	ldr	r0, [pc, #24]	@ (10004c20 <vPortFree+0x98>)
10004c08:	6800      	ldr	r0, [r0, #0]
10004c0a:	4283      	cmp	r3, r0
10004c0c:	d1f5      	bne.n	10004bfa <vPortFree+0x72>
10004c0e:	e7df      	b.n	10004bd0 <vPortFree+0x48>
10004c10:	20020ad0 	.word	0x20020ad0
10004c14:	20020b00 	.word	0x20020b00
10004c18:	20020b40 	.word	0x20020b40
10004c1c:	20020b20 	.word	0x20020b20
10004c20:	200007e8 	.word	0x200007e8

10004c24 <atexit>:
10004c24:	b510      	push	{r4, lr}
10004c26:	0001      	movs	r1, r0
10004c28:	2300      	movs	r3, #0
10004c2a:	2200      	movs	r2, #0
10004c2c:	2000      	movs	r0, #0
10004c2e:	f000 f847 	bl	10004cc0 <__register_exitproc>
10004c32:	bd10      	pop	{r4, pc}

10004c34 <__libc_fini_array>:
10004c34:	b570      	push	{r4, r5, r6, lr}
10004c36:	4c07      	ldr	r4, [pc, #28]	@ (10004c54 <__libc_fini_array+0x20>)
10004c38:	4d07      	ldr	r5, [pc, #28]	@ (10004c58 <__libc_fini_array+0x24>)
10004c3a:	1b64      	subs	r4, r4, r5
10004c3c:	10a4      	asrs	r4, r4, #2
10004c3e:	d005      	beq.n	10004c4c <__libc_fini_array+0x18>
10004c40:	3c01      	subs	r4, #1
10004c42:	00a3      	lsls	r3, r4, #2
10004c44:	58eb      	ldr	r3, [r5, r3]
10004c46:	4798      	blx	r3
10004c48:	2c00      	cmp	r4, #0
10004c4a:	d1f9      	bne.n	10004c40 <__libc_fini_array+0xc>
10004c4c:	f000 f898 	bl	10004d80 <_fini>
10004c50:	bd70      	pop	{r4, r5, r6, pc}
10004c52:	46c0      	nop			@ (mov r8, r8)
10004c54:	10004e10 	.word	0x10004e10
10004c58:	10004e10 	.word	0x10004e10

10004c5c <__retarget_lock_acquire_recursive>:
10004c5c:	4770      	bx	lr
10004c5e:	46c0      	nop			@ (mov r8, r8)

10004c60 <__retarget_lock_release_recursive>:
10004c60:	4770      	bx	lr
10004c62:	46c0      	nop			@ (mov r8, r8)

10004c64 <strlen>:
10004c64:	b510      	push	{r4, lr}
10004c66:	0783      	lsls	r3, r0, #30
10004c68:	d00a      	beq.n	10004c80 <strlen+0x1c>
10004c6a:	0003      	movs	r3, r0
10004c6c:	2103      	movs	r1, #3
10004c6e:	e002      	b.n	10004c76 <strlen+0x12>
10004c70:	3301      	adds	r3, #1
10004c72:	420b      	tst	r3, r1
10004c74:	d005      	beq.n	10004c82 <strlen+0x1e>
10004c76:	781a      	ldrb	r2, [r3, #0]
10004c78:	2a00      	cmp	r2, #0
10004c7a:	d1f9      	bne.n	10004c70 <strlen+0xc>
10004c7c:	1a18      	subs	r0, r3, r0
10004c7e:	bd10      	pop	{r4, pc}
10004c80:	0003      	movs	r3, r0
10004c82:	6819      	ldr	r1, [r3, #0]
10004c84:	4a0c      	ldr	r2, [pc, #48]	@ (10004cb8 <strlen+0x54>)
10004c86:	4c0d      	ldr	r4, [pc, #52]	@ (10004cbc <strlen+0x58>)
10004c88:	188a      	adds	r2, r1, r2
10004c8a:	438a      	bics	r2, r1
10004c8c:	4222      	tst	r2, r4
10004c8e:	d10f      	bne.n	10004cb0 <strlen+0x4c>
10004c90:	6859      	ldr	r1, [r3, #4]
10004c92:	4a09      	ldr	r2, [pc, #36]	@ (10004cb8 <strlen+0x54>)
10004c94:	3304      	adds	r3, #4
10004c96:	188a      	adds	r2, r1, r2
10004c98:	438a      	bics	r2, r1
10004c9a:	4222      	tst	r2, r4
10004c9c:	d108      	bne.n	10004cb0 <strlen+0x4c>
10004c9e:	6859      	ldr	r1, [r3, #4]
10004ca0:	4a05      	ldr	r2, [pc, #20]	@ (10004cb8 <strlen+0x54>)
10004ca2:	3304      	adds	r3, #4
10004ca4:	188a      	adds	r2, r1, r2
10004ca6:	438a      	bics	r2, r1
10004ca8:	4222      	tst	r2, r4
10004caa:	d0f1      	beq.n	10004c90 <strlen+0x2c>
10004cac:	e000      	b.n	10004cb0 <strlen+0x4c>
10004cae:	3301      	adds	r3, #1
10004cb0:	781a      	ldrb	r2, [r3, #0]
10004cb2:	2a00      	cmp	r2, #0
10004cb4:	d1fb      	bne.n	10004cae <strlen+0x4a>
10004cb6:	e7e1      	b.n	10004c7c <strlen+0x18>
10004cb8:	fefefeff 	.word	0xfefefeff
10004cbc:	80808080 	.word	0x80808080

10004cc0 <__register_exitproc>:
10004cc0:	b5f0      	push	{r4, r5, r6, r7, lr}
10004cc2:	46d6      	mov	lr, sl
10004cc4:	464f      	mov	r7, r9
10004cc6:	4646      	mov	r6, r8
10004cc8:	4698      	mov	r8, r3
10004cca:	4b24      	ldr	r3, [pc, #144]	@ (10004d5c <__register_exitproc+0x9c>)
10004ccc:	b5c0      	push	{r6, r7, lr}
10004cce:	0006      	movs	r6, r0
10004cd0:	6818      	ldr	r0, [r3, #0]
10004cd2:	469a      	mov	sl, r3
10004cd4:	000f      	movs	r7, r1
10004cd6:	4691      	mov	r9, r2
10004cd8:	f7ff ffc0 	bl	10004c5c <__retarget_lock_acquire_recursive>
10004cdc:	4b20      	ldr	r3, [pc, #128]	@ (10004d60 <__register_exitproc+0xa0>)
10004cde:	681d      	ldr	r5, [r3, #0]
10004ce0:	2d00      	cmp	r5, #0
10004ce2:	d032      	beq.n	10004d4a <__register_exitproc+0x8a>
10004ce4:	4653      	mov	r3, sl
10004ce6:	686c      	ldr	r4, [r5, #4]
10004ce8:	6818      	ldr	r0, [r3, #0]
10004cea:	2c1f      	cmp	r4, #31
10004cec:	dc30      	bgt.n	10004d50 <__register_exitproc+0x90>
10004cee:	2e00      	cmp	r6, #0
10004cf0:	d10c      	bne.n	10004d0c <__register_exitproc+0x4c>
10004cf2:	1c63      	adds	r3, r4, #1
10004cf4:	3402      	adds	r4, #2
10004cf6:	00a4      	lsls	r4, r4, #2
10004cf8:	606b      	str	r3, [r5, #4]
10004cfa:	5167      	str	r7, [r4, r5]
10004cfc:	f7ff ffb0 	bl	10004c60 <__retarget_lock_release_recursive>
10004d00:	2000      	movs	r0, #0
10004d02:	bce0      	pop	{r5, r6, r7}
10004d04:	46ba      	mov	sl, r7
10004d06:	46b1      	mov	r9, r6
10004d08:	46a8      	mov	r8, r5
10004d0a:	bdf0      	pop	{r4, r5, r6, r7, pc}
10004d0c:	4649      	mov	r1, r9
10004d0e:	2288      	movs	r2, #136	@ 0x88
10004d10:	00a3      	lsls	r3, r4, #2
10004d12:	18eb      	adds	r3, r5, r3
10004d14:	5099      	str	r1, [r3, r2]
10004d16:	21c4      	movs	r1, #196	@ 0xc4
10004d18:	0049      	lsls	r1, r1, #1
10004d1a:	468c      	mov	ip, r1
10004d1c:	44ac      	add	ip, r5
10004d1e:	4661      	mov	r1, ip
10004d20:	3a87      	subs	r2, #135	@ 0x87
10004d22:	40a2      	lsls	r2, r4
10004d24:	6809      	ldr	r1, [r1, #0]
10004d26:	4691      	mov	r9, r2
10004d28:	4311      	orrs	r1, r2
10004d2a:	4662      	mov	r2, ip
10004d2c:	6011      	str	r1, [r2, #0]
10004d2e:	2184      	movs	r1, #132	@ 0x84
10004d30:	4642      	mov	r2, r8
10004d32:	0049      	lsls	r1, r1, #1
10004d34:	505a      	str	r2, [r3, r1]
10004d36:	2e02      	cmp	r6, #2
10004d38:	d1db      	bne.n	10004cf2 <__register_exitproc+0x32>
10004d3a:	0029      	movs	r1, r5
10004d3c:	464a      	mov	r2, r9
10004d3e:	318d      	adds	r1, #141	@ 0x8d
10004d40:	31ff      	adds	r1, #255	@ 0xff
10004d42:	680b      	ldr	r3, [r1, #0]
10004d44:	4313      	orrs	r3, r2
10004d46:	600b      	str	r3, [r1, #0]
10004d48:	e7d3      	b.n	10004cf2 <__register_exitproc+0x32>
10004d4a:	4d06      	ldr	r5, [pc, #24]	@ (10004d64 <__register_exitproc+0xa4>)
10004d4c:	601d      	str	r5, [r3, #0]
10004d4e:	e7c9      	b.n	10004ce4 <__register_exitproc+0x24>
10004d50:	f7ff ff86 	bl	10004c60 <__retarget_lock_release_recursive>
10004d54:	2001      	movs	r0, #1
10004d56:	4240      	negs	r0, r0
10004d58:	e7d3      	b.n	10004d02 <__register_exitproc+0x42>
10004d5a:	46c0      	nop			@ (mov r8, r8)
10004d5c:	20000204 	.word	0x20000204
10004d60:	200005f4 	.word	0x200005f4
10004d64:	200005f8 	.word	0x200005f8

10004d68 <register_fini>:
10004d68:	4b03      	ldr	r3, [pc, #12]	@ (10004d78 <register_fini+0x10>)
10004d6a:	b510      	push	{r4, lr}
10004d6c:	2b00      	cmp	r3, #0
10004d6e:	d002      	beq.n	10004d76 <register_fini+0xe>
10004d70:	4802      	ldr	r0, [pc, #8]	@ (10004d7c <register_fini+0x14>)
10004d72:	f7ff ff57 	bl	10004c24 <atexit>
10004d76:	bd10      	pop	{r4, pc}
10004d78:	00000000 	.word	0x00000000
10004d7c:	10004c35 	.word	0x10004c35

10004d80 <_fini>:
10004d80:	b5f8      	push	{r3, r4, r5, r6, r7, lr}
10004d82:	46c0      	nop			@ (mov r8, r8)
10004d84:	0000      	movs	r0, r0
	...

10004d88 <__mutex_exit_veneer>:
10004d88:	b401      	push	{r0}
10004d8a:	4802      	ldr	r0, [pc, #8]	@ (10004d94 <__mutex_exit_veneer+0xc>)
10004d8c:	4684      	mov	ip, r0
10004d8e:	bc01      	pop	{r0}
10004d90:	4760      	bx	ip
10004d92:	bf00      	nop
10004d94:	20000161 	.word	0x20000161

10004d98 <____aeabi_ldiv0_veneer>:
10004d98:	b401      	push	{r0}
10004d9a:	4802      	ldr	r0, [pc, #8]	@ (10004da4 <____aeabi_ldiv0_veneer+0xc>)
10004d9c:	4684      	mov	ip, r0
10004d9e:	bc01      	pop	{r0}
10004da0:	4760      	bx	ip
10004da2:	bf00      	nop
10004da4:	20000181 	.word	0x20000181

10004da8 <____aeabi_idiv0_veneer>:
10004da8:	b401      	push	{r0}
10004daa:	4802      	ldr	r0, [pc, #8]	@ (10004db4 <____aeabi_idiv0_veneer+0xc>)
10004dac:	4684      	mov	ip, r0
10004dae:	bc01      	pop	{r0}
10004db0:	4760      	bx	ip
10004db2:	bf00      	nop
10004db4:	20000181 	.word	0x20000181

10004db8 <__mutex_try_enter_block_until_veneer>:
10004db8:	b401      	push	{r0}
10004dba:	4802      	ldr	r0, [pc, #8]	@ (10004dc4 <__mutex_try_enter_block_until_veneer+0xc>)
10004dbc:	4684      	mov	ip, r0
10004dbe:	bc01      	pop	{r0}
10004dc0:	4760      	bx	ip
10004dc2:	bf00      	nop
10004dc4:	200000c1 	.word	0x200000c1

10004dc8 <__pre_init_runtime_init_early_resets>:
10004dc8:	10000fb1                                ....

10004dcc <__pre_init_runtime_init_usb_power_down>:
10004dcc:	10000fdd 10001129 10001715 100015b5     ....)...........
10004ddc:	10001685                                ....

10004de0 <__pre_init_runtime_init_clocks>:
10004de0:	10001051                                Q...

10004de4 <__pre_init_runtime_init_post_clock_resets>:
10004de4:	10000ff9                                ....

10004de8 <__pre_init_runtime_init_rp2040_gpio_ie_disable>:
10004de8:	10001019                                ....

10004dec <__pre_init_runtime_init_spin_locks_reset>:
10004dec:	1000102d                                -...

10004df0 <__pre_init_runtime_init_mutex>:
10004df0:	1000056d                                m...

10004df4 <__pre_init_runtime_init_install_ram_vector_table>:
10004df4:	10001035                                5...

10004df8 <__pre_init_runtime_init_default_alarm_pool>:
10004df8:	100008e5                                ....

10004dfc <__pre_init_first_per_core_initializer>:
10004dfc:	10000f51                                Q...

10004e00 <__pre_init_runtime_init_per_core_irq_priorities>:
10004e00:	10000481                                ....

10004e04 <__init_array_start>:
10004e04:	10004d69 	.word	0x10004d69

10004e08 <__frame_dummy_init_array_entry>:
10004e08:	100002fd 10001e85                       ........

Disassembly of section .data:

200000c0 <mutex_try_enter_block_until>:
200000c0:	b5f0      	push	{r4, r5, r6, r7, lr}
200000c2:	46c6      	mov	lr, r8
200000c4:	0016      	movs	r6, r2
200000c6:	b500      	push	{lr}
200000c8:	0004      	movs	r4, r0
200000ca:	001f      	movs	r7, r3
200000cc:	6802      	ldr	r2, [r0, #0]
200000ce:	f3ef 8810 	mrs	r8, PRIMASK
200000d2:	b672      	cpsid	i
200000d4:	6813      	ldr	r3, [r2, #0]
200000d6:	2b00      	cmp	r3, #0
200000d8:	d0fc      	beq.n	200000d4 <mutex_try_enter_block_until+0x14>
200000da:	f3bf 8f5f 	dmb	sy
200000de:	6865      	ldr	r5, [r4, #4]
200000e0:	1c6b      	adds	r3, r5, #1
200000e2:	d00e      	beq.n	20000102 <mutex_try_enter_block_until+0x42>
200000e4:	6823      	ldr	r3, [r4, #0]
200000e6:	f3bf 8f5f 	dmb	sy
200000ea:	2200      	movs	r2, #0
200000ec:	601a      	str	r2, [r3, #0]
200000ee:	f388 8810 	msr	PRIMASK, r8
200000f2:	f000 f859 	bl	200001a8 <__ulPortLockGetCurrentOwnerId_veneer>
200000f6:	42a8      	cmp	r0, r5
200000f8:	d10f      	bne.n	2000011a <mutex_try_enter_block_until+0x5a>
200000fa:	2000      	movs	r0, #0
200000fc:	bc80      	pop	{r7}
200000fe:	46b8      	mov	r8, r7
20000100:	bdf0      	pop	{r4, r5, r6, r7, pc}
20000102:	f000 f851 	bl	200001a8 <__ulPortLockGetCurrentOwnerId_veneer>
20000106:	6823      	ldr	r3, [r4, #0]
20000108:	6060      	str	r0, [r4, #4]
2000010a:	f3bf 8f5f 	dmb	sy
2000010e:	2200      	movs	r2, #0
20000110:	601a      	str	r2, [r3, #0]
20000112:	f388 8810 	msr	PRIMASK, r8
20000116:	2001      	movs	r0, #1
20000118:	e7f0      	b.n	200000fc <mutex_try_enter_block_until+0x3c>
2000011a:	f000 f845 	bl	200001a8 <__ulPortLockGetCurrentOwnerId_veneer>
2000011e:	4680      	mov	r8, r0
20000120:	e006      	b.n	20000130 <mutex_try_enter_block_until+0x70>
20000122:	0032      	movs	r2, r6
20000124:	003b      	movs	r3, r7
20000126:	0020      	movs	r0, r4
20000128:	f000 f82e 	bl	20000188 <__xPortLockInternalSpinUnlockWithBestEffortWaitOrTimeout_veneer>
2000012c:	2800      	cmp	r0, #0
2000012e:	d1e4      	bne.n	200000fa <mutex_try_enter_block_until+0x3a>
20000130:	6822      	ldr	r2, [r4, #0]
20000132:	f3ef 8110 	mrs	r1, PRIMASK
20000136:	b672      	cpsid	i
20000138:	6813      	ldr	r3, [r2, #0]
2000013a:	2b00      	cmp	r3, #0
2000013c:	d0fc      	beq.n	20000138 <mutex_try_enter_block_until+0x78>
2000013e:	f3bf 8f5f 	dmb	sy
20000142:	6865      	ldr	r5, [r4, #4]
20000144:	3501      	adds	r5, #1
20000146:	d1ec      	bne.n	20000122 <mutex_try_enter_block_until+0x62>
20000148:	4643      	mov	r3, r8
2000014a:	6063      	str	r3, [r4, #4]
2000014c:	6823      	ldr	r3, [r4, #0]
2000014e:	f3bf 8f5f 	dmb	sy
20000152:	2200      	movs	r2, #0
20000154:	601a      	str	r2, [r3, #0]
20000156:	f381 8810 	msr	PRIMASK, r1
2000015a:	2001      	movs	r0, #1
2000015c:	e7ce      	b.n	200000fc <mutex_try_enter_block_until+0x3c>
2000015e:	46c0      	nop			@ (mov r8, r8)

20000160 <mutex_exit>:
20000160:	b510      	push	{r4, lr}
20000162:	6802      	ldr	r2, [r0, #0]
20000164:	f3ef 8110 	mrs	r1, PRIMASK
20000168:	b672      	cpsid	i
2000016a:	6813      	ldr	r3, [r2, #0]
2000016c:	2b00      	cmp	r3, #0
2000016e:	d0fc      	beq.n	2000016a <mutex_exit+0xa>
20000170:	f3bf 8f5f 	dmb	sy
20000174:	2301      	movs	r3, #1
20000176:	425b      	negs	r3, r3
20000178:	6043      	str	r3, [r0, #4]
2000017a:	f000 f80d 	bl	20000198 <__vPortLockInternalSpinUnlockWithNotify_veneer>
2000017e:	bd10      	pop	{r4, pc}

20000180 <__aeabi_idiv0>:
20000180:	4770      	bx	lr
20000182:	46c0      	nop			@ (mov r8, r8)
20000184:	0000      	movs	r0, r0
	...

20000188 <__xPortLockInternalSpinUnlockWithBestEffortWaitOrTimeout_veneer>:
20000188:	b401      	push	{r0}
2000018a:	4802      	ldr	r0, [pc, #8]	@ (20000194 <__xPortLockInternalSpinUnlockWithBestEffortWaitOrTimeout_veneer+0xc>)
2000018c:	4684      	mov	ip, r0
2000018e:	bc01      	pop	{r0}
20000190:	4760      	bx	ip
20000192:	bf00      	nop
20000194:	10001d9d 	.word	0x10001d9d

20000198 <__vPortLockInternalSpinUnlockWithNotify_veneer>:
20000198:	b401      	push	{r0}
2000019a:	4802      	ldr	r0, [pc, #8]	@ (200001a4 <__vPortLockInternalSpinUnlockWithNotify_veneer+0xc>)
2000019c:	4684      	mov	ip, r0
2000019e:	bc01      	pop	{r0}
200001a0:	4760      	bx	ip
200001a2:	bf00      	nop
200001a4:	10001d1d 	.word	0x10001d1d

200001a8 <__ulPortLockGetCurrentOwnerId_veneer>:
200001a8:	b401      	push	{r0}
200001aa:	4802      	ldr	r0, [pc, #8]	@ (200001b4 <__ulPortLockGetCurrentOwnerId_veneer+0xc>)
200001ac:	4684      	mov	ip, r0
200001ae:	bc01      	pop	{r0}
200001b0:	4760      	bx	ip
200001b2:	bf00      	nop
200001b4:	10001ced 	.word	0x10001ced

200001b8 <striped_spin_lock_num>:
200001b8:	00000010                                ....

200001bc <default_alarm_pool>:
	...
200001d0:	20000218 00000000 00000000 00000000     ... ............

200001e0 <aeabi_bits_funcs>:
200001e0:	00003350 	.word	0x00003350
200001e4:	0000334c 	.word	0x0000334c
200001e8:	00003354 	.word	0x00003354
200001ec:	00003352 	.word	0x00003352

200001f0 <aeabi_bits_funcs_end>:
200001f0:	0000534d 	.word	0x0000534d
200001f4:	0000434d 	.word	0x0000434d
200001f8:	00003453 	.word	0x00003453
200001fc:	00003443 	.word	0x00003443

20000200 <ucPrimaryCoreNum>:
20000200:	000000ff                                ....

20000204 <__atexit_recursive_mutex>:
20000204:	20000788                                ... 

20000208 <malloc_mutex>:
	...

20000210 <print_mutex>:
	...
